0
SECTION
2
HEADER
9
$ACADVER
1
AC1015
9
$LASTSAVEDBY
1
@tarikjabiri/dxf
9
$HANDSEED
5
10CA
9
$INSUNITS
70
0
9
$CLAYER
8
0
9
$VIEWCTR
10
321.5
20
183
0
ENDSEC
0
SECTION
2
CLASSES
0
ENDSEC
0
SECTION
2
TABLES
0
TABLE
2
VPORT
5
1
330
0
100
AcDbSymbolTable
70
1
0
VPORT
5
19
330
1
100
AcDbSymbolTableRecord
100
AcDbViewportTableRecord
2
*Active
70
0
10
0
20
0
11
1
21
1
12
321.5
22
183
13
0
23
0
14
10
24
10
15
10
25
10
16
0
26
0
36
1
17
0
27
0
37
0
40
366
41
2
42
50
43
0
44
0
50
0
51
0
71
0
72
100
73
1
74
3
75
0
76
1
77
0
78
0
281
0
65
1
110
0
120
0
130
0
111
1
121
0
131
0
112
0
122
1
132
0
79
0
146
0
348
10020
60
7
61
5
292
1
282
1
141
0
142
0
63
250
421
3358443
0
ENDTAB
0
TABLE
2
LTYPE
5
2
330
0
100
AcDbSymbolTable
70
3
0
LTYPE
5
12
330
2
100
AcDbSymbolTableRecord
100
AcDbLinetypeTableRecord
2
ByBlock
70
0
3

72
65
73
0
40
0
0
LTYPE
5
13
330
2
100
AcDbSymbolTableRecord
100
AcDbLinetypeTableRecord
2
ByLayer
70
0
3

72
65
73
0
40
0
0
LTYPE
5
14
330
2
100
AcDbSymbolTableRecord
100
AcDbLinetypeTableRecord
2
Continuous
70
0
3
Solid line
72
65
73
0
40
0
0
ENDTAB
0
TABLE
2
LAYER
5
3
330
0
100
AcDbSymbolTable
70
1
0
LAYER
5
15
330
3
100
AcDbSymbolTableRecord
100
AcDbLayerTableRecord
2
0
70
0
62
7
6
Continuous
370
0
390
0
0
ENDTAB
0
TABLE
2
STYLE
5
4
330
0
100
AcDbSymbolTable
70
1
0
STYLE
5
16
330
4
100
AcDbSymbolTableRecord
100
AcDbTextStyleTableRecord
2
Standard
70
0
40
0
41
1
50
0
71
0
42
1
3
txt
4

0
ENDTAB
0
TABLE
2
VIEW
5
5
330
0
100
AcDbSymbolTable
70
0
0
ENDTAB
0
TABLE
2
UCS
5
6
330
0
100
AcDbSymbolTable
70
0
0
ENDTAB
0
TABLE
2
APPID
5
7
330
0
100
AcDbSymbolTable
70
1
0
APPID
5
17
330
7
100
AcDbSymbolTableRecord
100
AcDbRegAppTableRecord
2
ACAD
70
0
0
ENDTAB
0
TABLE
2
DIMSTYLE
5
8
330
0
100
AcDbSymbolTable
70
1
100
AcDbDimStyleTable
0
DIMSTYLE
105
18
330
8
100
AcDbSymbolTableRecord
100
AcDbDimStyleTableRecord
2
Standard
70
0
340
16
0
ENDTAB
0
TABLE
2
BLOCK_RECORD
5
9
330
0
100
AcDbSymbolTable
70
2
0
BLOCK_RECORD
5
C
330
9
100
AcDbSymbolTableRecord
100
AcDbBlockTableRecord
2
*Model_Space
70
0
280
1
281
0
0
BLOCK_RECORD
5
F
330
9
100
AcDbSymbolTableRecord
100
AcDbBlockTableRecord
2
*Paper_Space
70
0
280
1
281
0
0
ENDTAB
0
ENDSEC
0
SECTION
2
BLOCKS
0
BLOCK
5
D
330
C
100
AcDbEntity
8
0
100
AcDbBlockBegin
2
*Model_Space
70
0
10
0
20
0
30
0
3
*Model_Space
1

0
ENDBLK
5
E
100
AcDbEntity
8
0
100
AcDbBlockEnd
0
BLOCK
5
10
330
F
100
AcDbEntity
8
0
100
AcDbBlockBegin
2
*Paper_Space
70
0
10
0
20
0
30
0
3
*Paper_Space
1

0
ENDBLK
5
11
100
AcDbEntity
8
0
100
AcDbBlockEnd
0
ENDSEC
0
SECTION
2
ENTITIES
0
LINE
5
1A
330
C
100
AcDbEntity
8
0
100
AcDbLine
10
317
20
11.5
30
0
11
320
21
11.5
31
0
0
LINE
5
1B
330
C
100
AcDbEntity
8
0
100
AcDbLine
10
320
20
11.5
30
0
11
320
21
31.5
31
0
0
LINE
5
1C
330
C
100
AcDbEntity
8
0
100
AcDbLine
10
320
20
31.5
30
0
11
317
21
31.5
31
0
0
LINE
5
1D
330
C
100
AcDbEntity
8
0
100
AcDbLine
10
317
20
31.5
30
0
11
317
21
51.5
31
0
0
LINE
5
1E
330
C
100
AcDbEntity
8
0
100
AcDbLine
10
317
20
51.5
30
0
11
320
21
51.5
31
0
0
LINE
5
1F
330
C
100
AcDbEntity
8
0
100
AcDbLine
10
320
20
51.5
30
0
11
320
21
71.5
31
0
0
LINE
5
20
330
C
100
AcDbEntity
8
0
100
AcDbLine
10
320
20
71.5
30
0
11
317
21
71.5
31
0
0
LINE
5
21
330
C
100
AcDbEntity
8
0
100
AcDbLine
10
317
20
71.5
30
0
11
317
21
91.5
31
0
0
LINE
5
22
330
C
100
AcDbEntity
8
0
100
AcDbLine
10
317
20
91.5
30
0
11
320
21
91.5
31
0
0
LINE
5
23
330
C
100
AcDbEntity
8
0
100
AcDbLine
10
320
20
91.5
30
0
11
320
21
111.5
31
0
0
LINE
5
24
330
C
100
AcDbEntity
8
0
100
AcDbLine
10
320
20
111.5
30
0
11
317
21
111.5
31
0
0
LINE
5
25
330
C
100
AcDbEntity
8
0
100
AcDbLine
10
317
20
111.5
30
0
11
317
21
120
31
0
0
LINE
5
26
330
C
100
AcDbEntity
8
0
100
AcDbLine
10
317
20
120
30
0
11
3
21
120
31
0
0
LINE
5
27
330
C
100
AcDbEntity
8
0
100
AcDbLine
10
3
20
120
30
0
11
3
21
111.5
31
0
0
LINE
5
28
330
C
100
AcDbEntity
8
0
100
AcDbLine
10
3
20
111.5
30
0
11
0
21
111.5
31
0
0
LINE
5
29
330
C
100
AcDbEntity
8
0
100
AcDbLine
10
0
20
111.5
30
0
11
0
21
91.5
31
0
0
LINE
5
2A
330
C
100
AcDbEntity
8
0
100
AcDbLine
10
0
20
91.5
30
0
11
3
21
91.5
31
0
0
LINE
5
2B
330
C
100
AcDbEntity
8
0
100
AcDbLine
10
3
20
91.5
30
0
11
3
21
71.5
31
0
0
LINE
5
2C
330
C
100
AcDbEntity
8
0
100
AcDbLine
10
3
20
71.5
30
0
11
0
21
71.5
31
0
0
LINE
5
2D
330
C
100
AcDbEntity
8
0
100
AcDbLine
10
0
20
71.5
30
0
11
0
21
51.5
31
0
0
LINE
5
2E
330
C
100
AcDbEntity
8
0
100
AcDbLine
10
0
20
51.5
30
0
11
3
21
51.5
31
0
0
LINE
5
2F
330
C
100
AcDbEntity
8
0
100
AcDbLine
10
3
20
51.5
30
0
11
3
21
31.5
31
0
0
LINE
5
30
330
C
100
AcDbEntity
8
0
100
AcDbLine
10
3
20
31.5
30
0
11
0
21
31.5
31
0
0
LINE
5
31
330
C
100
AcDbEntity
8
0
100
AcDbLine
10
0
20
31.5
30
0
11
0
21
11.5
31
0
0
LINE
5
32
330
C
100
AcDbEntity
8
0
100
AcDbLine
10
0
20
11.5
30
0
11
3
21
11.5
31
0
0
LINE
5
33
330
C
100
AcDbEntity
8
0
100
AcDbLine
10
3
20
11.5
30
0
11
3
21
3
31
0
0
LINE
5
34
330
C
100
AcDbEntity
8
0
100
AcDbLine
10
3
20
3
30
0
11
3
21
0
31
0
0
LINE
5
35
330
C
100
AcDbEntity
8
0
100
AcDbLine
10
3
20
0
30
0
11
10
21
0
31
0
0
LINE
5
36
330
C
100
AcDbEntity
8
0
100
AcDbLine
10
10
20
0
30
0
11
10
21
3
31
0
0
LINE
5
37
330
C
100
AcDbEntity
8
0
100
AcDbLine
10
10
20
3
30
0
11
30
21
3
31
0
0
LINE
5
38
330
C
100
AcDbEntity
8
0
100
AcDbLine
10
30
20
3
30
0
11
30
21
0
31
0
0
LINE
5
39
330
C
100
AcDbEntity
8
0
100
AcDbLine
10
30
20
0
30
0
11
50
21
0
31
0
0
LINE
5
3A
330
C
100
AcDbEntity
8
0
100
AcDbLine
10
50
20
0
30
0
11
50
21
3
31
0
0
LINE
5
3B
330
C
100
AcDbEntity
8
0
100
AcDbLine
10
50
20
3
30
0
11
70
21
3
31
0
0
LINE
5
3C
330
C
100
AcDbEntity
8
0
100
AcDbLine
10
70
20
3
30
0
11
70
21
0
31
0
0
LINE
5
3D
330
C
100
AcDbEntity
8
0
100
AcDbLine
10
70
20
0
30
0
11
90
21
0
31
0
0
LINE
5
3E
330
C
100
AcDbEntity
8
0
100
AcDbLine
10
90
20
0
30
0
11
90
21
3
31
0
0
LINE
5
3F
330
C
100
AcDbEntity
8
0
100
AcDbLine
10
90
20
3
30
0
11
110
21
3
31
0
0
LINE
5
40
330
C
100
AcDbEntity
8
0
100
AcDbLine
10
110
20
3
30
0
11
110
21
0
31
0
0
LINE
5
41
330
C
100
AcDbEntity
8
0
100
AcDbLine
10
110
20
0
30
0
11
130
21
0
31
0
0
LINE
5
42
330
C
100
AcDbEntity
8
0
100
AcDbLine
10
130
20
0
30
0
11
130
21
3
31
0
0
LINE
5
43
330
C
100
AcDbEntity
8
0
100
AcDbLine
10
130
20
3
30
0
11
150
21
3
31
0
0
LINE
5
44
330
C
100
AcDbEntity
8
0
100
AcDbLine
10
150
20
3
30
0
11
150
21
0
31
0
0
LINE
5
45
330
C
100
AcDbEntity
8
0
100
AcDbLine
10
150
20
0
30
0
11
170
21
0
31
0
0
LINE
5
46
330
C
100
AcDbEntity
8
0
100
AcDbLine
10
170
20
0
30
0
11
170
21
3
31
0
0
LINE
5
47
330
C
100
AcDbEntity
8
0
100
AcDbLine
10
170
20
3
30
0
11
190
21
3
31
0
0
LINE
5
48
330
C
100
AcDbEntity
8
0
100
AcDbLine
10
190
20
3
30
0
11
190
21
0
31
0
0
LINE
5
49
330
C
100
AcDbEntity
8
0
100
AcDbLine
10
190
20
0
30
0
11
210
21
0
31
0
0
LINE
5
4A
330
C
100
AcDbEntity
8
0
100
AcDbLine
10
210
20
0
30
0
11
210
21
3
31
0
0
LINE
5
4B
330
C
100
AcDbEntity
8
0
100
AcDbLine
10
210
20
3
30
0
11
230
21
3
31
0
0
LINE
5
4C
330
C
100
AcDbEntity
8
0
100
AcDbLine
10
230
20
3
30
0
11
230
21
0
31
0
0
LINE
5
4D
330
C
100
AcDbEntity
8
0
100
AcDbLine
10
230
20
0
30
0
11
250
21
0
31
0
0
LINE
5
4E
330
C
100
AcDbEntity
8
0
100
AcDbLine
10
250
20
0
30
0
11
250
21
3
31
0
0
LINE
5
4F
330
C
100
AcDbEntity
8
0
100
AcDbLine
10
250
20
3
30
0
11
270
21
3
31
0
0
LINE
5
50
330
C
100
AcDbEntity
8
0
100
AcDbLine
10
270
20
3
30
0
11
270
21
0
31
0
0
LINE
5
51
330
C
100
AcDbEntity
8
0
100
AcDbLine
10
270
20
0
30
0
11
290
21
0
31
0
0
LINE
5
52
330
C
100
AcDbEntity
8
0
100
AcDbLine
10
290
20
0
30
0
11
290
21
3
31
0
0
LINE
5
53
330
C
100
AcDbEntity
8
0
100
AcDbLine
10
290
20
3
30
0
11
310
21
3
31
0
0
LINE
5
54
330
C
100
AcDbEntity
8
0
100
AcDbLine
10
310
20
3
30
0
11
310
21
0
31
0
0
LINE
5
55
330
C
100
AcDbEntity
8
0
100
AcDbLine
10
310
20
0
30
0
11
317
21
0
31
0
0
LINE
5
56
330
C
100
AcDbEntity
8
0
100
AcDbLine
10
317
20
0
30
0
11
317
21
3
31
0
0
LINE
5
57
330
C
100
AcDbEntity
8
0
100
AcDbLine
10
317
20
3
30
0
11
317
21
11.5
31
0
0
LINE
5
58
330
C
100
AcDbEntity
8
0
100
AcDbLine
10
147.679
20
57.732
30
0
11
146.743
21
57.732
31
0
0
LINE
5
59
330
C
100
AcDbEntity
8
0
100
AcDbLine
10
146.743
20
57.732
30
0
11
146.743
21
65.268
31
0
0
LINE
5
5A
330
C
100
AcDbEntity
8
0
100
AcDbLine
10
146.743
20
65.268
30
0
11
151.327
21
65.268
31
0
0
LINE
5
5B
330
C
100
AcDbEntity
8
0
100
AcDbLine
10
151.327
20
65.268
30
0
11
151.327
21
64.464
31
0
0
LINE
5
5C
330
C
100
AcDbEntity
8
0
100
AcDbLine
10
151.327
20
64.464
30
0
11
147.679
21
64.464
31
0
0
LINE
5
5D
330
C
100
AcDbEntity
8
0
100
AcDbLine
10
147.679
20
64.464
30
0
11
147.679
21
61.956
31
0
0
LINE
5
5E
330
C
100
AcDbEntity
8
0
100
AcDbLine
10
147.679
20
61.956
30
0
11
151.075
21
61.956
31
0
0
LINE
5
5F
330
C
100
AcDbEntity
8
0
100
AcDbLine
10
151.075
20
61.956
30
0
11
151.075
21
61.152
31
0
0
LINE
5
60
330
C
100
AcDbEntity
8
0
100
AcDbLine
10
151.075
20
61.152
30
0
11
147.679
21
61.152
31
0
0
LINE
5
61
330
C
100
AcDbEntity
8
0
100
AcDbLine
10
147.679
20
61.152
30
0
11
147.679
21
57.732
31
0
0
LINE
5
62
330
C
100
AcDbEntity
8
0
100
AcDbLine
10
147.679
20
57.732
30
0
11
147.679
21
57.732
31
0
0
LINE
5
63
330
C
100
AcDbEntity
8
0
100
AcDbLine
10
153.967
20
57.732
30
0
11
153.031
21
57.732
31
0
0
LINE
5
64
330
C
100
AcDbEntity
8
0
100
AcDbLine
10
153.031
20
57.732
30
0
11
153.031
21
63.48
31
0
0
LINE
5
65
330
C
100
AcDbEntity
8
0
100
AcDbLine
10
153.031
20
63.48
30
0
11
153.967
21
63.48
31
0
0
LINE
5
66
330
C
100
AcDbEntity
8
0
100
AcDbLine
10
153.967
20
63.48
30
0
11
153.967
21
57.732
31
0
0
LINE
5
67
330
C
100
AcDbEntity
8
0
100
AcDbLine
10
153.967
20
57.732
30
0
11
153.967
21
57.732
31
0
0
LINE
5
68
330
C
100
AcDbEntity
8
0
100
AcDbLine
10
153.967
20
60.324
30
0
11
153.679
21
60.324
31
0
0
LINE
5
69
330
C
100
AcDbEntity
8
0
100
AcDbLine
10
153.679
20
60.324
30
0
11
153.681
21
60.539
31
0
0
LINE
5
6A
330
C
100
AcDbEntity
8
0
100
AcDbLine
10
153.681
20
60.539
30
0
11
153.687
21
60.746
31
0
0
LINE
5
6B
330
C
100
AcDbEntity
8
0
100
AcDbLine
10
153.687
20
60.746
30
0
11
153.698
21
60.946
31
0
0
LINE
5
6C
330
C
100
AcDbEntity
8
0
100
AcDbLine
10
153.698
20
60.946
30
0
11
153.713
21
61.139
31
0
0
LINE
5
6D
330
C
100
AcDbEntity
8
0
100
AcDbLine
10
153.713
20
61.139
30
0
11
153.732
21
61.324
31
0
0
LINE
5
6E
330
C
100
AcDbEntity
8
0
100
AcDbLine
10
153.732
20
61.324
30
0
11
153.755
21
61.502
31
0
0
LINE
5
6F
330
C
100
AcDbEntity
8
0
100
AcDbLine
10
153.755
20
61.502
30
0
11
153.782
21
61.672
31
0
0
LINE
5
70
330
C
100
AcDbEntity
8
0
100
AcDbLine
10
153.782
20
61.672
30
0
11
153.813
21
61.835
31
0
0
LINE
5
71
330
C
100
AcDbEntity
8
0
100
AcDbLine
10
153.813
20
61.835
30
0
11
153.849
21
61.991
31
0
0
LINE
5
72
330
C
100
AcDbEntity
8
0
100
AcDbLine
10
153.849
20
61.991
30
0
11
153.889
21
62.139
31
0
0
LINE
5
73
330
C
100
AcDbEntity
8
0
100
AcDbLine
10
153.889
20
62.139
30
0
11
153.933
21
62.28
31
0
0
LINE
5
74
330
C
100
AcDbEntity
8
0
100
AcDbLine
10
153.933
20
62.28
30
0
11
153.981
21
62.414
31
0
0
LINE
5
75
330
C
100
AcDbEntity
8
0
100
AcDbLine
10
153.981
20
62.414
30
0
11
154.033
21
62.54
31
0
0
LINE
5
76
330
C
100
AcDbEntity
8
0
100
AcDbLine
10
154.033
20
62.54
30
0
11
154.088
21
62.659
31
0
0
LINE
5
77
330
C
100
AcDbEntity
8
0
100
AcDbLine
10
154.088
20
62.659
30
0
11
154.148
21
62.77
31
0
0
LINE
5
78
330
C
100
AcDbEntity
8
0
100
AcDbLine
10
154.148
20
62.77
30
0
11
154.211
21
62.875
31
0
0
LINE
5
79
330
C
100
AcDbEntity
8
0
100
AcDbLine
10
154.211
20
62.875
30
0
11
154.279
21
62.972
31
0
0
LINE
5
7A
330
C
100
AcDbEntity
8
0
100
AcDbLine
10
154.279
20
62.972
30
0
11
154.35
21
63.062
31
0
0
LINE
5
7B
330
C
100
AcDbEntity
8
0
100
AcDbLine
10
154.35
20
63.062
30
0
11
154.425
21
63.144
31
0
0
LINE
5
7C
330
C
100
AcDbEntity
8
0
100
AcDbLine
10
154.425
20
63.144
30
0
11
154.504
21
63.219
31
0
0
LINE
5
7D
330
C
100
AcDbEntity
8
0
100
AcDbLine
10
154.504
20
63.219
30
0
11
154.587
21
63.287
31
0
0
LINE
5
7E
330
C
100
AcDbEntity
8
0
100
AcDbLine
10
154.587
20
63.287
30
0
11
154.673
21
63.348
31
0
0
LINE
5
7F
330
C
100
AcDbEntity
8
0
100
AcDbLine
10
154.673
20
63.348
30
0
11
154.763
21
63.401
31
0
0
LINE
5
80
330
C
100
AcDbEntity
8
0
100
AcDbLine
10
154.763
20
63.401
30
0
11
154.856
21
63.447
31
0
0
LINE
5
81
330
C
100
AcDbEntity
8
0
100
AcDbLine
10
154.856
20
63.447
30
0
11
154.953
21
63.487
31
0
0
LINE
5
82
330
C
100
AcDbEntity
8
0
100
AcDbLine
10
154.953
20
63.487
30
0
11
155.054
21
63.519
31
0
0
LINE
5
83
330
C
100
AcDbEntity
8
0
100
AcDbLine
10
155.054
20
63.519
30
0
11
155.158
21
63.544
31
0
0
LINE
5
84
330
C
100
AcDbEntity
8
0
100
AcDbLine
10
155.158
20
63.544
30
0
11
155.265
21
63.562
31
0
0
LINE
5
85
330
C
100
AcDbEntity
8
0
100
AcDbLine
10
155.265
20
63.562
30
0
11
155.376
21
63.572
31
0
0
LINE
5
86
330
C
100
AcDbEntity
8
0
100
AcDbLine
10
155.376
20
63.572
30
0
11
155.491
21
63.576
31
0
0
LINE
5
87
330
C
100
AcDbEntity
8
0
100
AcDbLine
10
155.491
20
63.576
30
0
11
155.491
21
63.576
31
0
0
LINE
5
88
330
C
100
AcDbEntity
8
0
100
AcDbLine
10
155.491
20
63.576
30
0
11
155.529
21
63.576
31
0
0
LINE
5
89
330
C
100
AcDbEntity
8
0
100
AcDbLine
10
155.529
20
63.576
30
0
11
155.566
21
63.575
31
0
0
LINE
5
8A
330
C
100
AcDbEntity
8
0
100
AcDbLine
10
155.566
20
63.575
30
0
11
155.603
21
63.574
31
0
0
LINE
5
8B
330
C
100
AcDbEntity
8
0
100
AcDbLine
10
155.603
20
63.574
30
0
11
155.639
21
63.572
31
0
0
LINE
5
8C
330
C
100
AcDbEntity
8
0
100
AcDbLine
10
155.639
20
63.572
30
0
11
155.675
21
63.569
31
0
0
LINE
5
8D
330
C
100
AcDbEntity
8
0
100
AcDbLine
10
155.675
20
63.569
30
0
11
155.71
21
63.566
31
0
0
LINE
5
8E
330
C
100
AcDbEntity
8
0
100
AcDbLine
10
155.71
20
63.566
30
0
11
155.744
21
63.563
31
0
0
LINE
5
8F
330
C
100
AcDbEntity
8
0
100
AcDbLine
10
155.744
20
63.563
30
0
11
155.777
21
63.559
31
0
0
LINE
5
90
330
C
100
AcDbEntity
8
0
100
AcDbLine
10
155.777
20
63.559
30
0
11
155.81
21
63.554
31
0
0
LINE
5
91
330
C
100
AcDbEntity
8
0
100
AcDbLine
10
155.81
20
63.554
30
0
11
155.842
21
63.549
31
0
0
LINE
5
92
330
C
100
AcDbEntity
8
0
100
AcDbLine
10
155.842
20
63.549
30
0
11
155.874
21
63.543
31
0
0
LINE
5
93
330
C
100
AcDbEntity
8
0
100
AcDbLine
10
155.874
20
63.543
30
0
11
155.906
21
63.537
31
0
0
LINE
5
94
330
C
100
AcDbEntity
8
0
100
AcDbLine
10
155.906
20
63.537
30
0
11
155.938
21
63.53
31
0
0
LINE
5
95
330
C
100
AcDbEntity
8
0
100
AcDbLine
10
155.938
20
63.53
30
0
11
155.97
21
63.523
31
0
0
LINE
5
96
330
C
100
AcDbEntity
8
0
100
AcDbLine
10
155.97
20
63.523
30
0
11
156.002
21
63.515
31
0
0
LINE
5
97
330
C
100
AcDbEntity
8
0
100
AcDbLine
10
156.002
20
63.515
30
0
11
156.034
21
63.507
31
0
0
LINE
5
98
330
C
100
AcDbEntity
8
0
100
AcDbLine
10
156.034
20
63.507
30
0
11
156.066
21
63.498
31
0
0
LINE
5
99
330
C
100
AcDbEntity
8
0
100
AcDbLine
10
156.066
20
63.498
30
0
11
156.098
21
63.489
31
0
0
LINE
5
9A
330
C
100
AcDbEntity
8
0
100
AcDbLine
10
156.098
20
63.489
30
0
11
156.131
21
63.479
31
0
0
LINE
5
9B
330
C
100
AcDbEntity
8
0
100
AcDbLine
10
156.131
20
63.479
30
0
11
156.163
21
63.468
31
0
0
LINE
5
9C
330
C
100
AcDbEntity
8
0
100
AcDbLine
10
156.163
20
63.468
30
0
11
156.163
21
63.468
31
0
0
LINE
5
9D
330
C
100
AcDbEntity
8
0
100
AcDbLine
10
156.163
20
63.468
30
0
11
156.103
21
62.544
31
0
0
LINE
5
9E
330
C
100
AcDbEntity
8
0
100
AcDbLine
10
156.103
20
62.544
30
0
11
156.069
21
62.555
31
0
0
LINE
5
9F
330
C
100
AcDbEntity
8
0
100
AcDbLine
10
156.069
20
62.555
30
0
11
156.035
21
62.565
31
0
0
LINE
5
A0
330
C
100
AcDbEntity
8
0
100
AcDbLine
10
156.035
20
62.565
30
0
11
156
21
62.575
31
0
0
LINE
5
A1
330
C
100
AcDbEntity
8
0
100
AcDbLine
10
156
20
62.575
30
0
11
155.964
21
62.585
31
0
0
LINE
5
A2
330
C
100
AcDbEntity
8
0
100
AcDbLine
10
155.964
20
62.585
30
0
11
155.928
21
62.594
31
0
0
LINE
5
A3
330
C
100
AcDbEntity
8
0
100
AcDbLine
10
155.928
20
62.594
30
0
11
155.891
21
62.603
31
0
0
LINE
5
A4
330
C
100
AcDbEntity
8
0
100
AcDbLine
10
155.891
20
62.603
30
0
11
155.853
21
62.612
31
0
0
LINE
5
A5
330
C
100
AcDbEntity
8
0
100
AcDbLine
10
155.853
20
62.612
30
0
11
155.815
21
62.621
31
0
0
LINE
5
A6
330
C
100
AcDbEntity
8
0
100
AcDbLine
10
155.815
20
62.621
30
0
11
155.776
21
62.629
31
0
0
LINE
5
A7
330
C
100
AcDbEntity
8
0
100
AcDbLine
10
155.776
20
62.629
30
0
11
155.737
21
62.637
31
0
0
LINE
5
A8
330
C
100
AcDbEntity
8
0
100
AcDbLine
10
155.737
20
62.637
30
0
11
155.698
21
62.644
31
0
0
LINE
5
A9
330
C
100
AcDbEntity
8
0
100
AcDbLine
10
155.698
20
62.644
30
0
11
155.659
21
62.651
31
0
0
LINE
5
AA
330
C
100
AcDbEntity
8
0
100
AcDbLine
10
155.659
20
62.651
30
0
11
155.622
21
62.657
31
0
0
LINE
5
AB
330
C
100
AcDbEntity
8
0
100
AcDbLine
10
155.622
20
62.657
30
0
11
155.585
21
62.662
31
0
0
LINE
5
AC
330
C
100
AcDbEntity
8
0
100
AcDbLine
10
155.585
20
62.662
30
0
11
155.549
21
62.666
31
0
0
LINE
5
AD
330
C
100
AcDbEntity
8
0
100
AcDbLine
10
155.549
20
62.666
30
0
11
155.515
21
62.67
31
0
0
LINE
5
AE
330
C
100
AcDbEntity
8
0
100
AcDbLine
10
155.515
20
62.67
30
0
11
155.48
21
62.672
31
0
0
LINE
5
AF
330
C
100
AcDbEntity
8
0
100
AcDbLine
10
155.48
20
62.672
30
0
11
155.447
21
62.674
31
0
0
LINE
5
B0
330
C
100
AcDbEntity
8
0
100
AcDbLine
10
155.447
20
62.674
30
0
11
155.415
21
62.676
31
0
0
LINE
5
B1
330
C
100
AcDbEntity
8
0
100
AcDbLine
10
155.415
20
62.676
30
0
11
155.383
21
62.676
31
0
0
LINE
5
B2
330
C
100
AcDbEntity
8
0
100
AcDbLine
10
155.383
20
62.676
30
0
11
155.383
21
62.676
31
0
0
LINE
5
B3
330
C
100
AcDbEntity
8
0
100
AcDbLine
10
155.383
20
62.676
30
0
11
155.283
21
62.673
31
0
0
LINE
5
B4
330
C
100
AcDbEntity
8
0
100
AcDbLine
10
155.283
20
62.673
30
0
11
155.187
21
62.664
31
0
0
LINE
5
B5
330
C
100
AcDbEntity
8
0
100
AcDbLine
10
155.187
20
62.664
30
0
11
155.095
21
62.65
31
0
0
LINE
5
B6
330
C
100
AcDbEntity
8
0
100
AcDbLine
10
155.095
20
62.65
30
0
11
155.007
21
62.629
31
0
0
LINE
5
B7
330
C
100
AcDbEntity
8
0
100
AcDbLine
10
155.007
20
62.629
30
0
11
154.923
21
62.603
31
0
0
LINE
5
B8
330
C
100
AcDbEntity
8
0
100
AcDbLine
10
154.923
20
62.603
30
0
11
154.842
21
62.571
31
0
0
LINE
5
B9
330
C
100
AcDbEntity
8
0
100
AcDbLine
10
154.842
20
62.571
30
0
11
154.766
21
62.533
31
0
0
LINE
5
BA
330
C
100
AcDbEntity
8
0
100
AcDbLine
10
154.766
20
62.533
30
0
11
154.694
21
62.49
31
0
0
LINE
5
BB
330
C
100
AcDbEntity
8
0
100
AcDbLine
10
154.694
20
62.49
30
0
11
154.625
21
62.44
31
0
0
LINE
5
BC
330
C
100
AcDbEntity
8
0
100
AcDbLine
10
154.625
20
62.44
30
0
11
154.561
21
62.385
31
0
0
LINE
5
BD
330
C
100
AcDbEntity
8
0
100
AcDbLine
10
154.561
20
62.385
30
0
11
154.5
21
62.324
31
0
0
LINE
5
BE
330
C
100
AcDbEntity
8
0
100
AcDbLine
10
154.5
20
62.324
30
0
11
154.443
21
62.259
31
0
0
LINE
5
BF
330
C
100
AcDbEntity
8
0
100
AcDbLine
10
154.443
20
62.259
30
0
11
154.389
21
62.189
31
0
0
LINE
5
C0
330
C
100
AcDbEntity
8
0
100
AcDbLine
10
154.389
20
62.189
30
0
11
154.339
21
62.114
31
0
0
LINE
5
C1
330
C
100
AcDbEntity
8
0
100
AcDbLine
10
154.339
20
62.114
30
0
11
154.292
21
62.035
31
0
0
LINE
5
C2
330
C
100
AcDbEntity
8
0
100
AcDbLine
10
154.292
20
62.035
30
0
11
154.248
21
61.95
31
0
0
LINE
5
C3
330
C
100
AcDbEntity
8
0
100
AcDbLine
10
154.248
20
61.95
30
0
11
154.208
21
61.861
31
0
0
LINE
5
C4
330
C
100
AcDbEntity
8
0
100
AcDbLine
10
154.208
20
61.861
30
0
11
154.171
21
61.768
31
0
0
LINE
5
C5
330
C
100
AcDbEntity
8
0
100
AcDbLine
10
154.171
20
61.768
30
0
11
154.138
21
61.669
31
0
0
LINE
5
C6
330
C
100
AcDbEntity
8
0
100
AcDbLine
10
154.138
20
61.669
30
0
11
154.108
21
61.566
31
0
0
LINE
5
C7
330
C
100
AcDbEntity
8
0
100
AcDbLine
10
154.108
20
61.566
30
0
11
154.081
21
61.459
31
0
0
LINE
5
C8
330
C
100
AcDbEntity
8
0
100
AcDbLine
10
154.081
20
61.459
30
0
11
154.057
21
61.347
31
0
0
LINE
5
C9
330
C
100
AcDbEntity
8
0
100
AcDbLine
10
154.057
20
61.347
30
0
11
154.036
21
61.232
31
0
0
LINE
5
CA
330
C
100
AcDbEntity
8
0
100
AcDbLine
10
154.036
20
61.232
30
0
11
154.018
21
61.114
31
0
0
LINE
5
CB
330
C
100
AcDbEntity
8
0
100
AcDbLine
10
154.018
20
61.114
30
0
11
154.002
21
60.992
31
0
0
LINE
5
CC
330
C
100
AcDbEntity
8
0
100
AcDbLine
10
154.002
20
60.992
30
0
11
153.99
21
60.865
31
0
0
LINE
5
CD
330
C
100
AcDbEntity
8
0
100
AcDbLine
10
153.99
20
60.865
30
0
11
153.98
21
60.736
31
0
0
LINE
5
CE
330
C
100
AcDbEntity
8
0
100
AcDbLine
10
153.98
20
60.736
30
0
11
153.973
21
60.602
31
0
0
LINE
5
CF
330
C
100
AcDbEntity
8
0
100
AcDbLine
10
153.973
20
60.602
30
0
11
153.968
21
60.465
31
0
0
LINE
5
D0
330
C
100
AcDbEntity
8
0
100
AcDbLine
10
153.968
20
60.465
30
0
11
153.967
21
60.324
31
0
0
LINE
5
D1
330
C
100
AcDbEntity
8
0
100
AcDbLine
10
153.967
20
60.324
30
0
11
153.967
21
60.324
31
0
0
LINE
5
D2
330
C
100
AcDbEntity
8
0
100
AcDbLine
10
153.967
20
60.324
30
0
11
153.967
21
60.324
31
0
0
LINE
5
D3
330
C
100
AcDbEntity
8
0
100
AcDbLine
10
159.445
20
57.588
30
0
11
159.445
21
57.588
31
0
0
LINE
5
D4
330
C
100
AcDbEntity
8
0
100
AcDbLine
10
159.445
20
57.588
30
0
11
159.292
21
57.591
31
0
0
LINE
5
D5
330
C
100
AcDbEntity
8
0
100
AcDbLine
10
159.292
20
57.591
30
0
11
159.142
21
57.602
31
0
0
LINE
5
D6
330
C
100
AcDbEntity
8
0
100
AcDbLine
10
159.142
20
57.602
30
0
11
158.996
21
57.619
31
0
0
LINE
5
D7
330
C
100
AcDbEntity
8
0
100
AcDbLine
10
158.996
20
57.619
30
0
11
158.853
21
57.643
31
0
0
LINE
5
D8
330
C
100
AcDbEntity
8
0
100
AcDbLine
10
158.853
20
57.643
30
0
11
158.714
21
57.673
31
0
0
LINE
5
D9
330
C
100
AcDbEntity
8
0
100
AcDbLine
10
158.714
20
57.673
30
0
11
158.578
21
57.711
31
0
0
LINE
5
DA
330
C
100
AcDbEntity
8
0
100
AcDbLine
10
158.578
20
57.711
30
0
11
158.445
21
57.756
31
0
0
LINE
5
DB
330
C
100
AcDbEntity
8
0
100
AcDbLine
10
158.445
20
57.756
30
0
11
158.316
21
57.807
31
0
0
LINE
5
DC
330
C
100
AcDbEntity
8
0
100
AcDbLine
10
158.316
20
57.807
30
0
11
158.19
21
57.865
31
0
0
LINE
5
DD
330
C
100
AcDbEntity
8
0
100
AcDbLine
10
158.19
20
57.865
30
0
11
158.068
21
57.93
31
0
0
LINE
5
DE
330
C
100
AcDbEntity
8
0
100
AcDbLine
10
158.068
20
57.93
30
0
11
157.95
21
58.002
31
0
0
LINE
5
DF
330
C
100
AcDbEntity
8
0
100
AcDbLine
10
157.95
20
58.002
30
0
11
157.837
21
58.08
31
0
0
LINE
5
E0
330
C
100
AcDbEntity
8
0
100
AcDbLine
10
157.837
20
58.08
30
0
11
157.729
21
58.165
31
0
0
LINE
5
E1
330
C
100
AcDbEntity
8
0
100
AcDbLine
10
157.729
20
58.165
30
0
11
157.626
21
58.256
31
0
0
LINE
5
E2
330
C
100
AcDbEntity
8
0
100
AcDbLine
10
157.626
20
58.256
30
0
11
157.529
21
58.355
31
0
0
LINE
5
E3
330
C
100
AcDbEntity
8
0
100
AcDbLine
10
157.529
20
58.355
30
0
11
157.436
21
58.459
31
0
0
LINE
5
E4
330
C
100
AcDbEntity
8
0
100
AcDbLine
10
157.436
20
58.459
30
0
11
157.349
21
58.571
31
0
0
LINE
5
E5
330
C
100
AcDbEntity
8
0
100
AcDbLine
10
157.349
20
58.571
30
0
11
157.266
21
58.688
31
0
0
LINE
5
E6
330
C
100
AcDbEntity
8
0
100
AcDbLine
10
157.266
20
58.688
30
0
11
157.189
21
58.813
31
0
0
LINE
5
E7
330
C
100
AcDbEntity
8
0
100
AcDbLine
10
157.189
20
58.813
30
0
11
157.117
21
58.944
31
0
0
LINE
5
E8
330
C
100
AcDbEntity
8
0
100
AcDbLine
10
157.117
20
58.944
30
0
11
157.051
21
59.082
31
0
0
LINE
5
E9
330
C
100
AcDbEntity
8
0
100
AcDbLine
10
157.051
20
59.082
30
0
11
156.992
21
59.225
31
0
0
LINE
5
EA
330
C
100
AcDbEntity
8
0
100
AcDbLine
10
156.992
20
59.225
30
0
11
156.94
21
59.375
31
0
0
LINE
5
EB
330
C
100
AcDbEntity
8
0
100
AcDbLine
10
156.94
20
59.375
30
0
11
156.894
21
59.532
31
0
0
LINE
5
EC
330
C
100
AcDbEntity
8
0
100
AcDbLine
10
156.894
20
59.532
30
0
11
156.856
21
59.694
31
0
0
LINE
5
ED
330
C
100
AcDbEntity
8
0
100
AcDbLine
10
156.856
20
59.694
30
0
11
156.825
21
59.863
31
0
0
LINE
5
EE
330
C
100
AcDbEntity
8
0
100
AcDbLine
10
156.825
20
59.863
30
0
11
156.8
21
60.038
31
0
0
LINE
5
EF
330
C
100
AcDbEntity
8
0
100
AcDbLine
10
156.8
20
60.038
30
0
11
156.783
21
60.219
31
0
0
LINE
5
F0
330
C
100
AcDbEntity
8
0
100
AcDbLine
10
156.783
20
60.219
30
0
11
156.772
21
60.406
31
0
0
LINE
5
F1
330
C
100
AcDbEntity
8
0
100
AcDbLine
10
156.772
20
60.406
30
0
11
156.769
21
60.6
31
0
0
LINE
5
F2
330
C
100
AcDbEntity
8
0
100
AcDbLine
10
156.769
20
60.6
30
0
11
156.769
21
60.6
31
0
0
LINE
5
F3
330
C
100
AcDbEntity
8
0
100
AcDbLine
10
156.769
20
60.6
30
0
11
156.772
21
60.795
31
0
0
LINE
5
F4
330
C
100
AcDbEntity
8
0
100
AcDbLine
10
156.772
20
60.795
30
0
11
156.783
21
60.983
31
0
0
LINE
5
F5
330
C
100
AcDbEntity
8
0
100
AcDbLine
10
156.783
20
60.983
30
0
11
156.8
21
61.165
31
0
0
LINE
5
F6
330
C
100
AcDbEntity
8
0
100
AcDbLine
10
156.8
20
61.165
30
0
11
156.825
21
61.341
31
0
0
LINE
5
F7
330
C
100
AcDbEntity
8
0
100
AcDbLine
10
156.825
20
61.341
30
0
11
156.856
21
61.51
31
0
0
LINE
5
F8
330
C
100
AcDbEntity
8
0
100
AcDbLine
10
156.856
20
61.51
30
0
11
156.894
21
61.672
31
0
0
LINE
5
F9
330
C
100
AcDbEntity
8
0
100
AcDbLine
10
156.894
20
61.672
30
0
11
156.94
21
61.829
31
0
0
LINE
5
FA
330
C
100
AcDbEntity
8
0
100
AcDbLine
10
156.94
20
61.829
30
0
11
156.992
21
61.979
31
0
0
LINE
5
FB
330
C
100
AcDbEntity
8
0
100
AcDbLine
10
156.992
20
61.979
30
0
11
157.051
21
62.122
31
0
0
LINE
5
FC
330
C
100
AcDbEntity
8
0
100
AcDbLine
10
157.051
20
62.122
30
0
11
157.117
21
62.259
31
0
0
LINE
5
FD
330
C
100
AcDbEntity
8
0
100
AcDbLine
10
157.117
20
62.259
30
0
11
157.189
21
62.39
31
0
0
LINE
5
FE
330
C
100
AcDbEntity
8
0
100
AcDbLine
10
157.189
20
62.39
30
0
11
157.266
21
62.514
31
0
0
LINE
5
FF
330
C
100
AcDbEntity
8
0
100
AcDbLine
10
157.266
20
62.514
30
0
11
157.349
21
62.631
31
0
0
LINE
5
100
330
C
100
AcDbEntity
8
0
100
AcDbLine
10
157.349
20
62.631
30
0
11
157.436
21
62.742
31
0
0
LINE
5
101
330
C
100
AcDbEntity
8
0
100
AcDbLine
10
157.436
20
62.742
30
0
11
157.529
21
62.846
31
0
0
LINE
5
102
330
C
100
AcDbEntity
8
0
100
AcDbLine
10
157.529
20
62.846
30
0
11
157.626
21
62.944
31
0
0
LINE
5
103
330
C
100
AcDbEntity
8
0
100
AcDbLine
10
157.626
20
62.944
30
0
11
157.729
21
63.035
31
0
0
LINE
5
104
330
C
100
AcDbEntity
8
0
100
AcDbLine
10
157.729
20
63.035
30
0
11
157.837
21
63.12
31
0
0
LINE
5
105
330
C
100
AcDbEntity
8
0
100
AcDbLine
10
157.837
20
63.12
30
0
11
157.95
21
63.198
31
0
0
LINE
5
106
330
C
100
AcDbEntity
8
0
100
AcDbLine
10
157.95
20
63.198
30
0
11
158.068
21
63.27
31
0
0
LINE
5
107
330
C
100
AcDbEntity
8
0
100
AcDbLine
10
158.068
20
63.27
30
0
11
158.19
21
63.335
31
0
0
LINE
5
108
330
C
100
AcDbEntity
8
0
100
AcDbLine
10
158.19
20
63.335
30
0
11
158.316
21
63.393
31
0
0
LINE
5
109
330
C
100
AcDbEntity
8
0
100
AcDbLine
10
158.316
20
63.393
30
0
11
158.445
21
63.444
31
0
0
LINE
5
10A
330
C
100
AcDbEntity
8
0
100
AcDbLine
10
158.445
20
63.444
30
0
11
158.578
21
63.489
31
0
0
LINE
5
10B
330
C
100
AcDbEntity
8
0
100
AcDbLine
10
158.578
20
63.489
30
0
11
158.714
21
63.526
31
0
0
LINE
5
10C
330
C
100
AcDbEntity
8
0
100
AcDbLine
10
158.714
20
63.526
30
0
11
158.853
21
63.557
31
0
0
LINE
5
10D
330
C
100
AcDbEntity
8
0
100
AcDbLine
10
158.853
20
63.557
30
0
11
158.996
21
63.581
31
0
0
LINE
5
10E
330
C
100
AcDbEntity
8
0
100
AcDbLine
10
158.996
20
63.581
30
0
11
159.142
21
63.598
31
0
0
LINE
5
10F
330
C
100
AcDbEntity
8
0
100
AcDbLine
10
159.142
20
63.598
30
0
11
159.292
21
63.609
31
0
0
LINE
5
110
330
C
100
AcDbEntity
8
0
100
AcDbLine
10
159.292
20
63.609
30
0
11
159.445
21
63.612
31
0
0
LINE
5
111
330
C
100
AcDbEntity
8
0
100
AcDbLine
10
159.445
20
63.612
30
0
11
159.445
21
63.612
31
0
0
LINE
5
112
330
C
100
AcDbEntity
8
0
100
AcDbLine
10
159.445
20
63.612
30
0
11
159.597
21
63.609
31
0
0
LINE
5
113
330
C
100
AcDbEntity
8
0
100
AcDbLine
10
159.597
20
63.609
30
0
11
159.746
21
63.598
31
0
0
LINE
5
114
330
C
100
AcDbEntity
8
0
100
AcDbLine
10
159.746
20
63.598
30
0
11
159.891
21
63.581
31
0
0
LINE
5
115
330
C
100
AcDbEntity
8
0
100
AcDbLine
10
159.891
20
63.581
30
0
11
160.033
21
63.557
31
0
0
LINE
5
116
330
C
100
AcDbEntity
8
0
100
AcDbLine
10
160.033
20
63.557
30
0
11
160.172
21
63.526
31
0
0
LINE
5
117
330
C
100
AcDbEntity
8
0
100
AcDbLine
10
160.172
20
63.526
30
0
11
160.307
21
63.489
31
0
0
LINE
5
118
330
C
100
AcDbEntity
8
0
100
AcDbLine
10
160.307
20
63.489
30
0
11
160.439
21
63.444
31
0
0
LINE
5
119
330
C
100
AcDbEntity
8
0
100
AcDbLine
10
160.439
20
63.444
30
0
11
160.568
21
63.393
31
0
0
LINE
5
11A
330
C
100
AcDbEntity
8
0
100
AcDbLine
10
160.568
20
63.393
30
0
11
160.694
21
63.335
31
0
0
LINE
5
11B
330
C
100
AcDbEntity
8
0
100
AcDbLine
10
160.694
20
63.335
30
0
11
160.816
21
63.27
31
0
0
LINE
5
11C
330
C
100
AcDbEntity
8
0
100
AcDbLine
10
160.816
20
63.27
30
0
11
160.934
21
63.198
31
0
0
LINE
5
11D
330
C
100
AcDbEntity
8
0
100
AcDbLine
10
160.934
20
63.198
30
0
11
161.047
21
63.12
31
0
0
LINE
5
11E
330
C
100
AcDbEntity
8
0
100
AcDbLine
10
161.047
20
63.12
30
0
11
161.155
21
63.035
31
0
0
LINE
5
11F
330
C
100
AcDbEntity
8
0
100
AcDbLine
10
161.155
20
63.035
30
0
11
161.257
21
62.944
31
0
0
LINE
5
120
330
C
100
AcDbEntity
8
0
100
AcDbLine
10
161.257
20
62.944
30
0
11
161.355
21
62.846
31
0
0
LINE
5
121
330
C
100
AcDbEntity
8
0
100
AcDbLine
10
161.355
20
62.846
30
0
11
161.447
21
62.742
31
0
0
LINE
5
122
330
C
100
AcDbEntity
8
0
100
AcDbLine
10
161.447
20
62.742
30
0
11
161.534
21
62.631
31
0
0
LINE
5
123
330
C
100
AcDbEntity
8
0
100
AcDbLine
10
161.534
20
62.631
30
0
11
161.616
21
62.514
31
0
0
LINE
5
124
330
C
100
AcDbEntity
8
0
100
AcDbLine
10
161.616
20
62.514
30
0
11
161.692
21
62.39
31
0
0
LINE
5
125
330
C
100
AcDbEntity
8
0
100
AcDbLine
10
161.692
20
62.39
30
0
11
161.764
21
62.259
31
0
0
LINE
5
126
330
C
100
AcDbEntity
8
0
100
AcDbLine
10
161.764
20
62.259
30
0
11
161.83
21
62.122
31
0
0
LINE
5
127
330
C
100
AcDbEntity
8
0
100
AcDbLine
10
161.83
20
62.122
30
0
11
161.888
21
61.979
31
0
0
LINE
5
128
330
C
100
AcDbEntity
8
0
100
AcDbLine
10
161.888
20
61.979
30
0
11
161.94
21
61.829
31
0
0
LINE
5
129
330
C
100
AcDbEntity
8
0
100
AcDbLine
10
161.94
20
61.829
30
0
11
161.985
21
61.672
31
0
0
LINE
5
12A
330
C
100
AcDbEntity
8
0
100
AcDbLine
10
161.985
20
61.672
30
0
11
162.023
21
61.51
31
0
0
LINE
5
12B
330
C
100
AcDbEntity
8
0
100
AcDbLine
10
162.023
20
61.51
30
0
11
162.054
21
61.341
31
0
0
LINE
5
12C
330
C
100
AcDbEntity
8
0
100
AcDbLine
10
162.054
20
61.341
30
0
11
162.078
21
61.165
31
0
0
LINE
5
12D
330
C
100
AcDbEntity
8
0
100
AcDbLine
10
162.078
20
61.165
30
0
11
162.095
21
60.983
31
0
0
LINE
5
12E
330
C
100
AcDbEntity
8
0
100
AcDbLine
10
162.095
20
60.983
30
0
11
162.106
21
60.795
31
0
0
LINE
5
12F
330
C
100
AcDbEntity
8
0
100
AcDbLine
10
162.106
20
60.795
30
0
11
162.109
21
60.6
31
0
0
LINE
5
130
330
C
100
AcDbEntity
8
0
100
AcDbLine
10
162.109
20
60.6
30
0
11
162.109
21
60.6
31
0
0
LINE
5
131
330
C
100
AcDbEntity
8
0
100
AcDbLine
10
162.109
20
60.6
30
0
11
162.106
21
60.406
31
0
0
LINE
5
132
330
C
100
AcDbEntity
8
0
100
AcDbLine
10
162.106
20
60.406
30
0
11
162.095
21
60.219
31
0
0
LINE
5
133
330
C
100
AcDbEntity
8
0
100
AcDbLine
10
162.095
20
60.219
30
0
11
162.078
21
60.038
31
0
0
LINE
5
134
330
C
100
AcDbEntity
8
0
100
AcDbLine
10
162.078
20
60.038
30
0
11
162.054
21
59.863
31
0
0
LINE
5
135
330
C
100
AcDbEntity
8
0
100
AcDbLine
10
162.054
20
59.863
30
0
11
162.023
21
59.694
31
0
0
LINE
5
136
330
C
100
AcDbEntity
8
0
100
AcDbLine
10
162.023
20
59.694
30
0
11
161.985
21
59.532
31
0
0
LINE
5
137
330
C
100
AcDbEntity
8
0
100
AcDbLine
10
161.985
20
59.532
30
0
11
161.94
21
59.375
31
0
0
LINE
5
138
330
C
100
AcDbEntity
8
0
100
AcDbLine
10
161.94
20
59.375
30
0
11
161.888
21
59.225
31
0
0
LINE
5
139
330
C
100
AcDbEntity
8
0
100
AcDbLine
10
161.888
20
59.225
30
0
11
161.83
21
59.082
31
0
0
LINE
5
13A
330
C
100
AcDbEntity
8
0
100
AcDbLine
10
161.83
20
59.082
30
0
11
161.764
21
58.944
31
0
0
LINE
5
13B
330
C
100
AcDbEntity
8
0
100
AcDbLine
10
161.764
20
58.944
30
0
11
161.692
21
58.813
31
0
0
LINE
5
13C
330
C
100
AcDbEntity
8
0
100
AcDbLine
10
161.692
20
58.813
30
0
11
161.616
21
58.688
31
0
0
LINE
5
13D
330
C
100
AcDbEntity
8
0
100
AcDbLine
10
161.616
20
58.688
30
0
11
161.534
21
58.571
31
0
0
LINE
5
13E
330
C
100
AcDbEntity
8
0
100
AcDbLine
10
161.534
20
58.571
30
0
11
161.447
21
58.459
31
0
0
LINE
5
13F
330
C
100
AcDbEntity
8
0
100
AcDbLine
10
161.447
20
58.459
30
0
11
161.355
21
58.355
31
0
0
LINE
5
140
330
C
100
AcDbEntity
8
0
100
AcDbLine
10
161.355
20
58.355
30
0
11
161.257
21
58.256
31
0
0
LINE
5
141
330
C
100
AcDbEntity
8
0
100
AcDbLine
10
161.257
20
58.256
30
0
11
161.155
21
58.165
31
0
0
LINE
5
142
330
C
100
AcDbEntity
8
0
100
AcDbLine
10
161.155
20
58.165
30
0
11
161.047
21
58.08
31
0
0
LINE
5
143
330
C
100
AcDbEntity
8
0
100
AcDbLine
10
161.047
20
58.08
30
0
11
160.934
21
58.002
31
0
0
LINE
5
144
330
C
100
AcDbEntity
8
0
100
AcDbLine
10
160.934
20
58.002
30
0
11
160.816
21
57.93
31
0
0
LINE
5
145
330
C
100
AcDbEntity
8
0
100
AcDbLine
10
160.816
20
57.93
30
0
11
160.694
21
57.865
31
0
0
LINE
5
146
330
C
100
AcDbEntity
8
0
100
AcDbLine
10
160.694
20
57.865
30
0
11
160.568
21
57.807
31
0
0
LINE
5
147
330
C
100
AcDbEntity
8
0
100
AcDbLine
10
160.568
20
57.807
30
0
11
160.439
21
57.756
31
0
0
LINE
5
148
330
C
100
AcDbEntity
8
0
100
AcDbLine
10
160.439
20
57.756
30
0
11
160.307
21
57.711
31
0
0
LINE
5
149
330
C
100
AcDbEntity
8
0
100
AcDbLine
10
160.307
20
57.711
30
0
11
160.172
21
57.673
31
0
0
LINE
5
14A
330
C
100
AcDbEntity
8
0
100
AcDbLine
10
160.172
20
57.673
30
0
11
160.033
21
57.643
31
0
0
LINE
5
14B
330
C
100
AcDbEntity
8
0
100
AcDbLine
10
160.033
20
57.643
30
0
11
159.891
21
57.619
31
0
0
LINE
5
14C
330
C
100
AcDbEntity
8
0
100
AcDbLine
10
159.891
20
57.619
30
0
11
159.746
21
57.602
31
0
0
LINE
5
14D
330
C
100
AcDbEntity
8
0
100
AcDbLine
10
159.746
20
57.602
30
0
11
159.597
21
57.591
31
0
0
LINE
5
14E
330
C
100
AcDbEntity
8
0
100
AcDbLine
10
159.597
20
57.591
30
0
11
159.445
21
57.588
31
0
0
LINE
5
14F
330
C
100
AcDbEntity
8
0
100
AcDbLine
10
159.445
20
57.588
30
0
11
159.445
21
57.588
31
0
0
LINE
5
150
330
C
100
AcDbEntity
8
0
100
AcDbLine
10
159.421
20
58.404
30
0
11
159.421
21
58.404
31
0
0
LINE
5
151
330
C
100
AcDbEntity
8
0
100
AcDbLine
10
159.421
20
58.404
30
0
11
159.531
21
58.407
31
0
0
LINE
5
152
330
C
100
AcDbEntity
8
0
100
AcDbLine
10
159.531
20
58.407
30
0
11
159.637
21
58.415
31
0
0
LINE
5
153
330
C
100
AcDbEntity
8
0
100
AcDbLine
10
159.637
20
58.415
30
0
11
159.741
21
58.428
31
0
0
LINE
5
154
330
C
100
AcDbEntity
8
0
100
AcDbLine
10
159.741
20
58.428
30
0
11
159.841
21
58.447
31
0
0
LINE
5
155
330
C
100
AcDbEntity
8
0
100
AcDbLine
10
159.841
20
58.447
30
0
11
159.937
21
58.471
31
0
0
LINE
5
156
330
C
100
AcDbEntity
8
0
100
AcDbLine
10
159.937
20
58.471
30
0
11
160.03
21
58.5
31
0
0
LINE
5
157
330
C
100
AcDbEntity
8
0
100
AcDbLine
10
160.03
20
58.5
30
0
11
160.12
21
58.535
31
0
0
LINE
5
158
330
C
100
AcDbEntity
8
0
100
AcDbLine
10
160.12
20
58.535
30
0
11
160.206
21
58.575
31
0
0
LINE
5
159
330
C
100
AcDbEntity
8
0
100
AcDbLine
10
160.206
20
58.575
30
0
11
160.289
21
58.62
31
0
0
LINE
5
15A
330
C
100
AcDbEntity
8
0
100
AcDbLine
10
160.289
20
58.62
30
0
11
160.369
21
58.671
31
0
0
LINE
5
15B
330
C
100
AcDbEntity
8
0
100
AcDbLine
10
160.369
20
58.671
30
0
11
160.445
21
58.727
31
0
0
LINE
5
15C
330
C
100
AcDbEntity
8
0
100
AcDbLine
10
160.445
20
58.727
30
0
11
160.517
21
58.787
31
0
0
LINE
5
15D
330
C
100
AcDbEntity
8
0
100
AcDbLine
10
160.517
20
58.787
30
0
11
160.586
21
58.851
31
0
0
LINE
5
15E
330
C
100
AcDbEntity
8
0
100
AcDbLine
10
160.586
20
58.851
30
0
11
160.651
21
58.921
31
0
0
LINE
5
15F
330
C
100
AcDbEntity
8
0
100
AcDbLine
10
160.651
20
58.921
30
0
11
160.712
21
58.994
31
0
0
LINE
5
160
330
C
100
AcDbEntity
8
0
100
AcDbLine
10
160.712
20
58.994
30
0
11
160.769
21
59.072
31
0
0
LINE
5
161
330
C
100
AcDbEntity
8
0
100
AcDbLine
10
160.769
20
59.072
30
0
11
160.822
21
59.155
31
0
0
LINE
5
162
330
C
100
AcDbEntity
8
0
100
AcDbLine
10
160.822
20
59.155
30
0
11
160.872
21
59.242
31
0
0
LINE
5
163
330
C
100
AcDbEntity
8
0
100
AcDbLine
10
160.872
20
59.242
30
0
11
160.918
21
59.334
31
0
0
LINE
5
164
330
C
100
AcDbEntity
8
0
100
AcDbLine
10
160.918
20
59.334
30
0
11
160.96
21
59.43
31
0
0
LINE
5
165
330
C
100
AcDbEntity
8
0
100
AcDbLine
10
160.96
20
59.43
30
0
11
160.998
21
59.53
31
0
0
LINE
5
166
330
C
100
AcDbEntity
8
0
100
AcDbLine
10
160.998
20
59.53
30
0
11
161.032
21
59.634
31
0
0
LINE
5
167
330
C
100
AcDbEntity
8
0
100
AcDbLine
10
161.032
20
59.634
30
0
11
161.063
21
59.742
31
0
0
LINE
5
168
330
C
100
AcDbEntity
8
0
100
AcDbLine
10
161.063
20
59.742
30
0
11
161.089
21
59.853
31
0
0
LINE
5
169
330
C
100
AcDbEntity
8
0
100
AcDbLine
10
161.089
20
59.853
30
0
11
161.111
21
59.968
31
0
0
LINE
5
16A
330
C
100
AcDbEntity
8
0
100
AcDbLine
10
161.111
20
59.968
30
0
11
161.129
21
60.087
31
0
0
LINE
5
16B
330
C
100
AcDbEntity
8
0
100
AcDbLine
10
161.129
20
60.087
30
0
11
161.143
21
60.21
31
0
0
LINE
5
16C
330
C
100
AcDbEntity
8
0
100
AcDbLine
10
161.143
20
60.21
30
0
11
161.153
21
60.336
31
0
0
LINE
5
16D
330
C
100
AcDbEntity
8
0
100
AcDbLine
10
161.153
20
60.336
30
0
11
161.159
21
60.466
31
0
0
LINE
5
16E
330
C
100
AcDbEntity
8
0
100
AcDbLine
10
161.159
20
60.466
30
0
11
161.161
21
60.6
31
0
0
LINE
5
16F
330
C
100
AcDbEntity
8
0
100
AcDbLine
10
161.161
20
60.6
30
0
11
161.161
21
60.6
31
0
0
LINE
5
170
330
C
100
AcDbEntity
8
0
100
AcDbLine
10
161.161
20
60.6
30
0
11
161.157
21
60.801
31
0
0
LINE
5
171
330
C
100
AcDbEntity
8
0
100
AcDbLine
10
161.157
20
60.801
30
0
11
161.144
21
60.993
31
0
0
LINE
5
172
330
C
100
AcDbEntity
8
0
100
AcDbLine
10
161.144
20
60.993
30
0
11
161.123
21
61.176
31
0
0
LINE
5
173
330
C
100
AcDbEntity
8
0
100
AcDbLine
10
161.123
20
61.176
30
0
11
161.093
21
61.351
31
0
0
LINE
5
174
330
C
100
AcDbEntity
8
0
100
AcDbLine
10
161.093
20
61.351
30
0
11
161.054
21
61.517
31
0
0
LINE
5
175
330
C
100
AcDbEntity
8
0
100
AcDbLine
10
161.054
20
61.517
30
0
11
161.008
21
61.675
31
0
0
LINE
5
176
330
C
100
AcDbEntity
8
0
100
AcDbLine
10
161.008
20
61.675
30
0
11
160.952
21
61.823
31
0
0
LINE
5
177
330
C
100
AcDbEntity
8
0
100
AcDbLine
10
160.952
20
61.823
30
0
11
160.888
21
61.963
31
0
0
LINE
5
178
330
C
100
AcDbEntity
8
0
100
AcDbLine
10
160.888
20
61.963
30
0
11
160.816
21
62.094
31
0
0
LINE
5
179
330
C
100
AcDbEntity
8
0
100
AcDbLine
10
160.816
20
62.094
30
0
11
160.735
21
62.217
31
0
0
LINE
5
17A
330
C
100
AcDbEntity
8
0
100
AcDbLine
10
160.735
20
62.217
30
0
11
160.646
21
62.329
31
0
0
LINE
5
17B
330
C
100
AcDbEntity
8
0
100
AcDbLine
10
160.646
20
62.329
30
0
11
160.548
21
62.43
31
0
0
LINE
5
17C
330
C
100
AcDbEntity
8
0
100
AcDbLine
10
160.548
20
62.43
30
0
11
160.442
21
62.518
31
0
0
LINE
5
17D
330
C
100
AcDbEntity
8
0
100
AcDbLine
10
160.442
20
62.518
30
0
11
160.328
21
62.595
31
0
0
LINE
5
17E
330
C
100
AcDbEntity
8
0
100
AcDbLine
10
160.328
20
62.595
30
0
11
160.206
21
62.66
31
0
0
LINE
5
17F
330
C
100
AcDbEntity
8
0
100
AcDbLine
10
160.206
20
62.66
30
0
11
160.075
21
62.713
31
0
0
LINE
5
180
330
C
100
AcDbEntity
8
0
100
AcDbLine
10
160.075
20
62.713
30
0
11
159.936
21
62.755
31
0
0
LINE
5
181
330
C
100
AcDbEntity
8
0
100
AcDbLine
10
159.936
20
62.755
30
0
11
159.788
21
62.784
31
0
0
LINE
5
182
330
C
100
AcDbEntity
8
0
100
AcDbLine
10
159.788
20
62.784
30
0
11
159.633
21
62.802
31
0
0
LINE
5
183
330
C
100
AcDbEntity
8
0
100
AcDbLine
10
159.633
20
62.802
30
0
11
159.469
21
62.808
31
0
0
LINE
5
184
330
C
100
AcDbEntity
8
0
100
AcDbLine
10
159.469
20
62.808
30
0
11
159.469
21
62.808
31
0
0
LINE
5
185
330
C
100
AcDbEntity
8
0
100
AcDbLine
10
159.469
20
62.808
30
0
11
159.358
21
62.805
31
0
0
LINE
5
186
330
C
100
AcDbEntity
8
0
100
AcDbLine
10
159.358
20
62.805
30
0
11
159.25
21
62.797
31
0
0
LINE
5
187
330
C
100
AcDbEntity
8
0
100
AcDbLine
10
159.25
20
62.797
30
0
11
159.147
21
62.784
31
0
0
LINE
5
188
330
C
100
AcDbEntity
8
0
100
AcDbLine
10
159.147
20
62.784
30
0
11
159.046
21
62.765
31
0
0
LINE
5
189
330
C
100
AcDbEntity
8
0
100
AcDbLine
10
159.046
20
62.765
30
0
11
158.949
21
62.741
31
0
0
LINE
5
18A
330
C
100
AcDbEntity
8
0
100
AcDbLine
10
158.949
20
62.741
30
0
11
158.856
21
62.712
31
0
0
LINE
5
18B
330
C
100
AcDbEntity
8
0
100
AcDbLine
10
158.856
20
62.712
30
0
11
158.766
21
62.677
31
0
0
LINE
5
18C
330
C
100
AcDbEntity
8
0
100
AcDbLine
10
158.766
20
62.677
30
0
11
158.68
21
62.637
31
0
0
LINE
5
18D
330
C
100
AcDbEntity
8
0
100
AcDbLine
10
158.68
20
62.637
30
0
11
158.597
21
62.592
31
0
0
LINE
5
18E
330
C
100
AcDbEntity
8
0
100
AcDbLine
10
158.597
20
62.592
30
0
11
158.518
21
62.541
31
0
0
LINE
5
18F
330
C
100
AcDbEntity
8
0
100
AcDbLine
10
158.518
20
62.541
30
0
11
158.442
21
62.485
31
0
0
LINE
5
190
330
C
100
AcDbEntity
8
0
100
AcDbLine
10
158.442
20
62.485
30
0
11
158.371
21
62.425
31
0
0
LINE
5
191
330
C
100
AcDbEntity
8
0
100
AcDbLine
10
158.371
20
62.425
30
0
11
158.303
21
62.36
31
0
0
LINE
5
192
330
C
100
AcDbEntity
8
0
100
AcDbLine
10
158.303
20
62.36
30
0
11
158.238
21
62.291
31
0
0
LINE
5
193
330
C
100
AcDbEntity
8
0
100
AcDbLine
10
158.238
20
62.291
30
0
11
158.178
21
62.217
31
0
0
LINE
5
194
330
C
100
AcDbEntity
8
0
100
AcDbLine
10
158.178
20
62.217
30
0
11
158.121
21
62.139
31
0
0
LINE
5
195
330
C
100
AcDbEntity
8
0
100
AcDbLine
10
158.121
20
62.139
30
0
11
158.067
21
62.055
31
0
0
LINE
5
196
330
C
100
AcDbEntity
8
0
100
AcDbLine
10
158.067
20
62.055
30
0
11
158.018
21
61.968
31
0
0
LINE
5
197
330
C
100
AcDbEntity
8
0
100
AcDbLine
10
158.018
20
61.968
30
0
11
157.972
21
61.876
31
0
0
LINE
5
198
330
C
100
AcDbEntity
8
0
100
AcDbLine
10
157.972
20
61.876
30
0
11
157.93
21
61.779
31
0
0
LINE
5
199
330
C
100
AcDbEntity
8
0
100
AcDbLine
10
157.93
20
61.779
30
0
11
157.892
21
61.678
31
0
0
LINE
5
19A
330
C
100
AcDbEntity
8
0
100
AcDbLine
10
157.892
20
61.678
30
0
11
157.858
21
61.573
31
0
0
LINE
5
19B
330
C
100
AcDbEntity
8
0
100
AcDbLine
10
157.858
20
61.573
30
0
11
157.827
21
61.465
31
0
0
LINE
5
19C
330
C
100
AcDbEntity
8
0
100
AcDbLine
10
157.827
20
61.465
30
0
11
157.801
21
61.353
31
0
0
LINE
5
19D
330
C
100
AcDbEntity
8
0
100
AcDbLine
10
157.801
20
61.353
30
0
11
157.779
21
61.237
31
0
0
LINE
5
19E
330
C
100
AcDbEntity
8
0
100
AcDbLine
10
157.779
20
61.237
30
0
11
157.761
21
61.117
31
0
0
LINE
5
19F
330
C
100
AcDbEntity
8
0
100
AcDbLine
10
157.761
20
61.117
30
0
11
157.747
21
60.993
31
0
0
LINE
5
1A0
330
C
100
AcDbEntity
8
0
100
AcDbLine
10
157.747
20
60.993
30
0
11
157.737
21
60.866
31
0
0
LINE
5
1A1
330
C
100
AcDbEntity
8
0
100
AcDbLine
10
157.737
20
60.866
30
0
11
157.731
21
60.735
31
0
0
LINE
5
1A2
330
C
100
AcDbEntity
8
0
100
AcDbLine
10
157.731
20
60.735
30
0
11
157.729
21
60.6
31
0
0
LINE
5
1A3
330
C
100
AcDbEntity
8
0
100
AcDbLine
10
157.729
20
60.6
30
0
11
157.729
21
60.6
31
0
0
LINE
5
1A4
330
C
100
AcDbEntity
8
0
100
AcDbLine
10
157.729
20
60.6
30
0
11
157.733
21
60.401
31
0
0
LINE
5
1A5
330
C
100
AcDbEntity
8
0
100
AcDbLine
10
157.733
20
60.401
30
0
11
157.746
21
60.211
31
0
0
LINE
5
1A6
330
C
100
AcDbEntity
8
0
100
AcDbLine
10
157.746
20
60.211
30
0
11
157.768
21
60.03
31
0
0
LINE
5
1A7
330
C
100
AcDbEntity
8
0
100
AcDbLine
10
157.768
20
60.03
30
0
11
157.798
21
59.856
31
0
0
LINE
5
1A8
330
C
100
AcDbEntity
8
0
100
AcDbLine
10
157.798
20
59.856
30
0
11
157.836
21
59.692
31
0
0
LINE
5
1A9
330
C
100
AcDbEntity
8
0
100
AcDbLine
10
157.836
20
59.692
30
0
11
157.883
21
59.535
31
0
0
LINE
5
1AA
330
C
100
AcDbEntity
8
0
100
AcDbLine
10
157.883
20
59.535
30
0
11
157.939
21
59.388
31
0
0
LINE
5
1AB
330
C
100
AcDbEntity
8
0
100
AcDbLine
10
157.939
20
59.388
30
0
11
158.004
21
59.248
31
0
0
LINE
5
1AC
330
C
100
AcDbEntity
8
0
100
AcDbLine
10
158.004
20
59.248
30
0
11
158.076
21
59.117
31
0
0
LINE
5
1AD
330
C
100
AcDbEntity
8
0
100
AcDbLine
10
158.076
20
59.117
30
0
11
158.158
21
58.995
31
0
0
LINE
5
1AE
330
C
100
AcDbEntity
8
0
100
AcDbLine
10
158.158
20
58.995
30
0
11
158.248
21
58.883
31
0
0
LINE
5
1AF
330
C
100
AcDbEntity
8
0
100
AcDbLine
10
158.248
20
58.883
30
0
11
158.346
21
58.782
31
0
0
LINE
5
1B0
330
C
100
AcDbEntity
8
0
100
AcDbLine
10
158.346
20
58.782
30
0
11
158.452
21
58.694
31
0
0
LINE
5
1B1
330
C
100
AcDbEntity
8
0
100
AcDbLine
10
158.452
20
58.694
30
0
11
158.566
21
58.617
31
0
0
LINE
5
1B2
330
C
100
AcDbEntity
8
0
100
AcDbLine
10
158.566
20
58.617
30
0
11
158.688
21
58.552
31
0
0
LINE
5
1B3
330
C
100
AcDbEntity
8
0
100
AcDbLine
10
158.688
20
58.552
30
0
11
158.819
21
58.499
31
0
0
LINE
5
1B4
330
C
100
AcDbEntity
8
0
100
AcDbLine
10
158.819
20
58.499
30
0
11
158.957
21
58.457
31
0
0
LINE
5
1B5
330
C
100
AcDbEntity
8
0
100
AcDbLine
10
158.957
20
58.457
30
0
11
159.104
21
58.428
31
0
0
LINE
5
1B6
330
C
100
AcDbEntity
8
0
100
AcDbLine
10
159.104
20
58.428
30
0
11
159.258
21
58.41
31
0
0
LINE
5
1B7
330
C
100
AcDbEntity
8
0
100
AcDbLine
10
159.258
20
58.41
30
0
11
159.421
21
58.404
31
0
0
LINE
5
1B8
330
C
100
AcDbEntity
8
0
100
AcDbLine
10
159.421
20
58.404
30
0
11
159.421
21
58.404
31
0
0
LINE
5
1B9
330
C
100
AcDbEntity
8
0
100
AcDbLine
10
168.931
20
57.732
30
0
11
168.007
21
57.732
31
0
0
LINE
5
1BA
330
C
100
AcDbEntity
8
0
100
AcDbLine
10
168.007
20
57.732
30
0
11
168.007
21
61.104
31
0
0
LINE
5
1BB
330
C
100
AcDbEntity
8
0
100
AcDbLine
10
168.007
20
61.104
30
0
11
168.003
21
61.264
31
0
0
LINE
5
1BC
330
C
100
AcDbEntity
8
0
100
AcDbLine
10
168.003
20
61.264
30
0
11
167.991
21
61.417
31
0
0
LINE
5
1BD
330
C
100
AcDbEntity
8
0
100
AcDbLine
10
167.991
20
61.417
30
0
11
167.972
21
61.562
31
0
0
LINE
5
1BE
330
C
100
AcDbEntity
8
0
100
AcDbLine
10
167.972
20
61.562
30
0
11
167.944
21
61.699
31
0
0
LINE
5
1BF
330
C
100
AcDbEntity
8
0
100
AcDbLine
10
167.944
20
61.699
30
0
11
167.909
21
61.828
31
0
0
LINE
5
1C0
330
C
100
AcDbEntity
8
0
100
AcDbLine
10
167.909
20
61.828
30
0
11
167.866
21
61.949
31
0
0
LINE
5
1C1
330
C
100
AcDbEntity
8
0
100
AcDbLine
10
167.866
20
61.949
30
0
11
167.814
21
62.062
31
0
0
LINE
5
1C2
330
C
100
AcDbEntity
8
0
100
AcDbLine
10
167.814
20
62.062
30
0
11
167.755
21
62.168
31
0
0
LINE
5
1C3
330
C
100
AcDbEntity
8
0
100
AcDbLine
10
167.755
20
62.168
30
0
11
167.689
21
62.265
31
0
0
LINE
5
1C4
330
C
100
AcDbEntity
8
0
100
AcDbLine
10
167.689
20
62.265
30
0
11
167.614
21
62.355
31
0
0
LINE
5
1C5
330
C
100
AcDbEntity
8
0
100
AcDbLine
10
167.614
20
62.355
30
0
11
167.533
21
62.437
31
0
0
LINE
5
1C6
330
C
100
AcDbEntity
8
0
100
AcDbLine
10
167.533
20
62.437
30
0
11
167.445
21
62.509
31
0
0
LINE
5
1C7
330
C
100
AcDbEntity
8
0
100
AcDbLine
10
167.445
20
62.509
30
0
11
167.353
21
62.574
31
0
0
LINE
5
1C8
330
C
100
AcDbEntity
8
0
100
AcDbLine
10
167.353
20
62.574
30
0
11
167.254
21
62.63
31
0
0
LINE
5
1C9
330
C
100
AcDbEntity
8
0
100
AcDbLine
10
167.254
20
62.63
30
0
11
167.15
21
62.677
31
0
0
LINE
5
1CA
330
C
100
AcDbEntity
8
0
100
AcDbLine
10
167.15
20
62.677
30
0
11
167.04
21
62.715
31
0
0
LINE
5
1CB
330
C
100
AcDbEntity
8
0
100
AcDbLine
10
167.04
20
62.715
30
0
11
166.924
21
62.745
31
0
0
LINE
5
1CC
330
C
100
AcDbEntity
8
0
100
AcDbLine
10
166.924
20
62.745
30
0
11
166.803
21
62.767
31
0
0
LINE
5
1CD
330
C
100
AcDbEntity
8
0
100
AcDbLine
10
166.803
20
62.767
30
0
11
166.676
21
62.78
31
0
0
LINE
5
1CE
330
C
100
AcDbEntity
8
0
100
AcDbLine
10
166.676
20
62.78
30
0
11
166.543
21
62.784
31
0
0
LINE
5
1CF
330
C
100
AcDbEntity
8
0
100
AcDbLine
10
166.543
20
62.784
30
0
11
166.543
21
62.784
31
0
0
LINE
5
1D0
330
C
100
AcDbEntity
8
0
100
AcDbLine
10
166.543
20
62.784
30
0
11
166.441
21
62.781
31
0
0
LINE
5
1D1
330
C
100
AcDbEntity
8
0
100
AcDbLine
10
166.441
20
62.781
30
0
11
166.342
21
62.773
31
0
0
LINE
5
1D2
330
C
100
AcDbEntity
8
0
100
AcDbLine
10
166.342
20
62.773
30
0
11
166.246
21
62.759
31
0
0
LINE
5
1D3
330
C
100
AcDbEntity
8
0
100
AcDbLine
10
166.246
20
62.759
30
0
11
166.152
21
62.739
31
0
0
LINE
5
1D4
330
C
100
AcDbEntity
8
0
100
AcDbLine
10
166.152
20
62.739
30
0
11
166.061
21
62.714
31
0
0
LINE
5
1D5
330
C
100
AcDbEntity
8
0
100
AcDbLine
10
166.061
20
62.714
30
0
11
165.973
21
62.682
31
0
0
LINE
5
1D6
330
C
100
AcDbEntity
8
0
100
AcDbLine
10
165.973
20
62.682
30
0
11
165.888
21
62.646
31
0
0
LINE
5
1D7
330
C
100
AcDbEntity
8
0
100
AcDbLine
10
165.888
20
62.646
30
0
11
165.806
21
62.604
31
0
0
LINE
5
1D8
330
C
100
AcDbEntity
8
0
100
AcDbLine
10
165.806
20
62.604
30
0
11
165.726
21
62.556
31
0
0
LINE
5
1D9
330
C
100
AcDbEntity
8
0
100
AcDbLine
10
165.726
20
62.556
30
0
11
165.649
21
62.502
31
0
0
LINE
5
1DA
330
C
100
AcDbEntity
8
0
100
AcDbLine
10
165.649
20
62.502
30
0
11
165.575
21
62.443
31
0
0
LINE
5
1DB
330
C
100
AcDbEntity
8
0
100
AcDbLine
10
165.575
20
62.443
30
0
11
165.505
21
62.379
31
0
0
LINE
5
1DC
330
C
100
AcDbEntity
8
0
100
AcDbLine
10
165.505
20
62.379
30
0
11
165.438
21
62.311
31
0
0
LINE
5
1DD
330
C
100
AcDbEntity
8
0
100
AcDbLine
10
165.438
20
62.311
30
0
11
165.374
21
62.238
31
0
0
LINE
5
1DE
330
C
100
AcDbEntity
8
0
100
AcDbLine
10
165.374
20
62.238
30
0
11
165.315
21
62.159
31
0
0
LINE
5
1DF
330
C
100
AcDbEntity
8
0
100
AcDbLine
10
165.315
20
62.159
30
0
11
165.258
21
62.076
31
0
0
LINE
5
1E0
330
C
100
AcDbEntity
8
0
100
AcDbLine
10
165.258
20
62.076
30
0
11
165.205
21
61.988
31
0
0
LINE
5
1E1
330
C
100
AcDbEntity
8
0
100
AcDbLine
10
165.205
20
61.988
30
0
11
165.156
21
61.895
31
0
0
LINE
5
1E2
330
C
100
AcDbEntity
8
0
100
AcDbLine
10
165.156
20
61.895
30
0
11
165.11
21
61.798
31
0
0
LINE
5
1E3
330
C
100
AcDbEntity
8
0
100
AcDbLine
10
165.11
20
61.798
30
0
11
165.067
21
61.695
31
0
0
LINE
5
1E4
330
C
100
AcDbEntity
8
0
100
AcDbLine
10
165.067
20
61.695
30
0
11
165.028
21
61.588
31
0
0
LINE
5
1E5
330
C
100
AcDbEntity
8
0
100
AcDbLine
10
165.028
20
61.588
30
0
11
164.994
21
61.477
31
0
0
LINE
5
1E6
330
C
100
AcDbEntity
8
0
100
AcDbLine
10
164.994
20
61.477
30
0
11
164.963
21
61.362
31
0
0
LINE
5
1E7
330
C
100
AcDbEntity
8
0
100
AcDbLine
10
164.963
20
61.362
30
0
11
164.936
21
61.243
31
0
0
LINE
5
1E8
330
C
100
AcDbEntity
8
0
100
AcDbLine
10
164.936
20
61.243
30
0
11
164.914
21
61.12
31
0
0
LINE
5
1E9
330
C
100
AcDbEntity
8
0
100
AcDbLine
10
164.914
20
61.12
30
0
11
164.896
21
60.993
31
0
0
LINE
5
1EA
330
C
100
AcDbEntity
8
0
100
AcDbLine
10
164.896
20
60.993
30
0
11
164.881
21
60.862
31
0
0
LINE
5
1EB
330
C
100
AcDbEntity
8
0
100
AcDbLine
10
164.881
20
60.862
30
0
11
164.871
21
60.726
31
0
0
LINE
5
1EC
330
C
100
AcDbEntity
8
0
100
AcDbLine
10
164.871
20
60.726
30
0
11
164.865
21
60.587
31
0
0
LINE
5
1ED
330
C
100
AcDbEntity
8
0
100
AcDbLine
10
164.865
20
60.587
30
0
11
164.863
21
60.444
31
0
0
LINE
5
1EE
330
C
100
AcDbEntity
8
0
100
AcDbLine
10
164.863
20
60.444
30
0
11
164.863
21
60.444
31
0
0
LINE
5
1EF
330
C
100
AcDbEntity
8
0
100
AcDbLine
10
164.863
20
60.444
30
0
11
164.503
21
60.444
31
0
0
LINE
5
1F0
330
C
100
AcDbEntity
8
0
100
AcDbLine
10
164.503
20
60.444
30
0
11
164.506
21
60.641
31
0
0
LINE
5
1F1
330
C
100
AcDbEntity
8
0
100
AcDbLine
10
164.506
20
60.641
30
0
11
164.514
21
60.833
31
0
0
LINE
5
1F2
330
C
100
AcDbEntity
8
0
100
AcDbLine
10
164.514
20
60.833
30
0
11
164.527
21
61.019
31
0
0
LINE
5
1F3
330
C
100
AcDbEntity
8
0
100
AcDbLine
10
164.527
20
61.019
30
0
11
164.545
21
61.199
31
0
0
LINE
5
1F4
330
C
100
AcDbEntity
8
0
100
AcDbLine
10
164.545
20
61.199
30
0
11
164.569
21
61.373
31
0
0
LINE
5
1F5
330
C
100
AcDbEntity
8
0
100
AcDbLine
10
164.569
20
61.373
30
0
11
164.598
21
61.541
31
0
0
LINE
5
1F6
330
C
100
AcDbEntity
8
0
100
AcDbLine
10
164.598
20
61.541
30
0
11
164.632
21
61.703
31
0
0
LINE
5
1F7
330
C
100
AcDbEntity
8
0
100
AcDbLine
10
164.632
20
61.703
30
0
11
164.672
21
61.859
31
0
0
LINE
5
1F8
330
C
100
AcDbEntity
8
0
100
AcDbLine
10
164.672
20
61.859
30
0
11
164.717
21
62.009
31
0
0
LINE
5
1F9
330
C
100
AcDbEntity
8
0
100
AcDbLine
10
164.717
20
62.009
30
0
11
164.767
21
62.154
31
0
0
LINE
5
1FA
330
C
100
AcDbEntity
8
0
100
AcDbLine
10
164.767
20
62.154
30
0
11
164.822
21
62.292
31
0
0
LINE
5
1FB
330
C
100
AcDbEntity
8
0
100
AcDbLine
10
164.822
20
62.292
30
0
11
164.882
21
62.424
31
0
0
LINE
5
1FC
330
C
100
AcDbEntity
8
0
100
AcDbLine
10
164.882
20
62.424
30
0
11
164.947
21
62.549
31
0
0
LINE
5
1FD
330
C
100
AcDbEntity
8
0
100
AcDbLine
10
164.947
20
62.549
30
0
11
165.017
21
62.667
31
0
0
LINE
5
1FE
330
C
100
AcDbEntity
8
0
100
AcDbLine
10
165.017
20
62.667
30
0
11
165.092
21
62.779
31
0
0
LINE
5
1FF
330
C
100
AcDbEntity
8
0
100
AcDbLine
10
165.092
20
62.779
30
0
11
165.171
21
62.884
31
0
0
LINE
5
200
330
C
100
AcDbEntity
8
0
100
AcDbLine
10
165.171
20
62.884
30
0
11
165.256
21
62.982
31
0
0
LINE
5
201
330
C
100
AcDbEntity
8
0
100
AcDbLine
10
165.256
20
62.982
30
0
11
165.345
21
63.074
31
0
0
LINE
5
202
330
C
100
AcDbEntity
8
0
100
AcDbLine
10
165.345
20
63.074
30
0
11
165.439
21
63.159
31
0
0
LINE
5
203
330
C
100
AcDbEntity
8
0
100
AcDbLine
10
165.439
20
63.159
30
0
11
165.538
21
63.237
31
0
0
LINE
5
204
330
C
100
AcDbEntity
8
0
100
AcDbLine
10
165.538
20
63.237
30
0
11
165.642
21
63.308
31
0
0
LINE
5
205
330
C
100
AcDbEntity
8
0
100
AcDbLine
10
165.642
20
63.308
30
0
11
165.75
21
63.372
31
0
0
LINE
5
206
330
C
100
AcDbEntity
8
0
100
AcDbLine
10
165.75
20
63.372
30
0
11
165.862
21
63.428
31
0
0
LINE
5
207
330
C
100
AcDbEntity
8
0
100
AcDbLine
10
165.862
20
63.428
30
0
11
165.979
21
63.477
31
0
0
LINE
5
208
330
C
100
AcDbEntity
8
0
100
AcDbLine
10
165.979
20
63.477
30
0
11
166.1
21
63.518
31
0
0
LINE
5
209
330
C
100
AcDbEntity
8
0
100
AcDbLine
10
166.1
20
63.518
30
0
11
166.225
21
63.552
31
0
0
LINE
5
20A
330
C
100
AcDbEntity
8
0
100
AcDbLine
10
166.225
20
63.552
30
0
11
166.355
21
63.578
31
0
0
LINE
5
20B
330
C
100
AcDbEntity
8
0
100
AcDbLine
10
166.355
20
63.578
30
0
11
166.489
21
63.597
31
0
0
LINE
5
20C
330
C
100
AcDbEntity
8
0
100
AcDbLine
10
166.489
20
63.597
30
0
11
166.628
21
63.608
31
0
0
LINE
5
20D
330
C
100
AcDbEntity
8
0
100
AcDbLine
10
166.628
20
63.608
30
0
11
166.771
21
63.612
31
0
0
LINE
5
20E
330
C
100
AcDbEntity
8
0
100
AcDbLine
10
166.771
20
63.612
30
0
11
166.771
21
63.612
31
0
0
LINE
5
20F
330
C
100
AcDbEntity
8
0
100
AcDbLine
10
166.771
20
63.612
30
0
11
166.905
21
63.609
31
0
0
LINE
5
210
330
C
100
AcDbEntity
8
0
100
AcDbLine
10
166.905
20
63.609
30
0
11
167.034
21
63.6
31
0
0
LINE
5
211
330
C
100
AcDbEntity
8
0
100
AcDbLine
10
167.034
20
63.6
30
0
11
167.16
21
63.585
31
0
0
LINE
5
212
330
C
100
AcDbEntity
8
0
100
AcDbLine
10
167.16
20
63.585
30
0
11
167.282
21
63.564
31
0
0
LINE
5
213
330
C
100
AcDbEntity
8
0
100
AcDbLine
10
167.282
20
63.564
30
0
11
167.4
21
63.536
31
0
0
LINE
5
214
330
C
100
AcDbEntity
8
0
100
AcDbLine
10
167.4
20
63.536
30
0
11
167.514
21
63.503
31
0
0
LINE
5
215
330
C
100
AcDbEntity
8
0
100
AcDbLine
10
167.514
20
63.503
30
0
11
167.625
21
63.464
31
0
0
LINE
5
216
330
C
100
AcDbEntity
8
0
100
AcDbLine
10
167.625
20
63.464
30
0
11
167.731
21
63.418
31
0
0
LINE
5
217
330
C
100
AcDbEntity
8
0
100
AcDbLine
10
167.731
20
63.418
30
0
11
167.833
21
63.367
31
0
0
LINE
5
218
330
C
100
AcDbEntity
8
0
100
AcDbLine
10
167.833
20
63.367
30
0
11
167.932
21
63.309
31
0
0
LINE
5
219
330
C
100
AcDbEntity
8
0
100
AcDbLine
10
167.932
20
63.309
30
0
11
168.026
21
63.246
31
0
0
LINE
5
21A
330
C
100
AcDbEntity
8
0
100
AcDbLine
10
168.026
20
63.246
30
0
11
168.116
21
63.177
31
0
0
LINE
5
21B
330
C
100
AcDbEntity
8
0
100
AcDbLine
10
168.116
20
63.177
30
0
11
168.202
21
63.104
31
0
0
LINE
5
21C
330
C
100
AcDbEntity
8
0
100
AcDbLine
10
168.202
20
63.104
30
0
11
168.282
21
63.025
31
0
0
LINE
5
21D
330
C
100
AcDbEntity
8
0
100
AcDbLine
10
168.282
20
63.025
30
0
11
168.359
21
62.941
31
0
0
LINE
5
21E
330
C
100
AcDbEntity
8
0
100
AcDbLine
10
168.359
20
62.941
30
0
11
168.431
21
62.851
31
0
0
LINE
5
21F
330
C
100
AcDbEntity
8
0
100
AcDbLine
10
168.431
20
62.851
30
0
11
168.498
21
62.757
31
0
0
LINE
5
220
330
C
100
AcDbEntity
8
0
100
AcDbLine
10
168.498
20
62.757
30
0
11
168.561
21
62.657
31
0
0
LINE
5
221
330
C
100
AcDbEntity
8
0
100
AcDbLine
10
168.561
20
62.657
30
0
11
168.619
21
62.552
31
0
0
LINE
5
222
330
C
100
AcDbEntity
8
0
100
AcDbLine
10
168.619
20
62.552
30
0
11
168.673
21
62.442
31
0
0
LINE
5
223
330
C
100
AcDbEntity
8
0
100
AcDbLine
10
168.673
20
62.442
30
0
11
168.722
21
62.327
31
0
0
LINE
5
224
330
C
100
AcDbEntity
8
0
100
AcDbLine
10
168.722
20
62.327
30
0
11
168.766
21
62.208
31
0
0
LINE
5
225
330
C
100
AcDbEntity
8
0
100
AcDbLine
10
168.766
20
62.208
30
0
11
168.805
21
62.085
31
0
0
LINE
5
226
330
C
100
AcDbEntity
8
0
100
AcDbLine
10
168.805
20
62.085
30
0
11
168.838
21
61.957
31
0
0
LINE
5
227
330
C
100
AcDbEntity
8
0
100
AcDbLine
10
168.838
20
61.957
30
0
11
168.867
21
61.825
31
0
0
LINE
5
228
330
C
100
AcDbEntity
8
0
100
AcDbLine
10
168.867
20
61.825
30
0
11
168.89
21
61.69
31
0
0
LINE
5
229
330
C
100
AcDbEntity
8
0
100
AcDbLine
10
168.89
20
61.69
30
0
11
168.908
21
61.55
31
0
0
LINE
5
22A
330
C
100
AcDbEntity
8
0
100
AcDbLine
10
168.908
20
61.55
30
0
11
168.921
21
61.405
31
0
0
LINE
5
22B
330
C
100
AcDbEntity
8
0
100
AcDbLine
10
168.921
20
61.405
30
0
11
168.928
21
61.257
31
0
0
LINE
5
22C
330
C
100
AcDbEntity
8
0
100
AcDbLine
10
168.928
20
61.257
30
0
11
168.931
21
61.104
31
0
0
LINE
5
22D
330
C
100
AcDbEntity
8
0
100
AcDbLine
10
168.931
20
61.104
30
0
11
168.931
21
61.104
31
0
0
LINE
5
22E
330
C
100
AcDbEntity
8
0
100
AcDbLine
10
168.931
20
61.104
30
0
11
168.931
21
57.732
31
0
0
LINE
5
22F
330
C
100
AcDbEntity
8
0
100
AcDbLine
10
168.931
20
57.732
30
0
11
168.931
21
57.732
31
0
0
LINE
5
230
330
C
100
AcDbEntity
8
0
100
AcDbLine
10
164.863
20
57.732
30
0
11
163.927
21
57.732
31
0
0
LINE
5
231
330
C
100
AcDbEntity
8
0
100
AcDbLine
10
163.927
20
57.732
30
0
11
163.927
21
63.468
31
0
0
LINE
5
232
330
C
100
AcDbEntity
8
0
100
AcDbLine
10
163.927
20
63.468
30
0
11
164.731
21
63.468
31
0
0
LINE
5
233
330
C
100
AcDbEntity
8
0
100
AcDbLine
10
164.731
20
63.468
30
0
11
164.863
21
62.148
31
0
0
LINE
5
234
330
C
100
AcDbEntity
8
0
100
AcDbLine
10
164.863
20
62.148
30
0
11
164.863
21
57.732
31
0
0
LINE
5
235
330
C
100
AcDbEntity
8
0
100
AcDbLine
10
164.863
20
57.732
30
0
11
164.863
21
57.732
31
0
0
LINE
5
236
330
C
100
AcDbEntity
8
0
100
AcDbLine
10
172.933
20
57.588
30
0
11
172.933
21
57.588
31
0
0
LINE
5
237
330
C
100
AcDbEntity
8
0
100
AcDbLine
10
172.933
20
57.588
30
0
11
172.84
21
57.59
31
0
0
LINE
5
238
330
C
100
AcDbEntity
8
0
100
AcDbLine
10
172.84
20
57.59
30
0
11
172.75
21
57.595
31
0
0
LINE
5
239
330
C
100
AcDbEntity
8
0
100
AcDbLine
10
172.75
20
57.595
30
0
11
172.661
21
57.604
31
0
0
LINE
5
23A
330
C
100
AcDbEntity
8
0
100
AcDbLine
10
172.661
20
57.604
30
0
11
172.574
21
57.617
31
0
0
LINE
5
23B
330
C
100
AcDbEntity
8
0
100
AcDbLine
10
172.574
20
57.617
30
0
11
172.489
21
57.633
31
0
0
LINE
5
23C
330
C
100
AcDbEntity
8
0
100
AcDbLine
10
172.489
20
57.633
30
0
11
172.406
21
57.653
31
0
0
LINE
5
23D
330
C
100
AcDbEntity
8
0
100
AcDbLine
10
172.406
20
57.653
30
0
11
172.325
21
57.676
31
0
0
LINE
5
23E
330
C
100
AcDbEntity
8
0
100
AcDbLine
10
172.325
20
57.676
30
0
11
172.246
21
57.703
31
0
0
LINE
5
23F
330
C
100
AcDbEntity
8
0
100
AcDbLine
10
172.246
20
57.703
30
0
11
172.168
21
57.734
31
0
0
LINE
5
240
330
C
100
AcDbEntity
8
0
100
AcDbLine
10
172.168
20
57.734
30
0
11
172.093
21
57.768
31
0
0
LINE
5
241
330
C
100
AcDbEntity
8
0
100
AcDbLine
10
172.093
20
57.768
30
0
11
172.02
21
57.806
31
0
0
LINE
5
242
330
C
100
AcDbEntity
8
0
100
AcDbLine
10
172.02
20
57.806
30
0
11
171.95
21
57.847
31
0
0
LINE
5
243
330
C
100
AcDbEntity
8
0
100
AcDbLine
10
171.95
20
57.847
30
0
11
171.884
21
57.892
31
0
0
LINE
5
244
330
C
100
AcDbEntity
8
0
100
AcDbLine
10
171.884
20
57.892
30
0
11
171.82
21
57.941
31
0
0
LINE
5
245
330
C
100
AcDbEntity
8
0
100
AcDbLine
10
171.82
20
57.941
30
0
11
171.76
21
57.993
31
0
0
LINE
5
246
330
C
100
AcDbEntity
8
0
100
AcDbLine
10
171.76
20
57.993
30
0
11
171.703
21
58.049
31
0
0
LINE
5
247
330
C
100
AcDbEntity
8
0
100
AcDbLine
10
171.703
20
58.049
30
0
11
171.649
21
58.108
31
0
0
LINE
5
248
330
C
100
AcDbEntity
8
0
100
AcDbLine
10
171.649
20
58.108
30
0
11
171.598
21
58.171
31
0
0
LINE
5
249
330
C
100
AcDbEntity
8
0
100
AcDbLine
10
171.598
20
58.171
30
0
11
171.55
21
58.238
31
0
0
LINE
5
24A
330
C
100
AcDbEntity
8
0
100
AcDbLine
10
171.55
20
58.238
30
0
11
171.505
21
58.308
31
0
0
LINE
5
24B
330
C
100
AcDbEntity
8
0
100
AcDbLine
10
171.505
20
58.308
30
0
11
171.464
21
58.382
31
0
0
LINE
5
24C
330
C
100
AcDbEntity
8
0
100
AcDbLine
10
171.464
20
58.382
30
0
11
171.427
21
58.459
31
0
0
LINE
5
24D
330
C
100
AcDbEntity
8
0
100
AcDbLine
10
171.427
20
58.459
30
0
11
171.395
21
58.54
31
0
0
LINE
5
24E
330
C
100
AcDbEntity
8
0
100
AcDbLine
10
171.395
20
58.54
30
0
11
171.367
21
58.625
31
0
0
LINE
5
24F
330
C
100
AcDbEntity
8
0
100
AcDbLine
10
171.367
20
58.625
30
0
11
171.343
21
58.713
31
0
0
LINE
5
250
330
C
100
AcDbEntity
8
0
100
AcDbLine
10
171.343
20
58.713
30
0
11
171.324
21
58.805
31
0
0
LINE
5
251
330
C
100
AcDbEntity
8
0
100
AcDbLine
10
171.324
20
58.805
30
0
11
171.308
21
58.9
31
0
0
LINE
5
252
330
C
100
AcDbEntity
8
0
100
AcDbLine
10
171.308
20
58.9
30
0
11
171.298
21
58.999
31
0
0
LINE
5
253
330
C
100
AcDbEntity
8
0
100
AcDbLine
10
171.298
20
58.999
30
0
11
171.291
21
59.102
31
0
0
LINE
5
254
330
C
100
AcDbEntity
8
0
100
AcDbLine
10
171.291
20
59.102
30
0
11
171.289
21
59.208
31
0
0
LINE
5
255
330
C
100
AcDbEntity
8
0
100
AcDbLine
10
171.289
20
59.208
30
0
11
171.289
21
59.208
31
0
0
LINE
5
256
330
C
100
AcDbEntity
8
0
100
AcDbLine
10
171.289
20
59.208
30
0
11
171.289
21
65.064
31
0
0
LINE
5
257
330
C
100
AcDbEntity
8
0
100
AcDbLine
10
171.289
20
65.064
30
0
11
172.213
21
65.064
31
0
0
LINE
5
258
330
C
100
AcDbEntity
8
0
100
AcDbLine
10
172.213
20
65.064
30
0
11
172.213
21
59.232
31
0
0
LINE
5
259
330
C
100
AcDbEntity
8
0
100
AcDbLine
10
172.213
20
59.232
30
0
11
172.221
21
59.063
31
0
0
LINE
5
25A
330
C
100
AcDbEntity
8
0
100
AcDbLine
10
172.221
20
59.063
30
0
11
172.246
21
58.912
31
0
0
LINE
5
25B
330
C
100
AcDbEntity
8
0
100
AcDbLine
10
172.246
20
58.912
30
0
11
172.288
21
58.779
31
0
0
LINE
5
25C
330
C
100
AcDbEntity
8
0
100
AcDbLine
10
172.288
20
58.779
30
0
11
172.345
21
58.664
31
0
0
LINE
5
25D
330
C
100
AcDbEntity
8
0
100
AcDbLine
10
172.345
20
58.664
30
0
11
172.42
21
58.566
31
0
0
LINE
5
25E
330
C
100
AcDbEntity
8
0
100
AcDbLine
10
172.42
20
58.566
30
0
11
172.511
21
58.486
31
0
0
LINE
5
25F
330
C
100
AcDbEntity
8
0
100
AcDbLine
10
172.511
20
58.486
30
0
11
172.619
21
58.424
31
0
0
LINE
5
260
330
C
100
AcDbEntity
8
0
100
AcDbLine
10
172.619
20
58.424
30
0
11
172.743
21
58.38
31
0
0
LINE
5
261
330
C
100
AcDbEntity
8
0
100
AcDbLine
10
172.743
20
58.38
30
0
11
172.884
21
58.353
31
0
0
LINE
5
262
330
C
100
AcDbEntity
8
0
100
AcDbLine
10
172.884
20
58.353
30
0
11
173.041
21
58.344
31
0
0
LINE
5
263
330
C
100
AcDbEntity
8
0
100
AcDbLine
10
173.041
20
58.344
30
0
11
173.041
21
58.344
31
0
0
LINE
5
264
330
C
100
AcDbEntity
8
0
100
AcDbLine
10
173.041
20
58.344
30
0
11
173.09
21
58.345
31
0
0
LINE
5
265
330
C
100
AcDbEntity
8
0
100
AcDbLine
10
173.09
20
58.345
30
0
11
173.139
21
58.346
31
0
0
LINE
5
266
330
C
100
AcDbEntity
8
0
100
AcDbLine
10
173.139
20
58.346
30
0
11
173.187
21
58.349
31
0
0
LINE
5
267
330
C
100
AcDbEntity
8
0
100
AcDbLine
10
173.187
20
58.349
30
0
11
173.235
21
58.353
31
0
0
LINE
5
268
330
C
100
AcDbEntity
8
0
100
AcDbLine
10
173.235
20
58.353
30
0
11
173.283
21
58.358
31
0
0
LINE
5
269
330
C
100
AcDbEntity
8
0
100
AcDbLine
10
173.283
20
58.358
30
0
11
173.331
21
58.363
31
0
0
LINE
5
26A
330
C
100
AcDbEntity
8
0
100
AcDbLine
10
173.331
20
58.363
30
0
11
173.378
21
58.37
31
0
0
LINE
5
26B
330
C
100
AcDbEntity
8
0
100
AcDbLine
10
173.378
20
58.37
30
0
11
173.425
21
58.379
31
0
0
LINE
5
26C
330
C
100
AcDbEntity
8
0
100
AcDbLine
10
173.425
20
58.379
30
0
11
173.472
21
58.388
31
0
0
LINE
5
26D
330
C
100
AcDbEntity
8
0
100
AcDbLine
10
173.472
20
58.388
30
0
11
173.518
21
58.398
31
0
0
LINE
5
26E
330
C
100
AcDbEntity
8
0
100
AcDbLine
10
173.518
20
58.398
30
0
11
173.565
21
58.409
31
0
0
LINE
5
26F
330
C
100
AcDbEntity
8
0
100
AcDbLine
10
173.565
20
58.409
30
0
11
173.613
21
58.422
31
0
0
LINE
5
270
330
C
100
AcDbEntity
8
0
100
AcDbLine
10
173.613
20
58.422
30
0
11
173.662
21
58.435
31
0
0
LINE
5
271
330
C
100
AcDbEntity
8
0
100
AcDbLine
10
173.662
20
58.435
30
0
11
173.712
21
58.45
31
0
0
LINE
5
272
330
C
100
AcDbEntity
8
0
100
AcDbLine
10
173.712
20
58.45
30
0
11
173.763
21
58.465
31
0
0
LINE
5
273
330
C
100
AcDbEntity
8
0
100
AcDbLine
10
173.763
20
58.465
30
0
11
173.816
21
58.482
31
0
0
LINE
5
274
330
C
100
AcDbEntity
8
0
100
AcDbLine
10
173.816
20
58.482
30
0
11
173.869
21
58.5
31
0
0
LINE
5
275
330
C
100
AcDbEntity
8
0
100
AcDbLine
10
173.869
20
58.5
30
0
11
173.924
21
58.519
31
0
0
LINE
5
276
330
C
100
AcDbEntity
8
0
100
AcDbLine
10
173.924
20
58.519
30
0
11
173.98
21
58.539
31
0
0
LINE
5
277
330
C
100
AcDbEntity
8
0
100
AcDbLine
10
173.98
20
58.539
30
0
11
174.037
21
58.56
31
0
0
LINE
5
278
330
C
100
AcDbEntity
8
0
100
AcDbLine
10
174.037
20
58.56
30
0
11
174.037
21
58.56
31
0
0
LINE
5
279
330
C
100
AcDbEntity
8
0
100
AcDbLine
10
174.037
20
58.56
30
0
11
174.169
21
57.888
31
0
0
LINE
5
27A
330
C
100
AcDbEntity
8
0
100
AcDbLine
10
174.169
20
57.888
30
0
11
174.108
21
57.862
31
0
0
LINE
5
27B
330
C
100
AcDbEntity
8
0
100
AcDbLine
10
174.108
20
57.862
30
0
11
174.047
21
57.837
31
0
0
LINE
5
27C
330
C
100
AcDbEntity
8
0
100
AcDbLine
10
174.047
20
57.837
30
0
11
173.986
21
57.813
31
0
0
LINE
5
27D
330
C
100
AcDbEntity
8
0
100
AcDbLine
10
173.986
20
57.813
30
0
11
173.925
21
57.79
31
0
0
LINE
5
27E
330
C
100
AcDbEntity
8
0
100
AcDbLine
10
173.925
20
57.79
30
0
11
173.864
21
57.768
31
0
0
LINE
5
27F
330
C
100
AcDbEntity
8
0
100
AcDbLine
10
173.864
20
57.768
30
0
11
173.803
21
57.747
31
0
0
LINE
5
280
330
C
100
AcDbEntity
8
0
100
AcDbLine
10
173.803
20
57.747
30
0
11
173.742
21
57.727
31
0
0
LINE
5
281
330
C
100
AcDbEntity
8
0
100
AcDbLine
10
173.742
20
57.727
30
0
11
173.681
21
57.708
31
0
0
LINE
5
282
330
C
100
AcDbEntity
8
0
100
AcDbLine
10
173.681
20
57.708
30
0
11
173.621
21
57.689
31
0
0
LINE
5
283
330
C
100
AcDbEntity
8
0
100
AcDbLine
10
173.621
20
57.689
30
0
11
173.56
21
57.672
31
0
0
LINE
5
284
330
C
100
AcDbEntity
8
0
100
AcDbLine
10
173.56
20
57.672
30
0
11
173.499
21
57.656
31
0
0
LINE
5
285
330
C
100
AcDbEntity
8
0
100
AcDbLine
10
173.499
20
57.656
30
0
11
173.438
21
57.642
31
0
0
LINE
5
286
330
C
100
AcDbEntity
8
0
100
AcDbLine
10
173.438
20
57.642
30
0
11
173.376
21
57.629
31
0
0
LINE
5
287
330
C
100
AcDbEntity
8
0
100
AcDbLine
10
173.376
20
57.629
30
0
11
173.314
21
57.618
31
0
0
LINE
5
288
330
C
100
AcDbEntity
8
0
100
AcDbLine
10
173.314
20
57.618
30
0
11
173.252
21
57.609
31
0
0
LINE
5
289
330
C
100
AcDbEntity
8
0
100
AcDbLine
10
173.252
20
57.609
30
0
11
173.189
21
57.601
31
0
0
LINE
5
28A
330
C
100
AcDbEntity
8
0
100
AcDbLine
10
173.189
20
57.601
30
0
11
173.126
21
57.596
31
0
0
LINE
5
28B
330
C
100
AcDbEntity
8
0
100
AcDbLine
10
173.126
20
57.596
30
0
11
173.062
21
57.591
31
0
0
LINE
5
28C
330
C
100
AcDbEntity
8
0
100
AcDbLine
10
173.062
20
57.591
30
0
11
172.998
21
57.589
31
0
0
LINE
5
28D
330
C
100
AcDbEntity
8
0
100
AcDbLine
10
172.998
20
57.589
30
0
11
172.933
21
57.588
31
0
0
LINE
5
28E
330
C
100
AcDbEntity
8
0
100
AcDbLine
10
172.933
20
57.588
30
0
11
172.933
21
57.588
31
0
0
LINE
5
28F
330
C
100
AcDbEntity
8
0
100
AcDbLine
10
174.025
20
62.82
30
0
11
170.365
21
62.82
31
0
0
LINE
5
290
330
C
100
AcDbEntity
8
0
100
AcDbLine
10
170.365
20
62.82
30
0
11
170.365
21
63.468
31
0
0
LINE
5
291
330
C
100
AcDbEntity
8
0
100
AcDbLine
10
170.365
20
63.468
30
0
11
174.025
21
63.468
31
0
0
LINE
5
292
330
C
100
AcDbEntity
8
0
100
AcDbLine
10
174.025
20
63.468
30
0
11
174.025
21
62.82
31
0
0
LINE
5
293
330
C
100
AcDbEntity
8
0
100
AcDbLine
10
174.025
20
62.82
30
0
11
174.025
21
62.82
31
0
0
LINE
5
294
330
C
100
AcDbEntity
8
0
100
AcDbLine
10
317
20
134.5
30
0
11
320
21
134.5
31
0
0
LINE
5
295
330
C
100
AcDbEntity
8
0
100
AcDbLine
10
320
20
134.5
30
0
11
320
21
154.5
31
0
0
LINE
5
296
330
C
100
AcDbEntity
8
0
100
AcDbLine
10
320
20
154.5
30
0
11
317
21
154.5
31
0
0
LINE
5
297
330
C
100
AcDbEntity
8
0
100
AcDbLine
10
317
20
154.5
30
0
11
317
21
174.5
31
0
0
LINE
5
298
330
C
100
AcDbEntity
8
0
100
AcDbLine
10
317
20
174.5
30
0
11
320
21
174.5
31
0
0
LINE
5
299
330
C
100
AcDbEntity
8
0
100
AcDbLine
10
320
20
174.5
30
0
11
320
21
194.5
31
0
0
LINE
5
29A
330
C
100
AcDbEntity
8
0
100
AcDbLine
10
320
20
194.5
30
0
11
317
21
194.5
31
0
0
LINE
5
29B
330
C
100
AcDbEntity
8
0
100
AcDbLine
10
317
20
194.5
30
0
11
317
21
214.5
31
0
0
LINE
5
29C
330
C
100
AcDbEntity
8
0
100
AcDbLine
10
317
20
214.5
30
0
11
320
21
214.5
31
0
0
LINE
5
29D
330
C
100
AcDbEntity
8
0
100
AcDbLine
10
320
20
214.5
30
0
11
320
21
234.5
31
0
0
LINE
5
29E
330
C
100
AcDbEntity
8
0
100
AcDbLine
10
320
20
234.5
30
0
11
317
21
234.5
31
0
0
LINE
5
29F
330
C
100
AcDbEntity
8
0
100
AcDbLine
10
317
20
234.5
30
0
11
317
21
243
31
0
0
LINE
5
2A0
330
C
100
AcDbEntity
8
0
100
AcDbLine
10
317
20
243
30
0
11
3
21
243
31
0
0
LINE
5
2A1
330
C
100
AcDbEntity
8
0
100
AcDbLine
10
3
20
243
30
0
11
3
21
234.5
31
0
0
LINE
5
2A2
330
C
100
AcDbEntity
8
0
100
AcDbLine
10
3
20
234.5
30
0
11
0
21
234.5
31
0
0
LINE
5
2A3
330
C
100
AcDbEntity
8
0
100
AcDbLine
10
0
20
234.5
30
0
11
0
21
214.5
31
0
0
LINE
5
2A4
330
C
100
AcDbEntity
8
0
100
AcDbLine
10
0
20
214.5
30
0
11
3
21
214.5
31
0
0
LINE
5
2A5
330
C
100
AcDbEntity
8
0
100
AcDbLine
10
3
20
214.5
30
0
11
3
21
194.5
31
0
0
LINE
5
2A6
330
C
100
AcDbEntity
8
0
100
AcDbLine
10
3
20
194.5
30
0
11
0
21
194.5
31
0
0
LINE
5
2A7
330
C
100
AcDbEntity
8
0
100
AcDbLine
10
0
20
194.5
30
0
11
0
21
174.5
31
0
0
LINE
5
2A8
330
C
100
AcDbEntity
8
0
100
AcDbLine
10
0
20
174.5
30
0
11
3
21
174.5
31
0
0
LINE
5
2A9
330
C
100
AcDbEntity
8
0
100
AcDbLine
10
3
20
174.5
30
0
11
3
21
154.5
31
0
0
LINE
5
2AA
330
C
100
AcDbEntity
8
0
100
AcDbLine
10
3
20
154.5
30
0
11
0
21
154.5
31
0
0
LINE
5
2AB
330
C
100
AcDbEntity
8
0
100
AcDbLine
10
0
20
154.5
30
0
11
0
21
134.5
31
0
0
LINE
5
2AC
330
C
100
AcDbEntity
8
0
100
AcDbLine
10
0
20
134.5
30
0
11
3
21
134.5
31
0
0
LINE
5
2AD
330
C
100
AcDbEntity
8
0
100
AcDbLine
10
3
20
134.5
30
0
11
3
21
126
31
0
0
LINE
5
2AE
330
C
100
AcDbEntity
8
0
100
AcDbLine
10
3
20
126
30
0
11
3
21
123
31
0
0
LINE
5
2AF
330
C
100
AcDbEntity
8
0
100
AcDbLine
10
3
20
123
30
0
11
10
21
123
31
0
0
LINE
5
2B0
330
C
100
AcDbEntity
8
0
100
AcDbLine
10
10
20
123
30
0
11
10
21
126
31
0
0
LINE
5
2B1
330
C
100
AcDbEntity
8
0
100
AcDbLine
10
10
20
126
30
0
11
30
21
126
31
0
0
LINE
5
2B2
330
C
100
AcDbEntity
8
0
100
AcDbLine
10
30
20
126
30
0
11
30
21
123
31
0
0
LINE
5
2B3
330
C
100
AcDbEntity
8
0
100
AcDbLine
10
30
20
123
30
0
11
50
21
123
31
0
0
LINE
5
2B4
330
C
100
AcDbEntity
8
0
100
AcDbLine
10
50
20
123
30
0
11
50
21
126
31
0
0
LINE
5
2B5
330
C
100
AcDbEntity
8
0
100
AcDbLine
10
50
20
126
30
0
11
70
21
126
31
0
0
LINE
5
2B6
330
C
100
AcDbEntity
8
0
100
AcDbLine
10
70
20
126
30
0
11
70
21
123
31
0
0
LINE
5
2B7
330
C
100
AcDbEntity
8
0
100
AcDbLine
10
70
20
123
30
0
11
90
21
123
31
0
0
LINE
5
2B8
330
C
100
AcDbEntity
8
0
100
AcDbLine
10
90
20
123
30
0
11
90
21
126
31
0
0
LINE
5
2B9
330
C
100
AcDbEntity
8
0
100
AcDbLine
10
90
20
126
30
0
11
110
21
126
31
0
0
LINE
5
2BA
330
C
100
AcDbEntity
8
0
100
AcDbLine
10
110
20
126
30
0
11
110
21
123
31
0
0
LINE
5
2BB
330
C
100
AcDbEntity
8
0
100
AcDbLine
10
110
20
123
30
0
11
130
21
123
31
0
0
LINE
5
2BC
330
C
100
AcDbEntity
8
0
100
AcDbLine
10
130
20
123
30
0
11
130
21
126
31
0
0
LINE
5
2BD
330
C
100
AcDbEntity
8
0
100
AcDbLine
10
130
20
126
30
0
11
150
21
126
31
0
0
LINE
5
2BE
330
C
100
AcDbEntity
8
0
100
AcDbLine
10
150
20
126
30
0
11
150
21
123
31
0
0
LINE
5
2BF
330
C
100
AcDbEntity
8
0
100
AcDbLine
10
150
20
123
30
0
11
170
21
123
31
0
0
LINE
5
2C0
330
C
100
AcDbEntity
8
0
100
AcDbLine
10
170
20
123
30
0
11
170
21
126
31
0
0
LINE
5
2C1
330
C
100
AcDbEntity
8
0
100
AcDbLine
10
170
20
126
30
0
11
190
21
126
31
0
0
LINE
5
2C2
330
C
100
AcDbEntity
8
0
100
AcDbLine
10
190
20
126
30
0
11
190
21
123
31
0
0
LINE
5
2C3
330
C
100
AcDbEntity
8
0
100
AcDbLine
10
190
20
123
30
0
11
210
21
123
31
0
0
LINE
5
2C4
330
C
100
AcDbEntity
8
0
100
AcDbLine
10
210
20
123
30
0
11
210
21
126
31
0
0
LINE
5
2C5
330
C
100
AcDbEntity
8
0
100
AcDbLine
10
210
20
126
30
0
11
230
21
126
31
0
0
LINE
5
2C6
330
C
100
AcDbEntity
8
0
100
AcDbLine
10
230
20
126
30
0
11
230
21
123
31
0
0
LINE
5
2C7
330
C
100
AcDbEntity
8
0
100
AcDbLine
10
230
20
123
30
0
11
250
21
123
31
0
0
LINE
5
2C8
330
C
100
AcDbEntity
8
0
100
AcDbLine
10
250
20
123
30
0
11
250
21
126
31
0
0
LINE
5
2C9
330
C
100
AcDbEntity
8
0
100
AcDbLine
10
250
20
126
30
0
11
270
21
126
31
0
0
LINE
5
2CA
330
C
100
AcDbEntity
8
0
100
AcDbLine
10
270
20
126
30
0
11
270
21
123
31
0
0
LINE
5
2CB
330
C
100
AcDbEntity
8
0
100
AcDbLine
10
270
20
123
30
0
11
290
21
123
31
0
0
LINE
5
2CC
330
C
100
AcDbEntity
8
0
100
AcDbLine
10
290
20
123
30
0
11
290
21
126
31
0
0
LINE
5
2CD
330
C
100
AcDbEntity
8
0
100
AcDbLine
10
290
20
126
30
0
11
310
21
126
31
0
0
LINE
5
2CE
330
C
100
AcDbEntity
8
0
100
AcDbLine
10
310
20
126
30
0
11
310
21
123
31
0
0
LINE
5
2CF
330
C
100
AcDbEntity
8
0
100
AcDbLine
10
310
20
123
30
0
11
317
21
123
31
0
0
LINE
5
2D0
330
C
100
AcDbEntity
8
0
100
AcDbLine
10
317
20
123
30
0
11
317
21
126
31
0
0
LINE
5
2D1
330
C
100
AcDbEntity
8
0
100
AcDbLine
10
317
20
126
30
0
11
317
21
134.5
31
0
0
LINE
5
2D2
330
C
100
AcDbEntity
8
0
100
AcDbLine
10
150.523
20
180.408
30
0
11
147.703
21
180.408
31
0
0
LINE
5
2D3
330
C
100
AcDbEntity
8
0
100
AcDbLine
10
147.703
20
180.408
30
0
11
147.703
21
187.944
31
0
0
LINE
5
2D4
330
C
100
AcDbEntity
8
0
100
AcDbLine
10
147.703
20
187.944
30
0
11
150.523
21
187.944
31
0
0
LINE
5
2D5
330
C
100
AcDbEntity
8
0
100
AcDbLine
10
150.523
20
187.944
30
0
11
150.686
21
187.941
31
0
0
LINE
5
2D6
330
C
100
AcDbEntity
8
0
100
AcDbLine
10
150.686
20
187.941
30
0
11
150.843
21
187.933
31
0
0
LINE
5
2D7
330
C
100
AcDbEntity
8
0
100
AcDbLine
10
150.843
20
187.933
30
0
11
150.994
21
187.919
31
0
0
LINE
5
2D8
330
C
100
AcDbEntity
8
0
100
AcDbLine
10
150.994
20
187.919
30
0
11
151.14
21
187.9
31
0
0
LINE
5
2D9
330
C
100
AcDbEntity
8
0
100
AcDbLine
10
151.14
20
187.9
30
0
11
151.28
21
187.876
31
0
0
LINE
5
2DA
330
C
100
AcDbEntity
8
0
100
AcDbLine
10
151.28
20
187.876
30
0
11
151.415
21
187.846
31
0
0
LINE
5
2DB
330
C
100
AcDbEntity
8
0
100
AcDbLine
10
151.415
20
187.846
30
0
11
151.544
21
187.81
31
0
0
LINE
5
2DC
330
C
100
AcDbEntity
8
0
100
AcDbLine
10
151.544
20
187.81
30
0
11
151.667
21
187.769
31
0
0
LINE
5
2DD
330
C
100
AcDbEntity
8
0
100
AcDbLine
10
151.667
20
187.769
30
0
11
151.785
21
187.723
31
0
0
LINE
5
2DE
330
C
100
AcDbEntity
8
0
100
AcDbLine
10
151.785
20
187.723
30
0
11
151.897
21
187.671
31
0
0
LINE
5
2DF
330
C
100
AcDbEntity
8
0
100
AcDbLine
10
151.897
20
187.671
30
0
11
152.003
21
187.615
31
0
0
LINE
5
2E0
330
C
100
AcDbEntity
8
0
100
AcDbLine
10
152.003
20
187.615
30
0
11
152.104
21
187.555
31
0
0
LINE
5
2E1
330
C
100
AcDbEntity
8
0
100
AcDbLine
10
152.104
20
187.555
30
0
11
152.2
21
187.492
31
0
0
LINE
5
2E2
330
C
100
AcDbEntity
8
0
100
AcDbLine
10
152.2
20
187.492
30
0
11
152.29
21
187.425
31
0
0
LINE
5
2E3
330
C
100
AcDbEntity
8
0
100
AcDbLine
10
152.29
20
187.425
30
0
11
152.374
21
187.355
31
0
0
LINE
5
2E4
330
C
100
AcDbEntity
8
0
100
AcDbLine
10
152.374
20
187.355
30
0
11
152.453
21
187.281
31
0
0
LINE
5
2E5
330
C
100
AcDbEntity
8
0
100
AcDbLine
10
152.453
20
187.281
30
0
11
152.526
21
187.204
31
0
0
LINE
5
2E6
330
C
100
AcDbEntity
8
0
100
AcDbLine
10
152.526
20
187.204
30
0
11
152.594
21
187.123
31
0
0
LINE
5
2E7
330
C
100
AcDbEntity
8
0
100
AcDbLine
10
152.594
20
187.123
30
0
11
152.656
21
187.039
31
0
0
LINE
5
2E8
330
C
100
AcDbEntity
8
0
100
AcDbLine
10
152.656
20
187.039
30
0
11
152.713
21
186.951
31
0
0
LINE
5
2E9
330
C
100
AcDbEntity
8
0
100
AcDbLine
10
152.713
20
186.951
30
0
11
152.764
21
186.861
31
0
0
LINE
5
2EA
330
C
100
AcDbEntity
8
0
100
AcDbLine
10
152.764
20
186.861
30
0
11
152.81
21
186.769
31
0
0
LINE
5
2EB
330
C
100
AcDbEntity
8
0
100
AcDbLine
10
152.81
20
186.769
30
0
11
152.851
21
186.676
31
0
0
LINE
5
2EC
330
C
100
AcDbEntity
8
0
100
AcDbLine
10
152.851
20
186.676
30
0
11
152.886
21
186.58
31
0
0
LINE
5
2ED
330
C
100
AcDbEntity
8
0
100
AcDbLine
10
152.886
20
186.58
30
0
11
152.916
21
186.484
31
0
0
LINE
5
2EE
330
C
100
AcDbEntity
8
0
100
AcDbLine
10
152.916
20
186.484
30
0
11
152.94
21
186.385
31
0
0
LINE
5
2EF
330
C
100
AcDbEntity
8
0
100
AcDbLine
10
152.94
20
186.385
30
0
11
152.959
21
186.286
31
0
0
LINE
5
2F0
330
C
100
AcDbEntity
8
0
100
AcDbLine
10
152.959
20
186.286
30
0
11
152.972
21
186.184
31
0
0
LINE
5
2F1
330
C
100
AcDbEntity
8
0
100
AcDbLine
10
152.972
20
186.184
30
0
11
152.98
21
186.081
31
0
0
LINE
5
2F2
330
C
100
AcDbEntity
8
0
100
AcDbLine
10
152.98
20
186.081
30
0
11
152.983
21
185.976
31
0
0
LINE
5
2F3
330
C
100
AcDbEntity
8
0
100
AcDbLine
10
152.983
20
185.976
30
0
11
152.983
21
185.976
31
0
0
LINE
5
2F4
330
C
100
AcDbEntity
8
0
100
AcDbLine
10
152.983
20
185.976
30
0
11
152.979
21
185.848
31
0
0
LINE
5
2F5
330
C
100
AcDbEntity
8
0
100
AcDbLine
10
152.979
20
185.848
30
0
11
152.969
21
185.724
31
0
0
LINE
5
2F6
330
C
100
AcDbEntity
8
0
100
AcDbLine
10
152.969
20
185.724
30
0
11
152.951
21
185.603
31
0
0
LINE
5
2F7
330
C
100
AcDbEntity
8
0
100
AcDbLine
10
152.951
20
185.603
30
0
11
152.926
21
185.485
31
0
0
LINE
5
2F8
330
C
100
AcDbEntity
8
0
100
AcDbLine
10
152.926
20
185.485
30
0
11
152.894
21
185.371
31
0
0
LINE
5
2F9
330
C
100
AcDbEntity
8
0
100
AcDbLine
10
152.894
20
185.371
30
0
11
152.854
21
185.26
31
0
0
LINE
5
2FA
330
C
100
AcDbEntity
8
0
100
AcDbLine
10
152.854
20
185.26
30
0
11
152.808
21
185.153
31
0
0
LINE
5
2FB
330
C
100
AcDbEntity
8
0
100
AcDbLine
10
152.808
20
185.153
30
0
11
152.755
21
185.049
31
0
0
LINE
5
2FC
330
C
100
AcDbEntity
8
0
100
AcDbLine
10
152.755
20
185.049
30
0
11
152.694
21
184.948
31
0
0
LINE
5
2FD
330
C
100
AcDbEntity
8
0
100
AcDbLine
10
152.694
20
184.948
30
0
11
152.626
21
184.851
31
0
0
LINE
5
2FE
330
C
100
AcDbEntity
8
0
100
AcDbLine
10
152.626
20
184.851
30
0
11
152.551
21
184.759
31
0
0
LINE
5
2FF
330
C
100
AcDbEntity
8
0
100
AcDbLine
10
152.551
20
184.759
30
0
11
152.469
21
184.672
31
0
0
LINE
5
300
330
C
100
AcDbEntity
8
0
100
AcDbLine
10
152.469
20
184.672
30
0
11
152.38
21
184.592
31
0
0
LINE
5
301
330
C
100
AcDbEntity
8
0
100
AcDbLine
10
152.38
20
184.592
30
0
11
152.283
21
184.518
31
0
0
LINE
5
302
330
C
100
AcDbEntity
8
0
100
AcDbLine
10
152.283
20
184.518
30
0
11
152.18
21
184.45
31
0
0
LINE
5
303
330
C
100
AcDbEntity
8
0
100
AcDbLine
10
152.18
20
184.45
30
0
11
152.069
21
184.388
31
0
0
LINE
5
304
330
C
100
AcDbEntity
8
0
100
AcDbLine
10
152.069
20
184.388
30
0
11
151.951
21
184.332
31
0
0
LINE
5
305
330
C
100
AcDbEntity
8
0
100
AcDbLine
10
151.951
20
184.332
30
0
11
151.826
21
184.282
31
0
0
LINE
5
306
330
C
100
AcDbEntity
8
0
100
AcDbLine
10
151.826
20
184.282
30
0
11
151.694
21
184.238
31
0
0
LINE
5
307
330
C
100
AcDbEntity
8
0
100
AcDbLine
10
151.694
20
184.238
30
0
11
151.555
21
184.2
31
0
0
LINE
5
308
330
C
100
AcDbEntity
8
0
100
AcDbLine
10
151.555
20
184.2
30
0
11
151.555
21
184.2
31
0
0
LINE
5
309
330
C
100
AcDbEntity
8
0
100
AcDbLine
10
151.555
20
184.2
30
0
11
151.646
21
184.184
31
0
0
LINE
5
30A
330
C
100
AcDbEntity
8
0
100
AcDbLine
10
151.646
20
184.184
30
0
11
151.735
21
184.164
31
0
0
LINE
5
30B
330
C
100
AcDbEntity
8
0
100
AcDbLine
10
151.735
20
184.164
30
0
11
151.822
21
184.14
31
0
0
LINE
5
30C
330
C
100
AcDbEntity
8
0
100
AcDbLine
10
151.822
20
184.14
30
0
11
151.907
21
184.113
31
0
0
LINE
5
30D
330
C
100
AcDbEntity
8
0
100
AcDbLine
10
151.907
20
184.113
30
0
11
151.989
21
184.082
31
0
0
LINE
5
30E
330
C
100
AcDbEntity
8
0
100
AcDbLine
10
151.989
20
184.082
30
0
11
152.069
21
184.048
31
0
0
LINE
5
30F
330
C
100
AcDbEntity
8
0
100
AcDbLine
10
152.069
20
184.048
30
0
11
152.147
21
184.01
31
0
0
LINE
5
310
330
C
100
AcDbEntity
8
0
100
AcDbLine
10
152.147
20
184.01
30
0
11
152.223
21
183.968
31
0
0
LINE
5
311
330
C
100
AcDbEntity
8
0
100
AcDbLine
10
152.223
20
183.968
30
0
11
152.297
21
183.922
31
0
0
LINE
5
312
330
C
100
AcDbEntity
8
0
100
AcDbLine
10
152.297
20
183.922
30
0
11
152.368
21
183.873
31
0
0
LINE
5
313
330
C
100
AcDbEntity
8
0
100
AcDbLine
10
152.368
20
183.873
30
0
11
152.437
21
183.821
31
0
0
LINE
5
314
330
C
100
AcDbEntity
8
0
100
AcDbLine
10
152.437
20
183.821
30
0
11
152.502
21
183.766
31
0
0
LINE
5
315
330
C
100
AcDbEntity
8
0
100
AcDbLine
10
152.502
20
183.766
30
0
11
152.565
21
183.71
31
0
0
LINE
5
316
330
C
100
AcDbEntity
8
0
100
AcDbLine
10
152.565
20
183.71
30
0
11
152.624
21
183.651
31
0
0
LINE
5
317
330
C
100
AcDbEntity
8
0
100
AcDbLine
10
152.624
20
183.651
30
0
11
152.681
21
183.589
31
0
0
LINE
5
318
330
C
100
AcDbEntity
8
0
100
AcDbLine
10
152.681
20
183.589
30
0
11
152.734
21
183.526
31
0
0
LINE
5
319
330
C
100
AcDbEntity
8
0
100
AcDbLine
10
152.734
20
183.526
30
0
11
152.784
21
183.46
31
0
0
LINE
5
31A
330
C
100
AcDbEntity
8
0
100
AcDbLine
10
152.784
20
183.46
30
0
11
152.832
21
183.392
31
0
0
LINE
5
31B
330
C
100
AcDbEntity
8
0
100
AcDbLine
10
152.832
20
183.392
30
0
11
152.876
21
183.322
31
0
0
LINE
5
31C
330
C
100
AcDbEntity
8
0
100
AcDbLine
10
152.876
20
183.322
30
0
11
152.917
21
183.249
31
0
0
LINE
5
31D
330
C
100
AcDbEntity
8
0
100
AcDbLine
10
152.917
20
183.249
30
0
11
152.955
21
183.175
31
0
0
LINE
5
31E
330
C
100
AcDbEntity
8
0
100
AcDbLine
10
152.955
20
183.175
30
0
11
152.988
21
183.099
31
0
0
LINE
5
31F
330
C
100
AcDbEntity
8
0
100
AcDbLine
10
152.988
20
183.099
30
0
11
153.018
21
183.023
31
0
0
LINE
5
320
330
C
100
AcDbEntity
8
0
100
AcDbLine
10
153.018
20
183.023
30
0
11
153.044
21
182.946
31
0
0
LINE
5
321
330
C
100
AcDbEntity
8
0
100
AcDbLine
10
153.044
20
182.946
30
0
11
153.065
21
182.867
31
0
0
LINE
5
322
330
C
100
AcDbEntity
8
0
100
AcDbLine
10
153.065
20
182.867
30
0
11
153.083
21
182.788
31
0
0
LINE
5
323
330
C
100
AcDbEntity
8
0
100
AcDbLine
10
153.083
20
182.788
30
0
11
153.097
21
182.707
31
0
0
LINE
5
324
330
C
100
AcDbEntity
8
0
100
AcDbLine
10
153.097
20
182.707
30
0
11
153.107
21
182.626
31
0
0
LINE
5
325
330
C
100
AcDbEntity
8
0
100
AcDbLine
10
153.107
20
182.626
30
0
11
153.113
21
182.543
31
0
0
LINE
5
326
330
C
100
AcDbEntity
8
0
100
AcDbLine
10
153.113
20
182.543
30
0
11
153.115
21
182.46
31
0
0
LINE
5
327
330
C
100
AcDbEntity
8
0
100
AcDbLine
10
153.115
20
182.46
30
0
11
153.115
21
182.46
31
0
0
LINE
5
328
330
C
100
AcDbEntity
8
0
100
AcDbLine
10
153.115
20
182.46
30
0
11
153.114
21
182.383
31
0
0
LINE
5
329
330
C
100
AcDbEntity
8
0
100
AcDbLine
10
153.114
20
182.383
30
0
11
153.11
21
182.307
31
0
0
LINE
5
32A
330
C
100
AcDbEntity
8
0
100
AcDbLine
10
153.11
20
182.307
30
0
11
153.103
21
182.231
31
0
0
LINE
5
32B
330
C
100
AcDbEntity
8
0
100
AcDbLine
10
153.103
20
182.231
30
0
11
153.094
21
182.156
31
0
0
LINE
5
32C
330
C
100
AcDbEntity
8
0
100
AcDbLine
10
153.094
20
182.156
30
0
11
153.083
21
182.081
31
0
0
LINE
5
32D
330
C
100
AcDbEntity
8
0
100
AcDbLine
10
153.083
20
182.081
30
0
11
153.069
21
182.006
31
0
0
LINE
5
32E
330
C
100
AcDbEntity
8
0
100
AcDbLine
10
153.069
20
182.006
30
0
11
153.052
21
181.931
31
0
0
LINE
5
32F
330
C
100
AcDbEntity
8
0
100
AcDbLine
10
153.052
20
181.931
30
0
11
153.032
21
181.857
31
0
0
LINE
5
330
330
C
100
AcDbEntity
8
0
100
AcDbLine
10
153.032
20
181.857
30
0
11
153.011
21
181.783
31
0
0
LINE
5
331
330
C
100
AcDbEntity
8
0
100
AcDbLine
10
153.011
20
181.783
30
0
11
152.986
21
181.71
31
0
0
LINE
5
332
330
C
100
AcDbEntity
8
0
100
AcDbLine
10
152.986
20
181.71
30
0
11
152.958
21
181.638
31
0
0
LINE
5
333
330
C
100
AcDbEntity
8
0
100
AcDbLine
10
152.958
20
181.638
30
0
11
152.928
21
181.566
31
0
0
LINE
5
334
330
C
100
AcDbEntity
8
0
100
AcDbLine
10
152.928
20
181.566
30
0
11
152.893
21
181.497
31
0
0
LINE
5
335
330
C
100
AcDbEntity
8
0
100
AcDbLine
10
152.893
20
181.497
30
0
11
152.855
21
181.429
31
0
0
LINE
5
336
330
C
100
AcDbEntity
8
0
100
AcDbLine
10
152.855
20
181.429
30
0
11
152.814
21
181.362
31
0
0
LINE
5
337
330
C
100
AcDbEntity
8
0
100
AcDbLine
10
152.814
20
181.362
30
0
11
152.77
21
181.297
31
0
0
LINE
5
338
330
C
100
AcDbEntity
8
0
100
AcDbLine
10
152.77
20
181.297
30
0
11
152.722
21
181.233
31
0
0
LINE
5
339
330
C
100
AcDbEntity
8
0
100
AcDbLine
10
152.722
20
181.233
30
0
11
152.67
21
181.17
31
0
0
LINE
5
33A
330
C
100
AcDbEntity
8
0
100
AcDbLine
10
152.67
20
181.17
30
0
11
152.615
21
181.11
31
0
0
LINE
5
33B
330
C
100
AcDbEntity
8
0
100
AcDbLine
10
152.615
20
181.11
30
0
11
152.557
21
181.05
31
0
0
LINE
5
33C
330
C
100
AcDbEntity
8
0
100
AcDbLine
10
152.557
20
181.05
30
0
11
152.495
21
180.992
31
0
0
LINE
5
33D
330
C
100
AcDbEntity
8
0
100
AcDbLine
10
152.495
20
180.992
30
0
11
152.429
21
180.937
31
0
0
LINE
5
33E
330
C
100
AcDbEntity
8
0
100
AcDbLine
10
152.429
20
180.937
30
0
11
152.359
21
180.884
31
0
0
LINE
5
33F
330
C
100
AcDbEntity
8
0
100
AcDbLine
10
152.359
20
180.884
30
0
11
152.285
21
180.834
31
0
0
LINE
5
340
330
C
100
AcDbEntity
8
0
100
AcDbLine
10
152.285
20
180.834
30
0
11
152.208
21
180.786
31
0
0
LINE
5
341
330
C
100
AcDbEntity
8
0
100
AcDbLine
10
152.208
20
180.786
30
0
11
152.126
21
180.74
31
0
0
LINE
5
342
330
C
100
AcDbEntity
8
0
100
AcDbLine
10
152.126
20
180.74
30
0
11
152.04
21
180.697
31
0
0
LINE
5
343
330
C
100
AcDbEntity
8
0
100
AcDbLine
10
152.04
20
180.697
30
0
11
151.95
21
180.656
31
0
0
LINE
5
344
330
C
100
AcDbEntity
8
0
100
AcDbLine
10
151.95
20
180.656
30
0
11
151.857
21
180.618
31
0
0
LINE
5
345
330
C
100
AcDbEntity
8
0
100
AcDbLine
10
151.857
20
180.618
30
0
11
151.759
21
180.582
31
0
0
LINE
5
346
330
C
100
AcDbEntity
8
0
100
AcDbLine
10
151.759
20
180.582
30
0
11
151.657
21
180.549
31
0
0
LINE
5
347
330
C
100
AcDbEntity
8
0
100
AcDbLine
10
151.657
20
180.549
30
0
11
151.55
21
180.519
31
0
0
LINE
5
348
330
C
100
AcDbEntity
8
0
100
AcDbLine
10
151.55
20
180.519
30
0
11
151.439
21
180.493
31
0
0
LINE
5
349
330
C
100
AcDbEntity
8
0
100
AcDbLine
10
151.439
20
180.493
30
0
11
151.322
21
180.471
31
0
0
LINE
5
34A
330
C
100
AcDbEntity
8
0
100
AcDbLine
10
151.322
20
180.471
30
0
11
151.201
21
180.452
31
0
0
LINE
5
34B
330
C
100
AcDbEntity
8
0
100
AcDbLine
10
151.201
20
180.452
30
0
11
151.075
21
180.436
31
0
0
LINE
5
34C
330
C
100
AcDbEntity
8
0
100
AcDbLine
10
151.075
20
180.436
30
0
11
150.944
21
180.424
31
0
0
LINE
5
34D
330
C
100
AcDbEntity
8
0
100
AcDbLine
10
150.944
20
180.424
30
0
11
150.809
21
180.415
31
0
0
LINE
5
34E
330
C
100
AcDbEntity
8
0
100
AcDbLine
10
150.809
20
180.415
30
0
11
150.668
21
180.41
31
0
0
LINE
5
34F
330
C
100
AcDbEntity
8
0
100
AcDbLine
10
150.668
20
180.41
30
0
11
150.523
21
180.408
31
0
0
LINE
5
350
330
C
100
AcDbEntity
8
0
100
AcDbLine
10
150.523
20
180.408
30
0
11
150.523
21
180.408
31
0
0
LINE
5
351
330
C
100
AcDbEntity
8
0
100
AcDbLine
10
150.523
20
180.408
30
0
11
150.523
21
180.408
31
0
0
LINE
5
352
330
C
100
AcDbEntity
8
0
100
AcDbLine
10
148.639
20
183.768
30
0
11
148.639
21
181.224
31
0
0
LINE
5
353
330
C
100
AcDbEntity
8
0
100
AcDbLine
10
148.639
20
181.224
30
0
11
150.511
21
181.224
31
0
0
LINE
5
354
330
C
100
AcDbEntity
8
0
100
AcDbLine
10
150.511
20
181.224
30
0
11
150.678
21
181.228
31
0
0
LINE
5
355
330
C
100
AcDbEntity
8
0
100
AcDbLine
10
150.678
20
181.228
30
0
11
150.835
21
181.238
31
0
0
LINE
5
356
330
C
100
AcDbEntity
8
0
100
AcDbLine
10
150.835
20
181.238
30
0
11
150.982
21
181.256
31
0
0
LINE
5
357
330
C
100
AcDbEntity
8
0
100
AcDbLine
10
150.982
20
181.256
30
0
11
151.12
21
181.282
31
0
0
LINE
5
358
330
C
100
AcDbEntity
8
0
100
AcDbLine
10
151.12
20
181.282
30
0
11
151.248
21
181.314
31
0
0
LINE
5
359
330
C
100
AcDbEntity
8
0
100
AcDbLine
10
151.248
20
181.314
30
0
11
151.367
21
181.354
31
0
0
LINE
5
35A
330
C
100
AcDbEntity
8
0
100
AcDbLine
10
151.367
20
181.354
30
0
11
151.476
21
181.4
31
0
0
LINE
5
35B
330
C
100
AcDbEntity
8
0
100
AcDbLine
10
151.476
20
181.4
30
0
11
151.575
21
181.454
31
0
0
LINE
5
35C
330
C
100
AcDbEntity
8
0
100
AcDbLine
10
151.575
20
181.454
30
0
11
151.664
21
181.516
31
0
0
LINE
5
35D
330
C
100
AcDbEntity
8
0
100
AcDbLine
10
151.664
20
181.516
30
0
11
151.744
21
181.584
31
0
0
LINE
5
35E
330
C
100
AcDbEntity
8
0
100
AcDbLine
10
151.744
20
181.584
30
0
11
151.815
21
181.658
31
0
0
LINE
5
35F
330
C
100
AcDbEntity
8
0
100
AcDbLine
10
151.815
20
181.658
30
0
11
151.879
21
181.736
31
0
0
LINE
5
360
330
C
100
AcDbEntity
8
0
100
AcDbLine
10
151.879
20
181.736
30
0
11
151.935
21
181.818
31
0
0
LINE
5
361
330
C
100
AcDbEntity
8
0
100
AcDbLine
10
151.935
20
181.818
30
0
11
151.984
21
181.905
31
0
0
LINE
5
362
330
C
100
AcDbEntity
8
0
100
AcDbLine
10
151.984
20
181.905
30
0
11
152.025
21
181.995
31
0
0
LINE
5
363
330
C
100
AcDbEntity
8
0
100
AcDbLine
10
152.025
20
181.995
30
0
11
152.059
21
182.089
31
0
0
LINE
5
364
330
C
100
AcDbEntity
8
0
100
AcDbLine
10
152.059
20
182.089
30
0
11
152.085
21
182.188
31
0
0
LINE
5
365
330
C
100
AcDbEntity
8
0
100
AcDbLine
10
152.085
20
182.188
30
0
11
152.104
21
182.291
31
0
0
LINE
5
366
330
C
100
AcDbEntity
8
0
100
AcDbLine
10
152.104
20
182.291
30
0
11
152.115
21
182.397
31
0
0
LINE
5
367
330
C
100
AcDbEntity
8
0
100
AcDbLine
10
152.115
20
182.397
30
0
11
152.119
21
182.508
31
0
0
LINE
5
368
330
C
100
AcDbEntity
8
0
100
AcDbLine
10
152.119
20
182.508
30
0
11
152.119
21
182.508
31
0
0
LINE
5
369
330
C
100
AcDbEntity
8
0
100
AcDbLine
10
152.119
20
182.508
30
0
11
152.115
21
182.62
31
0
0
LINE
5
36A
330
C
100
AcDbEntity
8
0
100
AcDbLine
10
152.115
20
182.62
30
0
11
152.103
21
182.727
31
0
0
LINE
5
36B
330
C
100
AcDbEntity
8
0
100
AcDbLine
10
152.103
20
182.727
30
0
11
152.082
21
182.83
31
0
0
LINE
5
36C
330
C
100
AcDbEntity
8
0
100
AcDbLine
10
152.082
20
182.83
30
0
11
152.054
21
182.928
31
0
0
LINE
5
36D
330
C
100
AcDbEntity
8
0
100
AcDbLine
10
152.054
20
182.928
30
0
11
152.017
21
183.022
31
0
0
LINE
5
36E
330
C
100
AcDbEntity
8
0
100
AcDbLine
10
152.017
20
183.022
30
0
11
151.972
21
183.111
31
0
0
LINE
5
36F
330
C
100
AcDbEntity
8
0
100
AcDbLine
10
151.972
20
183.111
30
0
11
151.919
21
183.196
31
0
0
LINE
5
370
330
C
100
AcDbEntity
8
0
100
AcDbLine
10
151.919
20
183.196
30
0
11
151.858
21
183.276
31
0
0
LINE
5
371
330
C
100
AcDbEntity
8
0
100
AcDbLine
10
151.858
20
183.276
30
0
11
151.789
21
183.352
31
0
0
LINE
5
372
330
C
100
AcDbEntity
8
0
100
AcDbLine
10
151.789
20
183.352
30
0
11
151.711
21
183.423
31
0
0
LINE
5
373
330
C
100
AcDbEntity
8
0
100
AcDbLine
10
151.711
20
183.423
30
0
11
151.626
21
183.489
31
0
0
LINE
5
374
330
C
100
AcDbEntity
8
0
100
AcDbLine
10
151.626
20
183.489
30
0
11
151.532
21
183.547
31
0
0
LINE
5
375
330
C
100
AcDbEntity
8
0
100
AcDbLine
10
151.532
20
183.547
30
0
11
151.432
21
183.599
31
0
0
LINE
5
376
330
C
100
AcDbEntity
8
0
100
AcDbLine
10
151.432
20
183.599
30
0
11
151.323
21
183.644
31
0
0
LINE
5
377
330
C
100
AcDbEntity
8
0
100
AcDbLine
10
151.323
20
183.644
30
0
11
151.207
21
183.682
31
0
0
LINE
5
378
330
C
100
AcDbEntity
8
0
100
AcDbLine
10
151.207
20
183.682
30
0
11
151.083
21
183.713
31
0
0
LINE
5
379
330
C
100
AcDbEntity
8
0
100
AcDbLine
10
151.083
20
183.713
30
0
11
150.952
21
183.737
31
0
0
LINE
5
37A
330
C
100
AcDbEntity
8
0
100
AcDbLine
10
150.952
20
183.737
30
0
11
150.812
21
183.754
31
0
0
LINE
5
37B
330
C
100
AcDbEntity
8
0
100
AcDbLine
10
150.812
20
183.754
30
0
11
150.666
21
183.765
31
0
0
LINE
5
37C
330
C
100
AcDbEntity
8
0
100
AcDbLine
10
150.666
20
183.765
30
0
11
150.511
21
183.768
31
0
0
LINE
5
37D
330
C
100
AcDbEntity
8
0
100
AcDbLine
10
150.511
20
183.768
30
0
11
150.511
21
183.768
31
0
0
LINE
5
37E
330
C
100
AcDbEntity
8
0
100
AcDbLine
10
150.511
20
183.768
30
0
11
148.639
21
183.768
31
0
0
LINE
5
37F
330
C
100
AcDbEntity
8
0
100
AcDbLine
10
148.639
20
183.768
30
0
11
148.639
21
183.768
31
0
0
LINE
5
380
330
C
100
AcDbEntity
8
0
100
AcDbLine
10
150.499
20
187.14
30
0
11
148.639
21
187.14
31
0
0
LINE
5
381
330
C
100
AcDbEntity
8
0
100
AcDbLine
10
148.639
20
187.14
30
0
11
148.639
21
184.572
31
0
0
LINE
5
382
330
C
100
AcDbEntity
8
0
100
AcDbLine
10
148.639
20
184.572
30
0
11
150.487
21
184.572
31
0
0
LINE
5
383
330
C
100
AcDbEntity
8
0
100
AcDbLine
10
150.487
20
184.572
30
0
11
150.625
21
184.575
31
0
0
LINE
5
384
330
C
100
AcDbEntity
8
0
100
AcDbLine
10
150.625
20
184.575
30
0
11
150.756
21
184.586
31
0
0
LINE
5
385
330
C
100
AcDbEntity
8
0
100
AcDbLine
10
150.756
20
184.586
30
0
11
150.883
21
184.603
31
0
0
LINE
5
386
330
C
100
AcDbEntity
8
0
100
AcDbLine
10
150.883
20
184.603
30
0
11
151.003
21
184.627
31
0
0
LINE
5
387
330
C
100
AcDbEntity
8
0
100
AcDbLine
10
151.003
20
184.627
30
0
11
151.118
21
184.658
31
0
0
LINE
5
388
330
C
100
AcDbEntity
8
0
100
AcDbLine
10
151.118
20
184.658
30
0
11
151.227
21
184.696
31
0
0
LINE
5
389
330
C
100
AcDbEntity
8
0
100
AcDbLine
10
151.227
20
184.696
30
0
11
151.33
21
184.741
31
0
0
LINE
5
38A
330
C
100
AcDbEntity
8
0
100
AcDbLine
10
151.33
20
184.741
30
0
11
151.428
21
184.793
31
0
0
LINE
5
38B
330
C
100
AcDbEntity
8
0
100
AcDbLine
10
151.428
20
184.793
30
0
11
151.52
21
184.851
31
0
0
LINE
5
38C
330
C
100
AcDbEntity
8
0
100
AcDbLine
10
151.52
20
184.851
30
0
11
151.606
21
184.917
31
0
0
LINE
5
38D
330
C
100
AcDbEntity
8
0
100
AcDbLine
10
151.606
20
184.917
30
0
11
151.685
21
184.989
31
0
0
LINE
5
38E
330
C
100
AcDbEntity
8
0
100
AcDbLine
10
151.685
20
184.989
30
0
11
151.756
21
185.066
31
0
0
LINE
5
38F
330
C
100
AcDbEntity
8
0
100
AcDbLine
10
151.756
20
185.066
30
0
11
151.819
21
185.15
31
0
0
LINE
5
390
330
C
100
AcDbEntity
8
0
100
AcDbLine
10
151.819
20
185.15
30
0
11
151.873
21
185.239
31
0
0
LINE
5
391
330
C
100
AcDbEntity
8
0
100
AcDbLine
10
151.873
20
185.239
30
0
11
151.919
21
185.333
31
0
0
LINE
5
392
330
C
100
AcDbEntity
8
0
100
AcDbLine
10
151.919
20
185.333
30
0
11
151.956
21
185.434
31
0
0
LINE
5
393
330
C
100
AcDbEntity
8
0
100
AcDbLine
10
151.956
20
185.434
30
0
11
151.985
21
185.54
31
0
0
LINE
5
394
330
C
100
AcDbEntity
8
0
100
AcDbLine
10
151.985
20
185.54
30
0
11
152.006
21
185.651
31
0
0
LINE
5
395
330
C
100
AcDbEntity
8
0
100
AcDbLine
10
152.006
20
185.651
30
0
11
152.019
21
185.769
31
0
0
LINE
5
396
330
C
100
AcDbEntity
8
0
100
AcDbLine
10
152.019
20
185.769
30
0
11
152.023
21
185.892
31
0
0
LINE
5
397
330
C
100
AcDbEntity
8
0
100
AcDbLine
10
152.023
20
185.892
30
0
11
152.023
21
185.892
31
0
0
LINE
5
398
330
C
100
AcDbEntity
8
0
100
AcDbLine
10
152.023
20
185.892
30
0
11
152.019
21
186.007
31
0
0
LINE
5
399
330
C
100
AcDbEntity
8
0
100
AcDbLine
10
152.019
20
186.007
30
0
11
152.007
21
186.117
31
0
0
LINE
5
39A
330
C
100
AcDbEntity
8
0
100
AcDbLine
10
152.007
20
186.117
30
0
11
151.987
21
186.222
31
0
0
LINE
5
39B
330
C
100
AcDbEntity
8
0
100
AcDbLine
10
151.987
20
186.222
30
0
11
151.958
21
186.321
31
0
0
LINE
5
39C
330
C
100
AcDbEntity
8
0
100
AcDbLine
10
151.958
20
186.321
30
0
11
151.922
21
186.416
31
0
0
LINE
5
39D
330
C
100
AcDbEntity
8
0
100
AcDbLine
10
151.922
20
186.416
30
0
11
151.877
21
186.505
31
0
0
LINE
5
39E
330
C
100
AcDbEntity
8
0
100
AcDbLine
10
151.877
20
186.505
30
0
11
151.825
21
186.589
31
0
0
LINE
5
39F
330
C
100
AcDbEntity
8
0
100
AcDbLine
10
151.825
20
186.589
30
0
11
151.764
21
186.668
31
0
0
LINE
5
3A0
330
C
100
AcDbEntity
8
0
100
AcDbLine
10
151.764
20
186.668
30
0
11
151.695
21
186.741
31
0
0
LINE
5
3A1
330
C
100
AcDbEntity
8
0
100
AcDbLine
10
151.695
20
186.741
30
0
11
151.618
21
186.81
31
0
0
LINE
5
3A2
330
C
100
AcDbEntity
8
0
100
AcDbLine
10
151.618
20
186.81
30
0
11
151.534
21
186.873
31
0
0
LINE
5
3A3
330
C
100
AcDbEntity
8
0
100
AcDbLine
10
151.534
20
186.873
30
0
11
151.444
21
186.929
31
0
0
LINE
5
3A4
330
C
100
AcDbEntity
8
0
100
AcDbLine
10
151.444
20
186.929
30
0
11
151.347
21
186.978
31
0
0
LINE
5
3A5
330
C
100
AcDbEntity
8
0
100
AcDbLine
10
151.347
20
186.978
30
0
11
151.245
21
187.021
31
0
0
LINE
5
3A6
330
C
100
AcDbEntity
8
0
100
AcDbLine
10
151.245
20
187.021
30
0
11
151.136
21
187.058
31
0
0
LINE
5
3A7
330
C
100
AcDbEntity
8
0
100
AcDbLine
10
151.136
20
187.058
30
0
11
151.021
21
187.087
31
0
0
LINE
5
3A8
330
C
100
AcDbEntity
8
0
100
AcDbLine
10
151.021
20
187.087
30
0
11
150.9
21
187.11
31
0
0
LINE
5
3A9
330
C
100
AcDbEntity
8
0
100
AcDbLine
10
150.9
20
187.11
30
0
11
150.772
21
187.127
31
0
0
LINE
5
3AA
330
C
100
AcDbEntity
8
0
100
AcDbLine
10
150.772
20
187.127
30
0
11
150.639
21
187.137
31
0
0
LINE
5
3AB
330
C
100
AcDbEntity
8
0
100
AcDbLine
10
150.639
20
187.137
30
0
11
150.499
21
187.14
31
0
0
LINE
5
3AC
330
C
100
AcDbEntity
8
0
100
AcDbLine
10
150.499
20
187.14
30
0
11
150.499
21
187.14
31
0
0
LINE
5
3AD
330
C
100
AcDbEntity
8
0
100
AcDbLine
10
150.499
20
187.14
30
0
11
150.499
21
187.14
31
0
0
LINE
5
3AE
330
C
100
AcDbEntity
8
0
100
AcDbLine
10
159.529
20
180.408
30
0
11
158.713
21
180.408
31
0
0
LINE
5
3AF
330
C
100
AcDbEntity
8
0
100
AcDbLine
10
158.713
20
180.408
30
0
11
158.593
21
181.668
31
0
0
LINE
5
3B0
330
C
100
AcDbEntity
8
0
100
AcDbLine
10
158.593
20
181.668
30
0
11
158.593
21
184.128
31
0
0
LINE
5
3B1
330
C
100
AcDbEntity
8
0
100
AcDbLine
10
158.593
20
184.128
30
0
11
158.59
21
184.278
31
0
0
LINE
5
3B2
330
C
100
AcDbEntity
8
0
100
AcDbLine
10
158.59
20
184.278
30
0
11
158.58
21
184.42
31
0
0
LINE
5
3B3
330
C
100
AcDbEntity
8
0
100
AcDbLine
10
158.58
20
184.42
30
0
11
158.563
21
184.553
31
0
0
LINE
5
3B4
330
C
100
AcDbEntity
8
0
100
AcDbLine
10
158.563
20
184.553
30
0
11
158.54
21
184.678
31
0
0
LINE
5
3B5
330
C
100
AcDbEntity
8
0
100
AcDbLine
10
158.54
20
184.678
30
0
11
158.511
21
184.793
31
0
0
LINE
5
3B6
330
C
100
AcDbEntity
8
0
100
AcDbLine
10
158.511
20
184.793
30
0
11
158.474
21
184.9
31
0
0
LINE
5
3B7
330
C
100
AcDbEntity
8
0
100
AcDbLine
10
158.474
20
184.9
30
0
11
158.431
21
184.998
31
0
0
LINE
5
3B8
330
C
100
AcDbEntity
8
0
100
AcDbLine
10
158.431
20
184.998
30
0
11
158.382
21
185.088
31
0
0
LINE
5
3B9
330
C
100
AcDbEntity
8
0
100
AcDbLine
10
158.382
20
185.088
30
0
11
158.326
21
185.169
31
0
0
LINE
5
3BA
330
C
100
AcDbEntity
8
0
100
AcDbLine
10
158.326
20
185.169
30
0
11
158.263
21
185.241
31
0
0
LINE
5
3BB
330
C
100
AcDbEntity
8
0
100
AcDbLine
10
158.263
20
185.241
30
0
11
158.194
21
185.305
31
0
0
LINE
5
3BC
330
C
100
AcDbEntity
8
0
100
AcDbLine
10
158.194
20
185.305
30
0
11
158.118
21
185.363
31
0
0
LINE
5
3BD
330
C
100
AcDbEntity
8
0
100
AcDbLine
10
158.118
20
185.363
30
0
11
158.035
21
185.414
31
0
0
LINE
5
3BE
330
C
100
AcDbEntity
8
0
100
AcDbLine
10
158.035
20
185.414
30
0
11
157.946
21
185.458
31
0
0
LINE
5
3BF
330
C
100
AcDbEntity
8
0
100
AcDbLine
10
157.946
20
185.458
30
0
11
157.851
21
185.495
31
0
0
LINE
5
3C0
330
C
100
AcDbEntity
8
0
100
AcDbLine
10
157.851
20
185.495
30
0
11
157.748
21
185.526
31
0
0
LINE
5
3C1
330
C
100
AcDbEntity
8
0
100
AcDbLine
10
157.748
20
185.526
30
0
11
157.639
21
185.549
31
0
0
LINE
5
3C2
330
C
100
AcDbEntity
8
0
100
AcDbLine
10
157.639
20
185.549
30
0
11
157.524
21
185.566
31
0
0
LINE
5
3C3
330
C
100
AcDbEntity
8
0
100
AcDbLine
10
157.524
20
185.566
30
0
11
157.402
21
185.577
31
0
0
LINE
5
3C4
330
C
100
AcDbEntity
8
0
100
AcDbLine
10
157.402
20
185.577
30
0
11
157.273
21
185.58
31
0
0
LINE
5
3C5
330
C
100
AcDbEntity
8
0
100
AcDbLine
10
157.273
20
185.58
30
0
11
157.273
21
185.58
31
0
0
LINE
5
3C6
330
C
100
AcDbEntity
8
0
100
AcDbLine
10
157.273
20
185.58
30
0
11
157.199
21
185.579
31
0
0
LINE
5
3C7
330
C
100
AcDbEntity
8
0
100
AcDbLine
10
157.199
20
185.579
30
0
11
157.127
21
185.576
31
0
0
LINE
5
3C8
330
C
100
AcDbEntity
8
0
100
AcDbLine
10
157.127
20
185.576
30
0
11
157.056
21
185.57
31
0
0
LINE
5
3C9
330
C
100
AcDbEntity
8
0
100
AcDbLine
10
157.056
20
185.57
30
0
11
156.986
21
185.563
31
0
0
LINE
5
3CA
330
C
100
AcDbEntity
8
0
100
AcDbLine
10
156.986
20
185.563
30
0
11
156.918
21
185.553
31
0
0
LINE
5
3CB
330
C
100
AcDbEntity
8
0
100
AcDbLine
10
156.918
20
185.553
30
0
11
156.851
21
185.541
31
0
0
LINE
5
3CC
330
C
100
AcDbEntity
8
0
100
AcDbLine
10
156.851
20
185.541
30
0
11
156.786
21
185.527
31
0
0
LINE
5
3CD
330
C
100
AcDbEntity
8
0
100
AcDbLine
10
156.786
20
185.527
30
0
11
156.722
21
185.511
31
0
0
LINE
5
3CE
330
C
100
AcDbEntity
8
0
100
AcDbLine
10
156.722
20
185.511
30
0
11
156.659
21
185.493
31
0
0
LINE
5
3CF
330
C
100
AcDbEntity
8
0
100
AcDbLine
10
156.659
20
185.493
30
0
11
156.598
21
185.472
31
0
0
LINE
5
3D0
330
C
100
AcDbEntity
8
0
100
AcDbLine
10
156.598
20
185.472
30
0
11
156.539
21
185.449
31
0
0
LINE
5
3D1
330
C
100
AcDbEntity
8
0
100
AcDbLine
10
156.539
20
185.449
30
0
11
156.482
21
185.424
31
0
0
LINE
5
3D2
330
C
100
AcDbEntity
8
0
100
AcDbLine
10
156.482
20
185.424
30
0
11
156.428
21
185.397
31
0
0
LINE
5
3D3
330
C
100
AcDbEntity
8
0
100
AcDbLine
10
156.428
20
185.397
30
0
11
156.376
21
185.367
31
0
0
LINE
5
3D4
330
C
100
AcDbEntity
8
0
100
AcDbLine
10
156.376
20
185.367
30
0
11
156.327
21
185.335
31
0
0
LINE
5
3D5
330
C
100
AcDbEntity
8
0
100
AcDbLine
10
156.327
20
185.335
30
0
11
156.28
21
185.3
31
0
0
LINE
5
3D6
330
C
100
AcDbEntity
8
0
100
AcDbLine
10
156.28
20
185.3
30
0
11
156.236
21
185.263
31
0
0
LINE
5
3D7
330
C
100
AcDbEntity
8
0
100
AcDbLine
10
156.236
20
185.263
30
0
11
156.194
21
185.224
31
0
0
LINE
5
3D8
330
C
100
AcDbEntity
8
0
100
AcDbLine
10
156.194
20
185.224
30
0
11
156.155
21
185.183
31
0
0
LINE
5
3D9
330
C
100
AcDbEntity
8
0
100
AcDbLine
10
156.155
20
185.183
30
0
11
156.118
21
185.139
31
0
0
LINE
5
3DA
330
C
100
AcDbEntity
8
0
100
AcDbLine
10
156.118
20
185.139
30
0
11
156.084
21
185.093
31
0
0
LINE
5
3DB
330
C
100
AcDbEntity
8
0
100
AcDbLine
10
156.084
20
185.093
30
0
11
156.054
21
185.044
31
0
0
LINE
5
3DC
330
C
100
AcDbEntity
8
0
100
AcDbLine
10
156.054
20
185.044
30
0
11
156.028
21
184.992
31
0
0
LINE
5
3DD
330
C
100
AcDbEntity
8
0
100
AcDbLine
10
156.028
20
184.992
30
0
11
156.005
21
184.938
31
0
0
LINE
5
3DE
330
C
100
AcDbEntity
8
0
100
AcDbLine
10
156.005
20
184.938
30
0
11
155.985
21
184.882
31
0
0
LINE
5
3DF
330
C
100
AcDbEntity
8
0
100
AcDbLine
10
155.985
20
184.882
30
0
11
155.969
21
184.823
31
0
0
LINE
5
3E0
330
C
100
AcDbEntity
8
0
100
AcDbLine
10
155.969
20
184.823
30
0
11
155.957
21
184.761
31
0
0
LINE
5
3E1
330
C
100
AcDbEntity
8
0
100
AcDbLine
10
155.957
20
184.761
30
0
11
155.948
21
184.696
31
0
0
LINE
5
3E2
330
C
100
AcDbEntity
8
0
100
AcDbLine
10
155.948
20
184.696
30
0
11
155.943
21
184.63
31
0
0
LINE
5
3E3
330
C
100
AcDbEntity
8
0
100
AcDbLine
10
155.943
20
184.63
30
0
11
155.941
21
184.56
31
0
0
LINE
5
3E4
330
C
100
AcDbEntity
8
0
100
AcDbLine
10
155.941
20
184.56
30
0
11
155.941
21
184.56
31
0
0
LINE
5
3E5
330
C
100
AcDbEntity
8
0
100
AcDbLine
10
155.941
20
184.56
30
0
11
154.897
21
184.56
31
0
0
LINE
5
3E6
330
C
100
AcDbEntity
8
0
100
AcDbLine
10
154.897
20
184.56
30
0
11
154.9
21
184.682
31
0
0
LINE
5
3E7
330
C
100
AcDbEntity
8
0
100
AcDbLine
10
154.9
20
184.682
30
0
11
154.909
21
184.8
31
0
0
LINE
5
3E8
330
C
100
AcDbEntity
8
0
100
AcDbLine
10
154.909
20
184.8
30
0
11
154.925
21
184.913
31
0
0
LINE
5
3E9
330
C
100
AcDbEntity
8
0
100
AcDbLine
10
154.925
20
184.913
30
0
11
154.946
21
185.02
31
0
0
LINE
5
3EA
330
C
100
AcDbEntity
8
0
100
AcDbLine
10
154.946
20
185.02
30
0
11
154.974
21
185.123
31
0
0
LINE
5
3EB
330
C
100
AcDbEntity
8
0
100
AcDbLine
10
154.974
20
185.123
30
0
11
155.007
21
185.221
31
0
0
LINE
5
3EC
330
C
100
AcDbEntity
8
0
100
AcDbLine
10
155.007
20
185.221
30
0
11
155.047
21
185.315
31
0
0
LINE
5
3ED
330
C
100
AcDbEntity
8
0
100
AcDbLine
10
155.047
20
185.315
30
0
11
155.093
21
185.403
31
0
0
LINE
5
3EE
330
C
100
AcDbEntity
8
0
100
AcDbLine
10
155.093
20
185.403
30
0
11
155.145
21
185.486
31
0
0
LINE
5
3EF
330
C
100
AcDbEntity
8
0
100
AcDbLine
10
155.145
20
185.486
30
0
11
155.203
21
185.565
31
0
0
LINE
5
3F0
330
C
100
AcDbEntity
8
0
100
AcDbLine
10
155.203
20
185.565
30
0
11
155.267
21
185.639
31
0
0
LINE
5
3F1
330
C
100
AcDbEntity
8
0
100
AcDbLine
10
155.267
20
185.639
30
0
11
155.335
21
185.709
31
0
0
LINE
5
3F2
330
C
100
AcDbEntity
8
0
100
AcDbLine
10
155.335
20
185.709
30
0
11
155.407
21
185.775
31
0
0
LINE
5
3F3
330
C
100
AcDbEntity
8
0
100
AcDbLine
10
155.407
20
185.775
30
0
11
155.485
21
185.836
31
0
0
LINE
5
3F4
330
C
100
AcDbEntity
8
0
100
AcDbLine
10
155.485
20
185.836
30
0
11
155.567
21
185.893
31
0
0
LINE
5
3F5
330
C
100
AcDbEntity
8
0
100
AcDbLine
10
155.567
20
185.893
30
0
11
155.653
21
185.947
31
0
0
LINE
5
3F6
330
C
100
AcDbEntity
8
0
100
AcDbLine
10
155.653
20
185.947
30
0
11
155.745
21
185.995
31
0
0
LINE
5
3F7
330
C
100
AcDbEntity
8
0
100
AcDbLine
10
155.745
20
185.995
30
0
11
155.84
21
186.04
31
0
0
LINE
5
3F8
330
C
100
AcDbEntity
8
0
100
AcDbLine
10
155.84
20
186.04
30
0
11
155.941
21
186.081
31
0
0
LINE
5
3F9
330
C
100
AcDbEntity
8
0
100
AcDbLine
10
155.941
20
186.081
30
0
11
156.046
21
186.117
31
0
0
LINE
5
3FA
330
C
100
AcDbEntity
8
0
100
AcDbLine
10
156.046
20
186.117
30
0
11
156.155
21
186.149
31
0
0
LINE
5
3FB
330
C
100
AcDbEntity
8
0
100
AcDbLine
10
156.155
20
186.149
30
0
11
156.267
21
186.179
31
0
0
LINE
5
3FC
330
C
100
AcDbEntity
8
0
100
AcDbLine
10
156.267
20
186.179
30
0
11
156.382
21
186.204
31
0
0
LINE
5
3FD
330
C
100
AcDbEntity
8
0
100
AcDbLine
10
156.382
20
186.204
30
0
11
156.5
21
186.226
31
0
0
LINE
5
3FE
330
C
100
AcDbEntity
8
0
100
AcDbLine
10
156.5
20
186.226
30
0
11
156.621
21
186.245
31
0
0
LINE
5
3FF
330
C
100
AcDbEntity
8
0
100
AcDbLine
10
156.621
20
186.245
30
0
11
156.745
21
186.261
31
0
0
LINE
5
400
330
C
100
AcDbEntity
8
0
100
AcDbLine
10
156.745
20
186.261
30
0
11
156.873
21
186.273
31
0
0
LINE
5
401
330
C
100
AcDbEntity
8
0
100
AcDbLine
10
156.873
20
186.273
30
0
11
157.003
21
186.281
31
0
0
LINE
5
402
330
C
100
AcDbEntity
8
0
100
AcDbLine
10
157.003
20
186.281
30
0
11
157.137
21
186.286
31
0
0
LINE
5
403
330
C
100
AcDbEntity
8
0
100
AcDbLine
10
157.137
20
186.286
30
0
11
157.273
21
186.288
31
0
0
LINE
5
404
330
C
100
AcDbEntity
8
0
100
AcDbLine
10
157.273
20
186.288
30
0
11
157.273
21
186.288
31
0
0
LINE
5
405
330
C
100
AcDbEntity
8
0
100
AcDbLine
10
157.273
20
186.288
30
0
11
157.404
21
186.286
31
0
0
LINE
5
406
330
C
100
AcDbEntity
8
0
100
AcDbLine
10
157.404
20
186.286
30
0
11
157.531
21
186.279
31
0
0
LINE
5
407
330
C
100
AcDbEntity
8
0
100
AcDbLine
10
157.531
20
186.279
30
0
11
157.655
21
186.268
31
0
0
LINE
5
408
330
C
100
AcDbEntity
8
0
100
AcDbLine
10
157.655
20
186.268
30
0
11
157.777
21
186.252
31
0
0
LINE
5
409
330
C
100
AcDbEntity
8
0
100
AcDbLine
10
157.777
20
186.252
30
0
11
157.895
21
186.232
31
0
0
LINE
5
40A
330
C
100
AcDbEntity
8
0
100
AcDbLine
10
157.895
20
186.232
30
0
11
158.011
21
186.208
31
0
0
LINE
5
40B
330
C
100
AcDbEntity
8
0
100
AcDbLine
10
158.011
20
186.208
30
0
11
158.124
21
186.179
31
0
0
LINE
5
40C
330
C
100
AcDbEntity
8
0
100
AcDbLine
10
158.124
20
186.179
30
0
11
158.233
21
186.146
31
0
0
LINE
5
40D
330
C
100
AcDbEntity
8
0
100
AcDbLine
10
158.233
20
186.146
30
0
11
158.339
21
186.108
31
0
0
LINE
5
40E
330
C
100
AcDbEntity
8
0
100
AcDbLine
10
158.339
20
186.108
30
0
11
158.443
21
186.066
31
0
0
LINE
5
40F
330
C
100
AcDbEntity
8
0
100
AcDbLine
10
158.443
20
186.066
30
0
11
158.543
21
186.019
31
0
0
LINE
5
410
330
C
100
AcDbEntity
8
0
100
AcDbLine
10
158.543
20
186.019
30
0
11
158.638
21
185.967
31
0
0
LINE
5
411
330
C
100
AcDbEntity
8
0
100
AcDbLine
10
158.638
20
185.967
30
0
11
158.729
21
185.909
31
0
0
LINE
5
412
330
C
100
AcDbEntity
8
0
100
AcDbLine
10
158.729
20
185.909
30
0
11
158.815
21
185.847
31
0
0
LINE
5
413
330
C
100
AcDbEntity
8
0
100
AcDbLine
10
158.815
20
185.847
30
0
11
158.898
21
185.779
31
0
0
LINE
5
414
330
C
100
AcDbEntity
8
0
100
AcDbLine
10
158.898
20
185.779
30
0
11
158.975
21
185.706
31
0
0
LINE
5
415
330
C
100
AcDbEntity
8
0
100
AcDbLine
10
158.975
20
185.706
30
0
11
159.048
21
185.627
31
0
0
LINE
5
416
330
C
100
AcDbEntity
8
0
100
AcDbLine
10
159.048
20
185.627
30
0
11
159.117
21
185.544
31
0
0
LINE
5
417
330
C
100
AcDbEntity
8
0
100
AcDbLine
10
159.117
20
185.544
30
0
11
159.181
21
185.455
31
0
0
LINE
5
418
330
C
100
AcDbEntity
8
0
100
AcDbLine
10
159.181
20
185.455
30
0
11
159.241
21
185.361
31
0
0
LINE
5
419
330
C
100
AcDbEntity
8
0
100
AcDbLine
10
159.241
20
185.361
30
0
11
159.296
21
185.261
31
0
0
LINE
5
41A
330
C
100
AcDbEntity
8
0
100
AcDbLine
10
159.296
20
185.261
30
0
11
159.345
21
185.156
31
0
0
LINE
5
41B
330
C
100
AcDbEntity
8
0
100
AcDbLine
10
159.345
20
185.156
30
0
11
159.388
21
185.045
31
0
0
LINE
5
41C
330
C
100
AcDbEntity
8
0
100
AcDbLine
10
159.388
20
185.045
30
0
11
159.425
21
184.928
31
0
0
LINE
5
41D
330
C
100
AcDbEntity
8
0
100
AcDbLine
10
159.425
20
184.928
30
0
11
159.457
21
184.805
31
0
0
LINE
5
41E
330
C
100
AcDbEntity
8
0
100
AcDbLine
10
159.457
20
184.805
30
0
11
159.483
21
184.677
31
0
0
LINE
5
41F
330
C
100
AcDbEntity
8
0
100
AcDbLine
10
159.483
20
184.677
30
0
11
159.503
21
184.542
31
0
0
LINE
5
420
330
C
100
AcDbEntity
8
0
100
AcDbLine
10
159.503
20
184.542
30
0
11
159.517
21
184.402
31
0
0
LINE
5
421
330
C
100
AcDbEntity
8
0
100
AcDbLine
10
159.517
20
184.402
30
0
11
159.526
21
184.256
31
0
0
LINE
5
422
330
C
100
AcDbEntity
8
0
100
AcDbLine
10
159.526
20
184.256
30
0
11
159.529
21
184.104
31
0
0
LINE
5
423
330
C
100
AcDbEntity
8
0
100
AcDbLine
10
159.529
20
184.104
30
0
11
159.529
21
184.104
31
0
0
LINE
5
424
330
C
100
AcDbEntity
8
0
100
AcDbLine
10
159.529
20
184.104
30
0
11
159.529
21
180.408
31
0
0
LINE
5
425
330
C
100
AcDbEntity
8
0
100
AcDbLine
10
159.529
20
180.408
30
0
11
159.529
21
180.408
31
0
0
LINE
5
426
330
C
100
AcDbEntity
8
0
100
AcDbLine
10
156.757
20
180.264
30
0
11
156.757
21
180.264
31
0
0
LINE
5
427
330
C
100
AcDbEntity
8
0
100
AcDbLine
10
156.757
20
180.264
30
0
11
156.618
21
180.267
31
0
0
LINE
5
428
330
C
100
AcDbEntity
8
0
100
AcDbLine
10
156.618
20
180.267
30
0
11
156.484
21
180.274
31
0
0
LINE
5
429
330
C
100
AcDbEntity
8
0
100
AcDbLine
10
156.484
20
180.274
30
0
11
156.354
21
180.287
31
0
0
LINE
5
42A
330
C
100
AcDbEntity
8
0
100
AcDbLine
10
156.354
20
180.287
30
0
11
156.23
21
180.304
31
0
0
LINE
5
42B
330
C
100
AcDbEntity
8
0
100
AcDbLine
10
156.23
20
180.304
30
0
11
156.111
21
180.327
31
0
0
LINE
5
42C
330
C
100
AcDbEntity
8
0
100
AcDbLine
10
156.111
20
180.327
30
0
11
155.996
21
180.355
31
0
0
LINE
5
42D
330
C
100
AcDbEntity
8
0
100
AcDbLine
10
155.996
20
180.355
30
0
11
155.886
21
180.387
31
0
0
LINE
5
42E
330
C
100
AcDbEntity
8
0
100
AcDbLine
10
155.886
20
180.387
30
0
11
155.782
21
180.425
31
0
0
LINE
5
42F
330
C
100
AcDbEntity
8
0
100
AcDbLine
10
155.782
20
180.425
30
0
11
155.682
21
180.468
31
0
0
LINE
5
430
330
C
100
AcDbEntity
8
0
100
AcDbLine
10
155.682
20
180.468
30
0
11
155.587
21
180.516
31
0
0
LINE
5
431
330
C
100
AcDbEntity
8
0
100
AcDbLine
10
155.587
20
180.516
30
0
11
155.497
21
180.568
31
0
0
LINE
5
432
330
C
100
AcDbEntity
8
0
100
AcDbLine
10
155.497
20
180.568
30
0
11
155.412
21
180.623
31
0
0
LINE
5
433
330
C
100
AcDbEntity
8
0
100
AcDbLine
10
155.412
20
180.623
30
0
11
155.331
21
180.681
31
0
0
LINE
5
434
330
C
100
AcDbEntity
8
0
100
AcDbLine
10
155.331
20
180.681
30
0
11
155.255
21
180.742
31
0
0
LINE
5
435
330
C
100
AcDbEntity
8
0
100
AcDbLine
10
155.255
20
180.742
30
0
11
155.184
21
180.805
31
0
0
LINE
5
436
330
C
100
AcDbEntity
8
0
100
AcDbLine
10
155.184
20
180.805
30
0
11
155.117
21
180.872
31
0
0
LINE
5
437
330
C
100
AcDbEntity
8
0
100
AcDbLine
10
155.117
20
180.872
30
0
11
155.055
21
180.942
31
0
0
LINE
5
438
330
C
100
AcDbEntity
8
0
100
AcDbLine
10
155.055
20
180.942
30
0
11
154.998
21
181.015
31
0
0
LINE
5
439
330
C
100
AcDbEntity
8
0
100
AcDbLine
10
154.998
20
181.015
30
0
11
154.945
21
181.091
31
0
0
LINE
5
43A
330
C
100
AcDbEntity
8
0
100
AcDbLine
10
154.945
20
181.091
30
0
11
154.897
21
181.17
31
0
0
LINE
5
43B
330
C
100
AcDbEntity
8
0
100
AcDbLine
10
154.897
20
181.17
30
0
11
154.854
21
181.251
31
0
0
LINE
5
43C
330
C
100
AcDbEntity
8
0
100
AcDbLine
10
154.854
20
181.251
30
0
11
154.815
21
181.332
31
0
0
LINE
5
43D
330
C
100
AcDbEntity
8
0
100
AcDbLine
10
154.815
20
181.332
30
0
11
154.781
21
181.415
31
0
0
LINE
5
43E
330
C
100
AcDbEntity
8
0
100
AcDbLine
10
154.781
20
181.415
30
0
11
154.751
21
181.498
31
0
0
LINE
5
43F
330
C
100
AcDbEntity
8
0
100
AcDbLine
10
154.751
20
181.498
30
0
11
154.726
21
181.583
31
0
0
LINE
5
440
330
C
100
AcDbEntity
8
0
100
AcDbLine
10
154.726
20
181.583
30
0
11
154.705
21
181.668
31
0
0
LINE
5
441
330
C
100
AcDbEntity
8
0
100
AcDbLine
10
154.705
20
181.668
30
0
11
154.69
21
181.753
31
0
0
LINE
5
442
330
C
100
AcDbEntity
8
0
100
AcDbLine
10
154.69
20
181.753
30
0
11
154.678
21
181.84
31
0
0
LINE
5
443
330
C
100
AcDbEntity
8
0
100
AcDbLine
10
154.678
20
181.84
30
0
11
154.671
21
181.928
31
0
0
LINE
5
444
330
C
100
AcDbEntity
8
0
100
AcDbLine
10
154.671
20
181.928
30
0
11
154.669
21
182.016
31
0
0
LINE
5
445
330
C
100
AcDbEntity
8
0
100
AcDbLine
10
154.669
20
182.016
30
0
11
154.669
21
182.016
31
0
0
LINE
5
446
330
C
100
AcDbEntity
8
0
100
AcDbLine
10
154.669
20
182.016
30
0
11
154.672
21
182.13
31
0
0
LINE
5
447
330
C
100
AcDbEntity
8
0
100
AcDbLine
10
154.672
20
182.13
30
0
11
154.681
21
182.24
31
0
0
LINE
5
448
330
C
100
AcDbEntity
8
0
100
AcDbLine
10
154.681
20
182.24
30
0
11
154.695
21
182.346
31
0
0
LINE
5
449
330
C
100
AcDbEntity
8
0
100
AcDbLine
10
154.695
20
182.346
30
0
11
154.716
21
182.447
31
0
0
LINE
5
44A
330
C
100
AcDbEntity
8
0
100
AcDbLine
10
154.716
20
182.447
30
0
11
154.742
21
182.544
31
0
0
LINE
5
44B
330
C
100
AcDbEntity
8
0
100
AcDbLine
10
154.742
20
182.544
30
0
11
154.774
21
182.637
31
0
0
LINE
5
44C
330
C
100
AcDbEntity
8
0
100
AcDbLine
10
154.774
20
182.637
30
0
11
154.812
21
182.725
31
0
0
LINE
5
44D
330
C
100
AcDbEntity
8
0
100
AcDbLine
10
154.812
20
182.725
30
0
11
154.855
21
182.809
31
0
0
LINE
5
44E
330
C
100
AcDbEntity
8
0
100
AcDbLine
10
154.855
20
182.809
30
0
11
154.905
21
182.889
31
0
0
LINE
5
44F
330
C
100
AcDbEntity
8
0
100
AcDbLine
10
154.905
20
182.889
30
0
11
154.96
21
182.964
31
0
0
LINE
5
450
330
C
100
AcDbEntity
8
0
100
AcDbLine
10
154.96
20
182.964
30
0
11
155.02
21
183.035
31
0
0
LINE
5
451
330
C
100
AcDbEntity
8
0
100
AcDbLine
10
155.02
20
183.035
30
0
11
155.085
21
183.103
31
0
0
LINE
5
452
330
C
100
AcDbEntity
8
0
100
AcDbLine
10
155.085
20
183.103
30
0
11
155.154
21
183.166
31
0
0
LINE
5
453
330
C
100
AcDbEntity
8
0
100
AcDbLine
10
155.154
20
183.166
30
0
11
155.227
21
183.226
31
0
0
LINE
5
454
330
C
100
AcDbEntity
8
0
100
AcDbLine
10
155.227
20
183.226
30
0
11
155.304
21
183.281
31
0
0
LINE
5
455
330
C
100
AcDbEntity
8
0
100
AcDbLine
10
155.304
20
183.281
30
0
11
155.386
21
183.333
31
0
0
LINE
5
456
330
C
100
AcDbEntity
8
0
100
AcDbLine
10
155.386
20
183.333
30
0
11
155.472
21
183.381
31
0
0
LINE
5
457
330
C
100
AcDbEntity
8
0
100
AcDbLine
10
155.472
20
183.381
30
0
11
155.562
21
183.425
31
0
0
LINE
5
458
330
C
100
AcDbEntity
8
0
100
AcDbLine
10
155.562
20
183.425
30
0
11
155.656
21
183.465
31
0
0
LINE
5
459
330
C
100
AcDbEntity
8
0
100
AcDbLine
10
155.656
20
183.465
30
0
11
155.755
21
183.501
31
0
0
LINE
5
45A
330
C
100
AcDbEntity
8
0
100
AcDbLine
10
155.755
20
183.501
30
0
11
155.857
21
183.533
31
0
0
LINE
5
45B
330
C
100
AcDbEntity
8
0
100
AcDbLine
10
155.857
20
183.533
30
0
11
155.962
21
183.563
31
0
0
LINE
5
45C
330
C
100
AcDbEntity
8
0
100
AcDbLine
10
155.962
20
183.563
30
0
11
156.069
21
183.588
31
0
0
LINE
5
45D
330
C
100
AcDbEntity
8
0
100
AcDbLine
10
156.069
20
183.588
30
0
11
156.178
21
183.61
31
0
0
LINE
5
45E
330
C
100
AcDbEntity
8
0
100
AcDbLine
10
156.178
20
183.61
30
0
11
156.291
21
183.629
31
0
0
LINE
5
45F
330
C
100
AcDbEntity
8
0
100
AcDbLine
10
156.291
20
183.629
30
0
11
156.405
21
183.645
31
0
0
LINE
5
460
330
C
100
AcDbEntity
8
0
100
AcDbLine
10
156.405
20
183.645
30
0
11
156.522
21
183.657
31
0
0
LINE
5
461
330
C
100
AcDbEntity
8
0
100
AcDbLine
10
156.522
20
183.657
30
0
11
156.642
21
183.665
31
0
0
LINE
5
462
330
C
100
AcDbEntity
8
0
100
AcDbLine
10
156.642
20
183.665
30
0
11
156.764
21
183.67
31
0
0
LINE
5
463
330
C
100
AcDbEntity
8
0
100
AcDbLine
10
156.764
20
183.67
30
0
11
156.889
21
183.672
31
0
0
LINE
5
464
330
C
100
AcDbEntity
8
0
100
AcDbLine
10
156.889
20
183.672
30
0
11
156.889
21
183.672
31
0
0
LINE
5
465
330
C
100
AcDbEntity
8
0
100
AcDbLine
10
156.889
20
183.672
30
0
11
156.979
21
183.671
31
0
0
LINE
5
466
330
C
100
AcDbEntity
8
0
100
AcDbLine
10
156.979
20
183.671
30
0
11
157.069
21
183.668
31
0
0
LINE
5
467
330
C
100
AcDbEntity
8
0
100
AcDbLine
10
157.069
20
183.668
30
0
11
157.159
21
183.664
31
0
0
LINE
5
468
330
C
100
AcDbEntity
8
0
100
AcDbLine
10
157.159
20
183.664
30
0
11
157.249
21
183.658
31
0
0
LINE
5
469
330
C
100
AcDbEntity
8
0
100
AcDbLine
10
157.249
20
183.658
30
0
11
157.34
21
183.649
31
0
0
LINE
5
46A
330
C
100
AcDbEntity
8
0
100
AcDbLine
10
157.34
20
183.649
30
0
11
157.43
21
183.64
31
0
0
LINE
5
46B
330
C
100
AcDbEntity
8
0
100
AcDbLine
10
157.43
20
183.64
30
0
11
157.52
21
183.628
31
0
0
LINE
5
46C
330
C
100
AcDbEntity
8
0
100
AcDbLine
10
157.52
20
183.628
30
0
11
157.611
21
183.614
31
0
0
LINE
5
46D
330
C
100
AcDbEntity
8
0
100
AcDbLine
10
157.611
20
183.614
30
0
11
157.701
21
183.599
31
0
0
LINE
5
46E
330
C
100
AcDbEntity
8
0
100
AcDbLine
10
157.701
20
183.599
30
0
11
157.792
21
183.582
31
0
0
LINE
5
46F
330
C
100
AcDbEntity
8
0
100
AcDbLine
10
157.792
20
183.582
30
0
11
157.882
21
183.563
31
0
0
LINE
5
470
330
C
100
AcDbEntity
8
0
100
AcDbLine
10
157.882
20
183.563
30
0
11
157.972
21
183.543
31
0
0
LINE
5
471
330
C
100
AcDbEntity
8
0
100
AcDbLine
10
157.972
20
183.543
30
0
11
158.062
21
183.522
31
0
0
LINE
5
472
330
C
100
AcDbEntity
8
0
100
AcDbLine
10
158.062
20
183.522
30
0
11
158.151
21
183.499
31
0
0
LINE
5
473
330
C
100
AcDbEntity
8
0
100
AcDbLine
10
158.151
20
183.499
30
0
11
158.24
21
183.476
31
0
0
LINE
5
474
330
C
100
AcDbEntity
8
0
100
AcDbLine
10
158.24
20
183.476
30
0
11
158.328
21
183.45
31
0
0
LINE
5
475
330
C
100
AcDbEntity
8
0
100
AcDbLine
10
158.328
20
183.45
30
0
11
158.416
21
183.424
31
0
0
LINE
5
476
330
C
100
AcDbEntity
8
0
100
AcDbLine
10
158.416
20
183.424
30
0
11
158.503
21
183.396
31
0
0
LINE
5
477
330
C
100
AcDbEntity
8
0
100
AcDbLine
10
158.503
20
183.396
30
0
11
158.59
21
183.367
31
0
0
LINE
5
478
330
C
100
AcDbEntity
8
0
100
AcDbLine
10
158.59
20
183.367
30
0
11
158.677
21
183.336
31
0
0
LINE
5
479
330
C
100
AcDbEntity
8
0
100
AcDbLine
10
158.677
20
183.336
30
0
11
158.677
21
183.336
31
0
0
LINE
5
47A
330
C
100
AcDbEntity
8
0
100
AcDbLine
10
158.677
20
183.336
30
0
11
158.677
21
182.748
31
0
0
LINE
5
47B
330
C
100
AcDbEntity
8
0
100
AcDbLine
10
158.677
20
182.748
30
0
11
158.604
21
182.776
31
0
0
LINE
5
47C
330
C
100
AcDbEntity
8
0
100
AcDbLine
10
158.604
20
182.776
30
0
11
158.529
21
182.803
31
0
0
LINE
5
47D
330
C
100
AcDbEntity
8
0
100
AcDbLine
10
158.529
20
182.803
30
0
11
158.453
21
182.829
31
0
0
LINE
5
47E
330
C
100
AcDbEntity
8
0
100
AcDbLine
10
158.453
20
182.829
30
0
11
158.374
21
182.854
31
0
0
LINE
5
47F
330
C
100
AcDbEntity
8
0
100
AcDbLine
10
158.374
20
182.854
30
0
11
158.294
21
182.877
31
0
0
LINE
5
480
330
C
100
AcDbEntity
8
0
100
AcDbLine
10
158.294
20
182.877
30
0
11
158.212
21
182.899
31
0
0
LINE
5
481
330
C
100
AcDbEntity
8
0
100
AcDbLine
10
158.212
20
182.899
30
0
11
158.127
21
182.92
31
0
0
LINE
5
482
330
C
100
AcDbEntity
8
0
100
AcDbLine
10
158.127
20
182.92
30
0
11
158.041
21
182.94
31
0
0
LINE
5
483
330
C
100
AcDbEntity
8
0
100
AcDbLine
10
158.041
20
182.94
30
0
11
157.954
21
182.959
31
0
0
LINE
5
484
330
C
100
AcDbEntity
8
0
100
AcDbLine
10
157.954
20
182.959
30
0
11
157.864
21
182.976
31
0
0
LINE
5
485
330
C
100
AcDbEntity
8
0
100
AcDbLine
10
157.864
20
182.976
30
0
11
157.774
21
182.992
31
0
0
LINE
5
486
330
C
100
AcDbEntity
8
0
100
AcDbLine
10
157.774
20
182.992
30
0
11
157.686
21
183.006
31
0
0
LINE
5
487
330
C
100
AcDbEntity
8
0
100
AcDbLine
10
157.686
20
183.006
30
0
11
157.599
21
183.019
31
0
0
LINE
5
488
330
C
100
AcDbEntity
8
0
100
AcDbLine
10
157.599
20
183.019
30
0
11
157.514
21
183.03
31
0
0
LINE
5
489
330
C
100
AcDbEntity
8
0
100
AcDbLine
10
157.514
20
183.03
30
0
11
157.43
21
183.039
31
0
0
LINE
5
48A
330
C
100
AcDbEntity
8
0
100
AcDbLine
10
157.43
20
183.039
30
0
11
157.347
21
183.047
31
0
0
LINE
5
48B
330
C
100
AcDbEntity
8
0
100
AcDbLine
10
157.347
20
183.047
30
0
11
157.267
21
183.052
31
0
0
LINE
5
48C
330
C
100
AcDbEntity
8
0
100
AcDbLine
10
157.267
20
183.052
30
0
11
157.187
21
183.057
31
0
0
LINE
5
48D
330
C
100
AcDbEntity
8
0
100
AcDbLine
10
157.187
20
183.057
30
0
11
157.109
21
183.059
31
0
0
LINE
5
48E
330
C
100
AcDbEntity
8
0
100
AcDbLine
10
157.109
20
183.059
30
0
11
157.033
21
183.06
31
0
0
LINE
5
48F
330
C
100
AcDbEntity
8
0
100
AcDbLine
10
157.033
20
183.06
30
0
11
157.033
21
183.06
31
0
0
LINE
5
490
330
C
100
AcDbEntity
8
0
100
AcDbLine
10
157.033
20
183.06
30
0
11
156.92
21
183.058
31
0
0
LINE
5
491
330
C
100
AcDbEntity
8
0
100
AcDbLine
10
156.92
20
183.058
30
0
11
156.81
21
183.051
31
0
0
LINE
5
492
330
C
100
AcDbEntity
8
0
100
AcDbLine
10
156.81
20
183.051
30
0
11
156.704
21
183.039
31
0
0
LINE
5
493
330
C
100
AcDbEntity
8
0
100
AcDbLine
10
156.704
20
183.039
30
0
11
156.601
21
183.022
31
0
0
LINE
5
494
330
C
100
AcDbEntity
8
0
100
AcDbLine
10
156.601
20
183.022
30
0
11
156.502
21
183.001
31
0
0
LINE
5
495
330
C
100
AcDbEntity
8
0
100
AcDbLine
10
156.502
20
183.001
30
0
11
156.407
21
182.975
31
0
0
LINE
5
496
330
C
100
AcDbEntity
8
0
100
AcDbLine
10
156.407
20
182.975
30
0
11
156.315
21
182.944
31
0
0
LINE
5
497
330
C
100
AcDbEntity
8
0
100
AcDbLine
10
156.315
20
182.944
30
0
11
156.227
21
182.908
31
0
0
LINE
5
498
330
C
100
AcDbEntity
8
0
100
AcDbLine
10
156.227
20
182.908
30
0
11
156.142
21
182.868
31
0
0
LINE
5
499
330
C
100
AcDbEntity
8
0
100
AcDbLine
10
156.142
20
182.868
30
0
11
156.061
21
182.823
31
0
0
LINE
5
49A
330
C
100
AcDbEntity
8
0
100
AcDbLine
10
156.061
20
182.823
30
0
11
155.986
21
182.772
31
0
0
LINE
5
49B
330
C
100
AcDbEntity
8
0
100
AcDbLine
10
155.986
20
182.772
30
0
11
155.918
21
182.715
31
0
0
LINE
5
49C
330
C
100
AcDbEntity
8
0
100
AcDbLine
10
155.918
20
182.715
30
0
11
155.859
21
182.651
31
0
0
LINE
5
49D
330
C
100
AcDbEntity
8
0
100
AcDbLine
10
155.859
20
182.651
30
0
11
155.808
21
182.58
31
0
0
LINE
5
49E
330
C
100
AcDbEntity
8
0
100
AcDbLine
10
155.808
20
182.58
30
0
11
155.764
21
182.503
31
0
0
LINE
5
49F
330
C
100
AcDbEntity
8
0
100
AcDbLine
10
155.764
20
182.503
30
0
11
155.728
21
182.419
31
0
0
LINE
5
4A0
330
C
100
AcDbEntity
8
0
100
AcDbLine
10
155.728
20
182.419
30
0
11
155.701
21
182.328
31
0
0
LINE
5
4A1
330
C
100
AcDbEntity
8
0
100
AcDbLine
10
155.701
20
182.328
30
0
11
155.681
21
182.231
31
0
0
LINE
5
4A2
330
C
100
AcDbEntity
8
0
100
AcDbLine
10
155.681
20
182.231
30
0
11
155.669
21
182.127
31
0
0
LINE
5
4A3
330
C
100
AcDbEntity
8
0
100
AcDbLine
10
155.669
20
182.127
30
0
11
155.665
21
182.016
31
0
0
LINE
5
4A4
330
C
100
AcDbEntity
8
0
100
AcDbLine
10
155.665
20
182.016
30
0
11
155.665
21
182.016
31
0
0
LINE
5
4A5
330
C
100
AcDbEntity
8
0
100
AcDbLine
10
155.665
20
182.016
30
0
11
155.668
21
181.933
31
0
0
LINE
5
4A6
330
C
100
AcDbEntity
8
0
100
AcDbLine
10
155.668
20
181.933
30
0
11
155.677
21
181.853
31
0
0
LINE
5
4A7
330
C
100
AcDbEntity
8
0
100
AcDbLine
10
155.677
20
181.853
30
0
11
155.692
21
181.775
31
0
0
LINE
5
4A8
330
C
100
AcDbEntity
8
0
100
AcDbLine
10
155.692
20
181.775
30
0
11
155.713
21
181.699
31
0
0
LINE
5
4A9
330
C
100
AcDbEntity
8
0
100
AcDbLine
10
155.713
20
181.699
30
0
11
155.741
21
181.626
31
0
0
LINE
5
4AA
330
C
100
AcDbEntity
8
0
100
AcDbLine
10
155.741
20
181.626
30
0
11
155.774
21
181.555
31
0
0
LINE
5
4AB
330
C
100
AcDbEntity
8
0
100
AcDbLine
10
155.774
20
181.555
30
0
11
155.813
21
181.487
31
0
0
LINE
5
4AC
330
C
100
AcDbEntity
8
0
100
AcDbLine
10
155.813
20
181.487
30
0
11
155.859
21
181.421
31
0
0
LINE
5
4AD
330
C
100
AcDbEntity
8
0
100
AcDbLine
10
155.859
20
181.421
30
0
11
155.91
21
181.357
31
0
0
LINE
5
4AE
330
C
100
AcDbEntity
8
0
100
AcDbLine
10
155.91
20
181.357
30
0
11
155.968
21
181.296
31
0
0
LINE
5
4AF
330
C
100
AcDbEntity
8
0
100
AcDbLine
10
155.968
20
181.296
30
0
11
156.032
21
181.239
31
0
0
LINE
5
4B0
330
C
100
AcDbEntity
8
0
100
AcDbLine
10
156.032
20
181.239
30
0
11
156.104
21
181.188
31
0
0
LINE
5
4B1
330
C
100
AcDbEntity
8
0
100
AcDbLine
10
156.104
20
181.188
30
0
11
156.182
21
181.143
31
0
0
LINE
5
4B2
330
C
100
AcDbEntity
8
0
100
AcDbLine
10
156.182
20
181.143
30
0
11
156.268
21
181.104
31
0
0
LINE
5
4B3
330
C
100
AcDbEntity
8
0
100
AcDbLine
10
156.268
20
181.104
30
0
11
156.362
21
181.071
31
0
0
LINE
5
4B4
330
C
100
AcDbEntity
8
0
100
AcDbLine
10
156.362
20
181.071
30
0
11
156.462
21
181.044
31
0
0
LINE
5
4B5
330
C
100
AcDbEntity
8
0
100
AcDbLine
10
156.462
20
181.044
30
0
11
156.57
21
181.023
31
0
0
LINE
5
4B6
330
C
100
AcDbEntity
8
0
100
AcDbLine
10
156.57
20
181.023
30
0
11
156.685
21
181.008
31
0
0
LINE
5
4B7
330
C
100
AcDbEntity
8
0
100
AcDbLine
10
156.685
20
181.008
30
0
11
156.807
21
180.999
31
0
0
LINE
5
4B8
330
C
100
AcDbEntity
8
0
100
AcDbLine
10
156.807
20
180.999
30
0
11
156.937
21
180.996
31
0
0
LINE
5
4B9
330
C
100
AcDbEntity
8
0
100
AcDbLine
10
156.937
20
180.996
30
0
11
156.937
21
180.996
31
0
0
LINE
5
4BA
330
C
100
AcDbEntity
8
0
100
AcDbLine
10
156.937
20
180.996
30
0
11
157.03
21
180.998
31
0
0
LINE
5
4BB
330
C
100
AcDbEntity
8
0
100
AcDbLine
10
157.03
20
180.998
30
0
11
157.12
21
181.005
31
0
0
LINE
5
4BC
330
C
100
AcDbEntity
8
0
100
AcDbLine
10
157.12
20
181.005
30
0
11
157.209
21
181.016
31
0
0
LINE
5
4BD
330
C
100
AcDbEntity
8
0
100
AcDbLine
10
157.209
20
181.016
30
0
11
157.297
21
181.031
31
0
0
LINE
5
4BE
330
C
100
AcDbEntity
8
0
100
AcDbLine
10
157.297
20
181.031
30
0
11
157.382
21
181.051
31
0
0
LINE
5
4BF
330
C
100
AcDbEntity
8
0
100
AcDbLine
10
157.382
20
181.051
30
0
11
157.465
21
181.075
31
0
0
LINE
5
4C0
330
C
100
AcDbEntity
8
0
100
AcDbLine
10
157.465
20
181.075
30
0
11
157.547
21
181.103
31
0
0
LINE
5
4C1
330
C
100
AcDbEntity
8
0
100
AcDbLine
10
157.547
20
181.103
30
0
11
157.626
21
181.136
31
0
0
LINE
5
4C2
330
C
100
AcDbEntity
8
0
100
AcDbLine
10
157.626
20
181.136
30
0
11
157.704
21
181.173
31
0
0
LINE
5
4C3
330
C
100
AcDbEntity
8
0
100
AcDbLine
10
157.704
20
181.173
30
0
11
157.78
21
181.215
31
0
0
LINE
5
4C4
330
C
100
AcDbEntity
8
0
100
AcDbLine
10
157.78
20
181.215
30
0
11
157.853
21
181.26
31
0
0
LINE
5
4C5
330
C
100
AcDbEntity
8
0
100
AcDbLine
10
157.853
20
181.26
30
0
11
157.924
21
181.307
31
0
0
LINE
5
4C6
330
C
100
AcDbEntity
8
0
100
AcDbLine
10
157.924
20
181.307
30
0
11
157.991
21
181.356
31
0
0
LINE
5
4C7
330
C
100
AcDbEntity
8
0
100
AcDbLine
10
157.991
20
181.356
30
0
11
158.055
21
181.408
31
0
0
LINE
5
4C8
330
C
100
AcDbEntity
8
0
100
AcDbLine
10
158.055
20
181.408
30
0
11
158.116
21
181.462
31
0
0
LINE
5
4C9
330
C
100
AcDbEntity
8
0
100
AcDbLine
10
158.116
20
181.462
30
0
11
158.174
21
181.518
31
0
0
LINE
5
4CA
330
C
100
AcDbEntity
8
0
100
AcDbLine
10
158.174
20
181.518
30
0
11
158.229
21
181.576
31
0
0
LINE
5
4CB
330
C
100
AcDbEntity
8
0
100
AcDbLine
10
158.229
20
181.576
30
0
11
158.28
21
181.636
31
0
0
LINE
5
4CC
330
C
100
AcDbEntity
8
0
100
AcDbLine
10
158.28
20
181.636
30
0
11
158.329
21
181.699
31
0
0
LINE
5
4CD
330
C
100
AcDbEntity
8
0
100
AcDbLine
10
158.329
20
181.699
30
0
11
158.374
21
181.764
31
0
0
LINE
5
4CE
330
C
100
AcDbEntity
8
0
100
AcDbLine
10
158.374
20
181.764
30
0
11
158.416
21
181.83
31
0
0
LINE
5
4CF
330
C
100
AcDbEntity
8
0
100
AcDbLine
10
158.416
20
181.83
30
0
11
158.453
21
181.896
31
0
0
LINE
5
4D0
330
C
100
AcDbEntity
8
0
100
AcDbLine
10
158.453
20
181.896
30
0
11
158.486
21
181.962
31
0
0
LINE
5
4D1
330
C
100
AcDbEntity
8
0
100
AcDbLine
10
158.486
20
181.962
30
0
11
158.514
21
182.028
31
0
0
LINE
5
4D2
330
C
100
AcDbEntity
8
0
100
AcDbLine
10
158.514
20
182.028
30
0
11
158.538
21
182.094
31
0
0
LINE
5
4D3
330
C
100
AcDbEntity
8
0
100
AcDbLine
10
158.538
20
182.094
30
0
11
158.558
21
182.16
31
0
0
LINE
5
4D4
330
C
100
AcDbEntity
8
0
100
AcDbLine
10
158.558
20
182.16
30
0
11
158.573
21
182.226
31
0
0
LINE
5
4D5
330
C
100
AcDbEntity
8
0
100
AcDbLine
10
158.573
20
182.226
30
0
11
158.584
21
182.292
31
0
0
LINE
5
4D6
330
C
100
AcDbEntity
8
0
100
AcDbLine
10
158.584
20
182.292
30
0
11
158.591
21
182.358
31
0
0
LINE
5
4D7
330
C
100
AcDbEntity
8
0
100
AcDbLine
10
158.591
20
182.358
30
0
11
158.593
21
182.424
31
0
0
LINE
5
4D8
330
C
100
AcDbEntity
8
0
100
AcDbLine
10
158.593
20
182.424
30
0
11
158.593
21
182.424
31
0
0
LINE
5
4D9
330
C
100
AcDbEntity
8
0
100
AcDbLine
10
158.593
20
182.424
30
0
11
158.821
21
182.424
31
0
0
LINE
5
4DA
330
C
100
AcDbEntity
8
0
100
AcDbLine
10
158.821
20
182.424
30
0
11
158.819
21
182.31
31
0
0
LINE
5
4DB
330
C
100
AcDbEntity
8
0
100
AcDbLine
10
158.819
20
182.31
30
0
11
158.811
21
182.197
31
0
0
LINE
5
4DC
330
C
100
AcDbEntity
8
0
100
AcDbLine
10
158.811
20
182.197
30
0
11
158.799
21
182.086
31
0
0
LINE
5
4DD
330
C
100
AcDbEntity
8
0
100
AcDbLine
10
158.799
20
182.086
30
0
11
158.781
21
181.977
31
0
0
LINE
5
4DE
330
C
100
AcDbEntity
8
0
100
AcDbLine
10
158.781
20
181.977
30
0
11
158.759
21
181.869
31
0
0
LINE
5
4DF
330
C
100
AcDbEntity
8
0
100
AcDbLine
10
158.759
20
181.869
30
0
11
158.731
21
181.763
31
0
0
LINE
5
4E0
330
C
100
AcDbEntity
8
0
100
AcDbLine
10
158.731
20
181.763
30
0
11
158.699
21
181.659
31
0
0
LINE
5
4E1
330
C
100
AcDbEntity
8
0
100
AcDbLine
10
158.699
20
181.659
30
0
11
158.662
21
181.556
31
0
0
LINE
5
4E2
330
C
100
AcDbEntity
8
0
100
AcDbLine
10
158.662
20
181.556
30
0
11
158.619
21
181.455
31
0
0
LINE
5
4E3
330
C
100
AcDbEntity
8
0
100
AcDbLine
10
158.619
20
181.455
30
0
11
158.572
21
181.356
31
0
0
LINE
5
4E4
330
C
100
AcDbEntity
8
0
100
AcDbLine
10
158.572
20
181.356
30
0
11
158.52
21
181.26
31
0
0
LINE
5
4E5
330
C
100
AcDbEntity
8
0
100
AcDbLine
10
158.52
20
181.26
30
0
11
158.464
21
181.167
31
0
0
LINE
5
4E6
330
C
100
AcDbEntity
8
0
100
AcDbLine
10
158.464
20
181.167
30
0
11
158.403
21
181.078
31
0
0
LINE
5
4E7
330
C
100
AcDbEntity
8
0
100
AcDbLine
10
158.403
20
181.078
30
0
11
158.339
21
180.993
31
0
0
LINE
5
4E8
330
C
100
AcDbEntity
8
0
100
AcDbLine
10
158.339
20
180.993
30
0
11
158.27
21
180.912
31
0
0
LINE
5
4E9
330
C
100
AcDbEntity
8
0
100
AcDbLine
10
158.27
20
180.912
30
0
11
158.197
21
180.835
31
0
0
LINE
5
4EA
330
C
100
AcDbEntity
8
0
100
AcDbLine
10
158.197
20
180.835
30
0
11
158.119
21
180.761
31
0
0
LINE
5
4EB
330
C
100
AcDbEntity
8
0
100
AcDbLine
10
158.119
20
180.761
30
0
11
158.037
21
180.692
31
0
0
LINE
5
4EC
330
C
100
AcDbEntity
8
0
100
AcDbLine
10
158.037
20
180.692
30
0
11
157.951
21
180.626
31
0
0
LINE
5
4ED
330
C
100
AcDbEntity
8
0
100
AcDbLine
10
157.951
20
180.626
30
0
11
157.861
21
180.564
31
0
0
LINE
5
4EE
330
C
100
AcDbEntity
8
0
100
AcDbLine
10
157.861
20
180.564
30
0
11
157.767
21
180.507
31
0
0
LINE
5
4EF
330
C
100
AcDbEntity
8
0
100
AcDbLine
10
157.767
20
180.507
30
0
11
157.669
21
180.456
31
0
0
LINE
5
4F0
330
C
100
AcDbEntity
8
0
100
AcDbLine
10
157.669
20
180.456
30
0
11
157.568
21
180.411
31
0
0
LINE
5
4F1
330
C
100
AcDbEntity
8
0
100
AcDbLine
10
157.568
20
180.411
30
0
11
157.463
21
180.372
31
0
0
LINE
5
4F2
330
C
100
AcDbEntity
8
0
100
AcDbLine
10
157.463
20
180.372
30
0
11
157.354
21
180.339
31
0
0
LINE
5
4F3
330
C
100
AcDbEntity
8
0
100
AcDbLine
10
157.354
20
180.339
30
0
11
157.242
21
180.312
31
0
0
LINE
5
4F4
330
C
100
AcDbEntity
8
0
100
AcDbLine
10
157.242
20
180.312
30
0
11
157.126
21
180.291
31
0
0
LINE
5
4F5
330
C
100
AcDbEntity
8
0
100
AcDbLine
10
157.126
20
180.291
30
0
11
157.007
21
180.276
31
0
0
LINE
5
4F6
330
C
100
AcDbEntity
8
0
100
AcDbLine
10
157.007
20
180.276
30
0
11
156.884
21
180.267
31
0
0
LINE
5
4F7
330
C
100
AcDbEntity
8
0
100
AcDbLine
10
156.884
20
180.267
30
0
11
156.757
21
180.264
31
0
0
LINE
5
4F8
330
C
100
AcDbEntity
8
0
100
AcDbLine
10
156.757
20
180.264
30
0
11
156.757
21
180.264
31
0
0
LINE
5
4F9
330
C
100
AcDbEntity
8
0
100
AcDbLine
10
163.783
20
180.264
30
0
11
163.783
21
180.264
31
0
0
LINE
5
4FA
330
C
100
AcDbEntity
8
0
100
AcDbLine
10
163.783
20
180.264
30
0
11
163.646
21
180.268
31
0
0
LINE
5
4FB
330
C
100
AcDbEntity
8
0
100
AcDbLine
10
163.646
20
180.268
30
0
11
163.511
21
180.279
31
0
0
LINE
5
4FC
330
C
100
AcDbEntity
8
0
100
AcDbLine
10
163.511
20
180.279
30
0
11
163.377
21
180.297
31
0
0
LINE
5
4FD
330
C
100
AcDbEntity
8
0
100
AcDbLine
10
163.377
20
180.297
30
0
11
163.246
21
180.324
31
0
0
LINE
5
4FE
330
C
100
AcDbEntity
8
0
100
AcDbLine
10
163.246
20
180.324
30
0
11
163.116
21
180.357
31
0
0
LINE
5
4FF
330
C
100
AcDbEntity
8
0
100
AcDbLine
10
163.116
20
180.357
30
0
11
162.988
21
180.398
31
0
0
LINE
5
500
330
C
100
AcDbEntity
8
0
100
AcDbLine
10
162.988
20
180.398
30
0
11
162.863
21
180.446
31
0
0
LINE
5
501
330
C
100
AcDbEntity
8
0
100
AcDbLine
10
162.863
20
180.446
30
0
11
162.739
21
180.502
31
0
0
LINE
5
502
330
C
100
AcDbEntity
8
0
100
AcDbLine
10
162.739
20
180.502
30
0
11
162.616
21
180.565
31
0
0
LINE
5
503
330
C
100
AcDbEntity
8
0
100
AcDbLine
10
162.616
20
180.565
30
0
11
162.496
21
180.636
31
0
0
LINE
5
504
330
C
100
AcDbEntity
8
0
100
AcDbLine
10
162.496
20
180.636
30
0
11
162.379
21
180.713
31
0
0
LINE
5
505
330
C
100
AcDbEntity
8
0
100
AcDbLine
10
162.379
20
180.713
30
0
11
162.266
21
180.797
31
0
0
LINE
5
506
330
C
100
AcDbEntity
8
0
100
AcDbLine
10
162.266
20
180.797
30
0
11
162.159
21
180.887
31
0
0
LINE
5
507
330
C
100
AcDbEntity
8
0
100
AcDbLine
10
162.159
20
180.887
30
0
11
162.055
21
180.983
31
0
0
LINE
5
508
330
C
100
AcDbEntity
8
0
100
AcDbLine
10
162.055
20
180.983
30
0
11
161.957
21
181.084
31
0
0
LINE
5
509
330
C
100
AcDbEntity
8
0
100
AcDbLine
10
161.957
20
181.084
30
0
11
161.863
21
181.193
31
0
0
LINE
5
50A
330
C
100
AcDbEntity
8
0
100
AcDbLine
10
161.863
20
181.193
30
0
11
161.773
21
181.307
31
0
0
LINE
5
50B
330
C
100
AcDbEntity
8
0
100
AcDbLine
10
161.773
20
181.307
30
0
11
161.689
21
181.427
31
0
0
LINE
5
50C
330
C
100
AcDbEntity
8
0
100
AcDbLine
10
161.689
20
181.427
30
0
11
161.609
21
181.553
31
0
0
LINE
5
50D
330
C
100
AcDbEntity
8
0
100
AcDbLine
10
161.609
20
181.553
30
0
11
161.533
21
181.686
31
0
0
LINE
5
50E
330
C
100
AcDbEntity
8
0
100
AcDbLine
10
161.533
20
181.686
30
0
11
161.463
21
181.824
31
0
0
LINE
5
50F
330
C
100
AcDbEntity
8
0
100
AcDbLine
10
161.463
20
181.824
30
0
11
161.401
21
181.967
31
0
0
LINE
5
510
330
C
100
AcDbEntity
8
0
100
AcDbLine
10
161.401
20
181.967
30
0
11
161.346
21
182.115
31
0
0
LINE
5
511
330
C
100
AcDbEntity
8
0
100
AcDbLine
10
161.346
20
182.115
30
0
11
161.299
21
182.268
31
0
0
LINE
5
512
330
C
100
AcDbEntity
8
0
100
AcDbLine
10
161.299
20
182.268
30
0
11
161.258
21
182.425
31
0
0
LINE
5
513
330
C
100
AcDbEntity
8
0
100
AcDbLine
10
161.258
20
182.425
30
0
11
161.226
21
182.588
31
0
0
LINE
5
514
330
C
100
AcDbEntity
8
0
100
AcDbLine
10
161.226
20
182.588
30
0
11
161.2
21
182.756
31
0
0
LINE
5
515
330
C
100
AcDbEntity
8
0
100
AcDbLine
10
161.2
20
182.756
30
0
11
161.182
21
182.928
31
0
0
LINE
5
516
330
C
100
AcDbEntity
8
0
100
AcDbLine
10
161.182
20
182.928
30
0
11
161.171
21
183.106
31
0
0
LINE
5
517
330
C
100
AcDbEntity
8
0
100
AcDbLine
10
161.171
20
183.106
30
0
11
161.167
21
183.288
31
0
0
LINE
5
518
330
C
100
AcDbEntity
8
0
100
AcDbLine
10
161.167
20
183.288
30
0
11
161.167
21
183.288
31
0
0
LINE
5
519
330
C
100
AcDbEntity
8
0
100
AcDbLine
10
161.167
20
183.288
30
0
11
161.171
21
183.475
31
0
0
LINE
5
51A
330
C
100
AcDbEntity
8
0
100
AcDbLine
10
161.171
20
183.475
30
0
11
161.182
21
183.656
31
0
0
LINE
5
51B
330
C
100
AcDbEntity
8
0
100
AcDbLine
10
161.182
20
183.656
30
0
11
161.2
21
183.832
31
0
0
LINE
5
51C
330
C
100
AcDbEntity
8
0
100
AcDbLine
10
161.2
20
183.832
30
0
11
161.226
21
184.002
31
0
0
LINE
5
51D
330
C
100
AcDbEntity
8
0
100
AcDbLine
10
161.226
20
184.002
30
0
11
161.258
21
184.167
31
0
0
LINE
5
51E
330
C
100
AcDbEntity
8
0
100
AcDbLine
10
161.258
20
184.167
30
0
11
161.299
21
184.326
31
0
0
LINE
5
51F
330
C
100
AcDbEntity
8
0
100
AcDbLine
10
161.299
20
184.326
30
0
11
161.346
21
184.48
31
0
0
LINE
5
520
330
C
100
AcDbEntity
8
0
100
AcDbLine
10
161.346
20
184.48
30
0
11
161.401
21
184.628
31
0
0
LINE
5
521
330
C
100
AcDbEntity
8
0
100
AcDbLine
10
161.401
20
184.628
30
0
11
161.463
21
184.771
31
0
0
LINE
5
522
330
C
100
AcDbEntity
8
0
100
AcDbLine
10
161.463
20
184.771
30
0
11
161.533
21
184.908
31
0
0
LINE
5
523
330
C
100
AcDbEntity
8
0
100
AcDbLine
10
161.533
20
184.908
30
0
11
161.609
21
185.039
31
0
0
LINE
5
524
330
C
100
AcDbEntity
8
0
100
AcDbLine
10
161.609
20
185.039
30
0
11
161.689
21
185.164
31
0
0
LINE
5
525
330
C
100
AcDbEntity
8
0
100
AcDbLine
10
161.689
20
185.164
30
0
11
161.773
21
185.283
31
0
0
LINE
5
526
330
C
100
AcDbEntity
8
0
100
AcDbLine
10
161.773
20
185.283
30
0
11
161.863
21
185.395
31
0
0
LINE
5
527
330
C
100
AcDbEntity
8
0
100
AcDbLine
10
161.863
20
185.395
30
0
11
161.957
21
185.5
31
0
0
LINE
5
528
330
C
100
AcDbEntity
8
0
100
AcDbLine
10
161.957
20
185.5
30
0
11
162.055
21
185.6
31
0
0
LINE
5
529
330
C
100
AcDbEntity
8
0
100
AcDbLine
10
162.055
20
185.6
30
0
11
162.159
21
185.693
31
0
0
LINE
5
52A
330
C
100
AcDbEntity
8
0
100
AcDbLine
10
162.159
20
185.693
30
0
11
162.266
21
185.78
31
0
0
LINE
5
52B
330
C
100
AcDbEntity
8
0
100
AcDbLine
10
162.266
20
185.78
30
0
11
162.379
21
185.86
31
0
0
LINE
5
52C
330
C
100
AcDbEntity
8
0
100
AcDbLine
10
162.379
20
185.86
30
0
11
162.496
21
185.934
31
0
0
LINE
5
52D
330
C
100
AcDbEntity
8
0
100
AcDbLine
10
162.496
20
185.934
30
0
11
162.616
21
186.001
31
0
0
LINE
5
52E
330
C
100
AcDbEntity
8
0
100
AcDbLine
10
162.616
20
186.001
30
0
11
162.739
21
186.061
31
0
0
LINE
5
52F
330
C
100
AcDbEntity
8
0
100
AcDbLine
10
162.739
20
186.061
30
0
11
162.863
21
186.115
31
0
0
LINE
5
530
330
C
100
AcDbEntity
8
0
100
AcDbLine
10
162.863
20
186.115
30
0
11
162.988
21
186.161
31
0
0
LINE
5
531
330
C
100
AcDbEntity
8
0
100
AcDbLine
10
162.988
20
186.161
30
0
11
163.116
21
186.2
31
0
0
LINE
5
532
330
C
100
AcDbEntity
8
0
100
AcDbLine
10
163.116
20
186.2
30
0
11
163.246
21
186.231
31
0
0
LINE
5
533
330
C
100
AcDbEntity
8
0
100
AcDbLine
10
163.246
20
186.231
30
0
11
163.377
21
186.256
31
0
0
LINE
5
534
330
C
100
AcDbEntity
8
0
100
AcDbLine
10
163.377
20
186.256
30
0
11
163.511
21
186.274
31
0
0
LINE
5
535
330
C
100
AcDbEntity
8
0
100
AcDbLine
10
163.511
20
186.274
30
0
11
163.646
21
186.284
31
0
0
LINE
5
536
330
C
100
AcDbEntity
8
0
100
AcDbLine
10
163.646
20
186.284
30
0
11
163.783
21
186.288
31
0
0
LINE
5
537
330
C
100
AcDbEntity
8
0
100
AcDbLine
10
163.783
20
186.288
30
0
11
163.783
21
186.288
31
0
0
LINE
5
538
330
C
100
AcDbEntity
8
0
100
AcDbLine
10
163.783
20
186.288
30
0
11
163.879
21
186.287
31
0
0
LINE
5
539
330
C
100
AcDbEntity
8
0
100
AcDbLine
10
163.879
20
186.287
30
0
11
163.973
21
186.282
31
0
0
LINE
5
53A
330
C
100
AcDbEntity
8
0
100
AcDbLine
10
163.973
20
186.282
30
0
11
164.066
21
186.275
31
0
0
LINE
5
53B
330
C
100
AcDbEntity
8
0
100
AcDbLine
10
164.066
20
186.275
30
0
11
164.156
21
186.264
31
0
0
LINE
5
53C
330
C
100
AcDbEntity
8
0
100
AcDbLine
10
164.156
20
186.264
30
0
11
164.244
21
186.251
31
0
0
LINE
5
53D
330
C
100
AcDbEntity
8
0
100
AcDbLine
10
164.244
20
186.251
30
0
11
164.331
21
186.235
31
0
0
LINE
5
53E
330
C
100
AcDbEntity
8
0
100
AcDbLine
10
164.331
20
186.235
30
0
11
164.415
21
186.216
31
0
0
LINE
5
53F
330
C
100
AcDbEntity
8
0
100
AcDbLine
10
164.415
20
186.216
30
0
11
164.497
21
186.194
31
0
0
LINE
5
540
330
C
100
AcDbEntity
8
0
100
AcDbLine
10
164.497
20
186.194
30
0
11
164.578
21
186.169
31
0
0
LINE
5
541
330
C
100
AcDbEntity
8
0
100
AcDbLine
10
164.578
20
186.169
30
0
11
164.656
21
186.141
31
0
0
LINE
5
542
330
C
100
AcDbEntity
8
0
100
AcDbLine
10
164.656
20
186.141
30
0
11
164.732
21
186.11
31
0
0
LINE
5
543
330
C
100
AcDbEntity
8
0
100
AcDbLine
10
164.732
20
186.11
30
0
11
164.807
21
186.078
31
0
0
LINE
5
544
330
C
100
AcDbEntity
8
0
100
AcDbLine
10
164.807
20
186.078
30
0
11
164.879
21
186.043
31
0
0
LINE
5
545
330
C
100
AcDbEntity
8
0
100
AcDbLine
10
164.879
20
186.043
30
0
11
164.95
21
186.006
31
0
0
LINE
5
546
330
C
100
AcDbEntity
8
0
100
AcDbLine
10
164.95
20
186.006
30
0
11
165.018
21
185.966
31
0
0
LINE
5
547
330
C
100
AcDbEntity
8
0
100
AcDbLine
10
165.018
20
185.966
30
0
11
165.085
21
185.925
31
0
0
LINE
5
548
330
C
100
AcDbEntity
8
0
100
AcDbLine
10
165.085
20
185.925
30
0
11
165.149
21
185.881
31
0
0
LINE
5
549
330
C
100
AcDbEntity
8
0
100
AcDbLine
10
165.149
20
185.881
30
0
11
165.212
21
185.835
31
0
0
LINE
5
54A
330
C
100
AcDbEntity
8
0
100
AcDbLine
10
165.212
20
185.835
30
0
11
165.272
21
185.786
31
0
0
LINE
5
54B
330
C
100
AcDbEntity
8
0
100
AcDbLine
10
165.272
20
185.786
30
0
11
165.331
21
185.736
31
0
0
LINE
5
54C
330
C
100
AcDbEntity
8
0
100
AcDbLine
10
165.331
20
185.736
30
0
11
165.388
21
185.684
31
0
0
LINE
5
54D
330
C
100
AcDbEntity
8
0
100
AcDbLine
10
165.388
20
185.684
30
0
11
165.442
21
185.63
31
0
0
LINE
5
54E
330
C
100
AcDbEntity
8
0
100
AcDbLine
10
165.442
20
185.63
30
0
11
165.495
21
185.575
31
0
0
LINE
5
54F
330
C
100
AcDbEntity
8
0
100
AcDbLine
10
165.495
20
185.575
30
0
11
165.546
21
185.519
31
0
0
LINE
5
550
330
C
100
AcDbEntity
8
0
100
AcDbLine
10
165.546
20
185.519
30
0
11
165.594
21
185.461
31
0
0
LINE
5
551
330
C
100
AcDbEntity
8
0
100
AcDbLine
10
165.594
20
185.461
30
0
11
165.641
21
185.402
31
0
0
LINE
5
552
330
C
100
AcDbEntity
8
0
100
AcDbLine
10
165.641
20
185.402
30
0
11
165.686
21
185.341
31
0
0
LINE
5
553
330
C
100
AcDbEntity
8
0
100
AcDbLine
10
165.686
20
185.341
30
0
11
165.728
21
185.279
31
0
0
LINE
5
554
330
C
100
AcDbEntity
8
0
100
AcDbLine
10
165.728
20
185.279
30
0
11
165.769
21
185.216
31
0
0
LINE
5
555
330
C
100
AcDbEntity
8
0
100
AcDbLine
10
165.769
20
185.216
30
0
11
165.808
21
185.151
31
0
0
LINE
5
556
330
C
100
AcDbEntity
8
0
100
AcDbLine
10
165.808
20
185.151
30
0
11
165.845
21
185.085
31
0
0
LINE
5
557
330
C
100
AcDbEntity
8
0
100
AcDbLine
10
165.845
20
185.085
30
0
11
165.88
21
185.019
31
0
0
LINE
5
558
330
C
100
AcDbEntity
8
0
100
AcDbLine
10
165.88
20
185.019
30
0
11
165.912
21
184.952
31
0
0
LINE
5
559
330
C
100
AcDbEntity
8
0
100
AcDbLine
10
165.912
20
184.952
30
0
11
165.943
21
184.884
31
0
0
LINE
5
55A
330
C
100
AcDbEntity
8
0
100
AcDbLine
10
165.943
20
184.884
30
0
11
165.972
21
184.816
31
0
0
LINE
5
55B
330
C
100
AcDbEntity
8
0
100
AcDbLine
10
165.972
20
184.816
30
0
11
165.999
21
184.747
31
0
0
LINE
5
55C
330
C
100
AcDbEntity
8
0
100
AcDbLine
10
165.999
20
184.747
30
0
11
166.024
21
184.677
31
0
0
LINE
5
55D
330
C
100
AcDbEntity
8
0
100
AcDbLine
10
166.024
20
184.677
30
0
11
166.047
21
184.607
31
0
0
LINE
5
55E
330
C
100
AcDbEntity
8
0
100
AcDbLine
10
166.047
20
184.607
30
0
11
166.068
21
184.536
31
0
0
LINE
5
55F
330
C
100
AcDbEntity
8
0
100
AcDbLine
10
166.068
20
184.536
30
0
11
166.087
21
184.464
31
0
0
LINE
5
560
330
C
100
AcDbEntity
8
0
100
AcDbLine
10
166.087
20
184.464
30
0
11
166.087
21
184.464
31
0
0
LINE
5
561
330
C
100
AcDbEntity
8
0
100
AcDbLine
10
166.087
20
184.464
30
0
11
165.127
21
184.38
31
0
0
LINE
5
562
330
C
100
AcDbEntity
8
0
100
AcDbLine
10
165.127
20
184.38
30
0
11
165.095
21
184.478
31
0
0
LINE
5
563
330
C
100
AcDbEntity
8
0
100
AcDbLine
10
165.095
20
184.478
30
0
11
165.059
21
184.571
31
0
0
LINE
5
564
330
C
100
AcDbEntity
8
0
100
AcDbLine
10
165.059
20
184.571
30
0
11
165.019
21
184.66
31
0
0
LINE
5
565
330
C
100
AcDbEntity
8
0
100
AcDbLine
10
165.019
20
184.66
30
0
11
164.975
21
184.745
31
0
0
LINE
5
566
330
C
100
AcDbEntity
8
0
100
AcDbLine
10
164.975
20
184.745
30
0
11
164.927
21
184.826
31
0
0
LINE
5
567
330
C
100
AcDbEntity
8
0
100
AcDbLine
10
164.927
20
184.826
30
0
11
164.875
21
184.903
31
0
0
LINE
5
568
330
C
100
AcDbEntity
8
0
100
AcDbLine
10
164.875
20
184.903
30
0
11
164.819
21
184.976
31
0
0
LINE
5
569
330
C
100
AcDbEntity
8
0
100
AcDbLine
10
164.819
20
184.976
30
0
11
164.758
21
185.044
31
0
0
LINE
5
56A
330
C
100
AcDbEntity
8
0
100
AcDbLine
10
164.758
20
185.044
30
0
11
164.694
21
185.109
31
0
0
LINE
5
56B
330
C
100
AcDbEntity
8
0
100
AcDbLine
10
164.694
20
185.109
30
0
11
164.626
21
185.169
31
0
0
LINE
5
56C
330
C
100
AcDbEntity
8
0
100
AcDbLine
10
164.626
20
185.169
30
0
11
164.554
21
185.224
31
0
0
LINE
5
56D
330
C
100
AcDbEntity
8
0
100
AcDbLine
10
164.554
20
185.224
30
0
11
164.479
21
185.274
31
0
0
LINE
5
56E
330
C
100
AcDbEntity
8
0
100
AcDbLine
10
164.479
20
185.274
30
0
11
164.402
21
185.317
31
0
0
LINE
5
56F
330
C
100
AcDbEntity
8
0
100
AcDbLine
10
164.402
20
185.317
30
0
11
164.321
21
185.355
31
0
0
LINE
5
570
330
C
100
AcDbEntity
8
0
100
AcDbLine
10
164.321
20
185.355
30
0
11
164.237
21
185.387
31
0
0
LINE
5
571
330
C
100
AcDbEntity
8
0
100
AcDbLine
10
164.237
20
185.387
30
0
11
164.15
21
185.413
31
0
0
LINE
5
572
330
C
100
AcDbEntity
8
0
100
AcDbLine
10
164.15
20
185.413
30
0
11
164.06
21
185.434
31
0
0
LINE
5
573
330
C
100
AcDbEntity
8
0
100
AcDbLine
10
164.06
20
185.434
30
0
11
163.966
21
185.448
31
0
0
LINE
5
574
330
C
100
AcDbEntity
8
0
100
AcDbLine
10
163.966
20
185.448
30
0
11
163.87
21
185.457
31
0
0
LINE
5
575
330
C
100
AcDbEntity
8
0
100
AcDbLine
10
163.87
20
185.457
30
0
11
163.771
21
185.46
31
0
0
LINE
5
576
330
C
100
AcDbEntity
8
0
100
AcDbLine
10
163.771
20
185.46
30
0
11
163.771
21
185.46
31
0
0
LINE
5
577
330
C
100
AcDbEntity
8
0
100
AcDbLine
10
163.771
20
185.46
30
0
11
163.686
21
185.458
31
0
0
LINE
5
578
330
C
100
AcDbEntity
8
0
100
AcDbLine
10
163.686
20
185.458
30
0
11
163.603
21
185.45
31
0
0
LINE
5
579
330
C
100
AcDbEntity
8
0
100
AcDbLine
10
163.603
20
185.45
30
0
11
163.52
21
185.438
31
0
0
LINE
5
57A
330
C
100
AcDbEntity
8
0
100
AcDbLine
10
163.52
20
185.438
30
0
11
163.438
21
185.421
31
0
0
LINE
5
57B
330
C
100
AcDbEntity
8
0
100
AcDbLine
10
163.438
20
185.421
30
0
11
163.358
21
185.399
31
0
0
LINE
5
57C
330
C
100
AcDbEntity
8
0
100
AcDbLine
10
163.358
20
185.399
30
0
11
163.278
21
185.373
31
0
0
LINE
5
57D
330
C
100
AcDbEntity
8
0
100
AcDbLine
10
163.278
20
185.373
30
0
11
163.2
21
185.341
31
0
0
LINE
5
57E
330
C
100
AcDbEntity
8
0
100
AcDbLine
10
163.2
20
185.341
30
0
11
163.122
21
185.304
31
0
0
LINE
5
57F
330
C
100
AcDbEntity
8
0
100
AcDbLine
10
163.122
20
185.304
30
0
11
163.046
21
185.263
31
0
0
LINE
5
580
330
C
100
AcDbEntity
8
0
100
AcDbLine
10
163.046
20
185.263
30
0
11
162.97
21
185.217
31
0
0
LINE
5
581
330
C
100
AcDbEntity
8
0
100
AcDbLine
10
162.97
20
185.217
30
0
11
162.896
21
185.166
31
0
0
LINE
5
582
330
C
100
AcDbEntity
8
0
100
AcDbLine
10
162.896
20
185.166
30
0
11
162.826
21
185.11
31
0
0
LINE
5
583
330
C
100
AcDbEntity
8
0
100
AcDbLine
10
162.826
20
185.11
30
0
11
162.758
21
185.05
31
0
0
LINE
5
584
330
C
100
AcDbEntity
8
0
100
AcDbLine
10
162.758
20
185.05
30
0
11
162.693
21
184.984
31
0
0
LINE
5
585
330
C
100
AcDbEntity
8
0
100
AcDbLine
10
162.693
20
184.984
30
0
11
162.63
21
184.914
31
0
0
LINE
5
586
330
C
100
AcDbEntity
8
0
100
AcDbLine
10
162.63
20
184.914
30
0
11
162.571
21
184.839
31
0
0
LINE
5
587
330
C
100
AcDbEntity
8
0
100
AcDbLine
10
162.571
20
184.839
30
0
11
162.514
21
184.759
31
0
0
LINE
5
588
330
C
100
AcDbEntity
8
0
100
AcDbLine
10
162.514
20
184.759
30
0
11
162.46
21
184.675
31
0
0
LINE
5
589
330
C
100
AcDbEntity
8
0
100
AcDbLine
10
162.46
20
184.675
30
0
11
162.409
21
184.585
31
0
0
LINE
5
58A
330
C
100
AcDbEntity
8
0
100
AcDbLine
10
162.409
20
184.585
30
0
11
162.361
21
184.491
31
0
0
LINE
5
58B
330
C
100
AcDbEntity
8
0
100
AcDbLine
10
162.361
20
184.491
30
0
11
162.317
21
184.392
31
0
0
LINE
5
58C
330
C
100
AcDbEntity
8
0
100
AcDbLine
10
162.317
20
184.392
30
0
11
162.277
21
184.288
31
0
0
LINE
5
58D
330
C
100
AcDbEntity
8
0
100
AcDbLine
10
162.277
20
184.288
30
0
11
162.242
21
184.18
31
0
0
LINE
5
58E
330
C
100
AcDbEntity
8
0
100
AcDbLine
10
162.242
20
184.18
30
0
11
162.211
21
184.067
31
0
0
LINE
5
58F
330
C
100
AcDbEntity
8
0
100
AcDbLine
10
162.211
20
184.067
30
0
11
162.185
21
183.949
31
0
0
LINE
5
590
330
C
100
AcDbEntity
8
0
100
AcDbLine
10
162.185
20
183.949
30
0
11
162.164
21
183.826
31
0
0
LINE
5
591
330
C
100
AcDbEntity
8
0
100
AcDbLine
10
162.164
20
183.826
30
0
11
162.148
21
183.699
31
0
0
LINE
5
592
330
C
100
AcDbEntity
8
0
100
AcDbLine
10
162.148
20
183.699
30
0
11
162.136
21
183.567
31
0
0
LINE
5
593
330
C
100
AcDbEntity
8
0
100
AcDbLine
10
162.136
20
183.567
30
0
11
162.129
21
183.43
31
0
0
LINE
5
594
330
C
100
AcDbEntity
8
0
100
AcDbLine
10
162.129
20
183.43
30
0
11
162.127
21
183.288
31
0
0
LINE
5
595
330
C
100
AcDbEntity
8
0
100
AcDbLine
10
162.127
20
183.288
30
0
11
162.127
21
183.288
31
0
0
LINE
5
596
330
C
100
AcDbEntity
8
0
100
AcDbLine
10
162.127
20
183.288
30
0
11
162.129
21
183.157
31
0
0
LINE
5
597
330
C
100
AcDbEntity
8
0
100
AcDbLine
10
162.129
20
183.157
30
0
11
162.136
21
183.029
31
0
0
LINE
5
598
330
C
100
AcDbEntity
8
0
100
AcDbLine
10
162.136
20
183.029
30
0
11
162.146
21
182.904
31
0
0
LINE
5
599
330
C
100
AcDbEntity
8
0
100
AcDbLine
10
162.146
20
182.904
30
0
11
162.161
21
182.784
31
0
0
LINE
5
59A
330
C
100
AcDbEntity
8
0
100
AcDbLine
10
162.161
20
182.784
30
0
11
162.18
21
182.666
31
0
0
LINE
5
59B
330
C
100
AcDbEntity
8
0
100
AcDbLine
10
162.18
20
182.666
30
0
11
162.204
21
182.553
31
0
0
LINE
5
59C
330
C
100
AcDbEntity
8
0
100
AcDbLine
10
162.204
20
182.553
30
0
11
162.231
21
182.442
31
0
0
LINE
5
59D
330
C
100
AcDbEntity
8
0
100
AcDbLine
10
162.231
20
182.442
30
0
11
162.263
21
182.336
31
0
0
LINE
5
59E
330
C
100
AcDbEntity
8
0
100
AcDbLine
10
162.263
20
182.336
30
0
11
162.3
21
182.233
31
0
0
LINE
5
59F
330
C
100
AcDbEntity
8
0
100
AcDbLine
10
162.3
20
182.233
30
0
11
162.34
21
182.133
31
0
0
LINE
5
5A0
330
C
100
AcDbEntity
8
0
100
AcDbLine
10
162.34
20
182.133
30
0
11
162.384
21
182.037
31
0
0
LINE
5
5A1
330
C
100
AcDbEntity
8
0
100
AcDbLine
10
162.384
20
182.037
30
0
11
162.432
21
181.946
31
0
0
LINE
5
5A2
330
C
100
AcDbEntity
8
0
100
AcDbLine
10
162.432
20
181.946
30
0
11
162.482
21
181.859
31
0
0
LINE
5
5A3
330
C
100
AcDbEntity
8
0
100
AcDbLine
10
162.482
20
181.859
30
0
11
162.536
21
181.777
31
0
0
LINE
5
5A4
330
C
100
AcDbEntity
8
0
100
AcDbLine
10
162.536
20
181.777
30
0
11
162.593
21
181.699
31
0
0
LINE
5
5A5
330
C
100
AcDbEntity
8
0
100
AcDbLine
10
162.593
20
181.699
30
0
11
162.653
21
181.625
31
0
0
LINE
5
5A6
330
C
100
AcDbEntity
8
0
100
AcDbLine
10
162.653
20
181.625
30
0
11
162.716
21
181.556
31
0
0
LINE
5
5A7
330
C
100
AcDbEntity
8
0
100
AcDbLine
10
162.716
20
181.556
30
0
11
162.783
21
181.491
31
0
0
LINE
5
5A8
330
C
100
AcDbEntity
8
0
100
AcDbLine
10
162.783
20
181.491
30
0
11
162.852
21
181.43
31
0
0
LINE
5
5A9
330
C
100
AcDbEntity
8
0
100
AcDbLine
10
162.852
20
181.43
30
0
11
162.925
21
181.374
31
0
0
LINE
5
5AA
330
C
100
AcDbEntity
8
0
100
AcDbLine
10
162.925
20
181.374
30
0
11
163
21
181.323
31
0
0
LINE
5
5AB
330
C
100
AcDbEntity
8
0
100
AcDbLine
10
163
20
181.323
30
0
11
163.078
21
181.277
31
0
0
LINE
5
5AC
330
C
100
AcDbEntity
8
0
100
AcDbLine
10
163.078
20
181.277
30
0
11
163.157
21
181.236
31
0
0
LINE
5
5AD
330
C
100
AcDbEntity
8
0
100
AcDbLine
10
163.157
20
181.236
30
0
11
163.239
21
181.201
31
0
0
LINE
5
5AE
330
C
100
AcDbEntity
8
0
100
AcDbLine
10
163.239
20
181.201
30
0
11
163.322
21
181.172
31
0
0
LINE
5
5AF
330
C
100
AcDbEntity
8
0
100
AcDbLine
10
163.322
20
181.172
30
0
11
163.408
21
181.147
31
0
0
LINE
5
5B0
330
C
100
AcDbEntity
8
0
100
AcDbLine
10
163.408
20
181.147
30
0
11
163.496
21
181.128
31
0
0
LINE
5
5B1
330
C
100
AcDbEntity
8
0
100
AcDbLine
10
163.496
20
181.128
30
0
11
163.585
21
181.115
31
0
0
LINE
5
5B2
330
C
100
AcDbEntity
8
0
100
AcDbLine
10
163.585
20
181.115
30
0
11
163.677
21
181.107
31
0
0
LINE
5
5B3
330
C
100
AcDbEntity
8
0
100
AcDbLine
10
163.677
20
181.107
30
0
11
163.771
21
181.104
31
0
0
LINE
5
5B4
330
C
100
AcDbEntity
8
0
100
AcDbLine
10
163.771
20
181.104
30
0
11
163.771
21
181.104
31
0
0
LINE
5
5B5
330
C
100
AcDbEntity
8
0
100
AcDbLine
10
163.771
20
181.104
30
0
11
163.901
21
181.107
31
0
0
LINE
5
5B6
330
C
100
AcDbEntity
8
0
100
AcDbLine
10
163.901
20
181.107
30
0
11
164.025
21
181.117
31
0
0
LINE
5
5B7
330
C
100
AcDbEntity
8
0
100
AcDbLine
10
164.025
20
181.117
30
0
11
164.142
21
181.133
31
0
0
LINE
5
5B8
330
C
100
AcDbEntity
8
0
100
AcDbLine
10
164.142
20
181.133
30
0
11
164.252
21
181.156
31
0
0
LINE
5
5B9
330
C
100
AcDbEntity
8
0
100
AcDbLine
10
164.252
20
181.156
30
0
11
164.357
21
181.186
31
0
0
LINE
5
5BA
330
C
100
AcDbEntity
8
0
100
AcDbLine
10
164.357
20
181.186
30
0
11
164.455
21
181.222
31
0
0
LINE
5
5BB
330
C
100
AcDbEntity
8
0
100
AcDbLine
10
164.455
20
181.222
30
0
11
164.546
21
181.264
31
0
0
LINE
5
5BC
330
C
100
AcDbEntity
8
0
100
AcDbLine
10
164.546
20
181.264
30
0
11
164.631
21
181.313
31
0
0
LINE
5
5BD
330
C
100
AcDbEntity
8
0
100
AcDbLine
10
164.631
20
181.313
30
0
11
164.71
21
181.369
31
0
0
LINE
5
5BE
330
C
100
AcDbEntity
8
0
100
AcDbLine
10
164.71
20
181.369
30
0
11
164.782
21
181.431
31
0
0
LINE
5
5BF
330
C
100
AcDbEntity
8
0
100
AcDbLine
10
164.782
20
181.431
30
0
11
164.848
21
181.499
31
0
0
LINE
5
5C0
330
C
100
AcDbEntity
8
0
100
AcDbLine
10
164.848
20
181.499
30
0
11
164.906
21
181.572
31
0
0
LINE
5
5C1
330
C
100
AcDbEntity
8
0
100
AcDbLine
10
164.906
20
181.572
30
0
11
164.958
21
181.65
31
0
0
LINE
5
5C2
330
C
100
AcDbEntity
8
0
100
AcDbLine
10
164.958
20
181.65
30
0
11
165.003
21
181.733
31
0
0
LINE
5
5C3
330
C
100
AcDbEntity
8
0
100
AcDbLine
10
165.003
20
181.733
30
0
11
165.041
21
181.822
31
0
0
LINE
5
5C4
330
C
100
AcDbEntity
8
0
100
AcDbLine
10
165.041
20
181.822
30
0
11
165.072
21
181.915
31
0
0
LINE
5
5C5
330
C
100
AcDbEntity
8
0
100
AcDbLine
10
165.072
20
181.915
30
0
11
165.096
21
182.014
31
0
0
LINE
5
5C6
330
C
100
AcDbEntity
8
0
100
AcDbLine
10
165.096
20
182.014
30
0
11
165.113
21
182.117
31
0
0
LINE
5
5C7
330
C
100
AcDbEntity
8
0
100
AcDbLine
10
165.113
20
182.117
30
0
11
165.124
21
182.226
31
0
0
LINE
5
5C8
330
C
100
AcDbEntity
8
0
100
AcDbLine
10
165.124
20
182.226
30
0
11
165.127
21
182.34
31
0
0
LINE
5
5C9
330
C
100
AcDbEntity
8
0
100
AcDbLine
10
165.127
20
182.34
30
0
11
165.127
21
182.34
31
0
0
LINE
5
5CA
330
C
100
AcDbEntity
8
0
100
AcDbLine
10
165.127
20
182.34
30
0
11
166.087
21
182.34
31
0
0
LINE
5
5CB
330
C
100
AcDbEntity
8
0
100
AcDbLine
10
166.087
20
182.34
30
0
11
166.084
21
182.221
31
0
0
LINE
5
5CC
330
C
100
AcDbEntity
8
0
100
AcDbLine
10
166.084
20
182.221
30
0
11
166.076
21
182.105
31
0
0
LINE
5
5CD
330
C
100
AcDbEntity
8
0
100
AcDbLine
10
166.076
20
182.105
30
0
11
166.062
21
181.992
31
0
0
LINE
5
5CE
330
C
100
AcDbEntity
8
0
100
AcDbLine
10
166.062
20
181.992
30
0
11
166.042
21
181.881
31
0
0
LINE
5
5CF
330
C
100
AcDbEntity
8
0
100
AcDbLine
10
166.042
20
181.881
30
0
11
166.017
21
181.773
31
0
0
LINE
5
5D0
330
C
100
AcDbEntity
8
0
100
AcDbLine
10
166.017
20
181.773
30
0
11
165.985
21
181.668
31
0
0
LINE
5
5D1
330
C
100
AcDbEntity
8
0
100
AcDbLine
10
165.985
20
181.668
30
0
11
165.949
21
181.565
31
0
0
LINE
5
5D2
330
C
100
AcDbEntity
8
0
100
AcDbLine
10
165.949
20
181.565
30
0
11
165.907
21
181.464
31
0
0
LINE
5
5D3
330
C
100
AcDbEntity
8
0
100
AcDbLine
10
165.907
20
181.464
30
0
11
165.859
21
181.367
31
0
0
LINE
5
5D4
330
C
100
AcDbEntity
8
0
100
AcDbLine
10
165.859
20
181.367
30
0
11
165.805
21
181.272
31
0
0
LINE
5
5D5
330
C
100
AcDbEntity
8
0
100
AcDbLine
10
165.805
20
181.272
30
0
11
165.746
21
181.18
31
0
0
LINE
5
5D6
330
C
100
AcDbEntity
8
0
100
AcDbLine
10
165.746
20
181.18
30
0
11
165.683
21
181.093
31
0
0
LINE
5
5D7
330
C
100
AcDbEntity
8
0
100
AcDbLine
10
165.683
20
181.093
30
0
11
165.614
21
181.009
31
0
0
LINE
5
5D8
330
C
100
AcDbEntity
8
0
100
AcDbLine
10
165.614
20
181.009
30
0
11
165.541
21
180.929
31
0
0
LINE
5
5D9
330
C
100
AcDbEntity
8
0
100
AcDbLine
10
165.541
20
180.929
30
0
11
165.464
21
180.853
31
0
0
LINE
5
5DA
330
C
100
AcDbEntity
8
0
100
AcDbLine
10
165.464
20
180.853
30
0
11
165.381
21
180.782
31
0
0
LINE
5
5DB
330
C
100
AcDbEntity
8
0
100
AcDbLine
10
165.381
20
180.782
30
0
11
165.294
21
180.714
31
0
0
LINE
5
5DC
330
C
100
AcDbEntity
8
0
100
AcDbLine
10
165.294
20
180.714
30
0
11
165.202
21
180.65
31
0
0
LINE
5
5DD
330
C
100
AcDbEntity
8
0
100
AcDbLine
10
165.202
20
180.65
30
0
11
165.105
21
180.59
31
0
0
LINE
5
5DE
330
C
100
AcDbEntity
8
0
100
AcDbLine
10
165.105
20
180.59
30
0
11
165.004
21
180.534
31
0
0
LINE
5
5DF
330
C
100
AcDbEntity
8
0
100
AcDbLine
10
165.004
20
180.534
30
0
11
164.898
21
180.483
31
0
0
LINE
5
5E0
330
C
100
AcDbEntity
8
0
100
AcDbLine
10
164.898
20
180.483
30
0
11
164.789
21
180.437
31
0
0
LINE
5
5E1
330
C
100
AcDbEntity
8
0
100
AcDbLine
10
164.789
20
180.437
30
0
11
164.676
21
180.396
31
0
0
LINE
5
5E2
330
C
100
AcDbEntity
8
0
100
AcDbLine
10
164.676
20
180.396
30
0
11
164.56
21
180.361
31
0
0
LINE
5
5E3
330
C
100
AcDbEntity
8
0
100
AcDbLine
10
164.56
20
180.361
30
0
11
164.439
21
180.332
31
0
0
LINE
5
5E4
330
C
100
AcDbEntity
8
0
100
AcDbLine
10
164.439
20
180.332
30
0
11
164.315
21
180.307
31
0
0
LINE
5
5E5
330
C
100
AcDbEntity
8
0
100
AcDbLine
10
164.315
20
180.307
30
0
11
164.188
21
180.288
31
0
0
LINE
5
5E6
330
C
100
AcDbEntity
8
0
100
AcDbLine
10
164.188
20
180.288
30
0
11
164.056
21
180.275
31
0
0
LINE
5
5E7
330
C
100
AcDbEntity
8
0
100
AcDbLine
10
164.056
20
180.275
30
0
11
163.922
21
180.267
31
0
0
LINE
5
5E8
330
C
100
AcDbEntity
8
0
100
AcDbLine
10
163.922
20
180.267
30
0
11
163.783
21
180.264
31
0
0
LINE
5
5E9
330
C
100
AcDbEntity
8
0
100
AcDbLine
10
163.783
20
180.264
30
0
11
163.783
21
180.264
31
0
0
LINE
5
5EA
330
C
100
AcDbEntity
8
0
100
AcDbLine
10
168.895
20
180.408
30
0
11
167.959
21
180.408
31
0
0
LINE
5
5EB
330
C
100
AcDbEntity
8
0
100
AcDbLine
10
167.959
20
180.408
30
0
11
167.959
21
188.592
31
0
0
LINE
5
5EC
330
C
100
AcDbEntity
8
0
100
AcDbLine
10
167.959
20
188.592
30
0
11
168.895
21
188.592
31
0
0
LINE
5
5ED
330
C
100
AcDbEntity
8
0
100
AcDbLine
10
168.895
20
188.592
30
0
11
168.895
21
180.408
31
0
0
LINE
5
5EE
330
C
100
AcDbEntity
8
0
100
AcDbLine
10
168.895
20
180.408
30
0
11
168.895
21
180.408
31
0
0
LINE
5
5EF
330
C
100
AcDbEntity
8
0
100
AcDbLine
10
168.751
20
182.7
30
0
11
168.751
21
183.696
31
0
0
LINE
5
5F0
330
C
100
AcDbEntity
8
0
100
AcDbLine
10
168.751
20
183.696
30
0
11
171.679
21
186.144
31
0
0
LINE
5
5F1
330
C
100
AcDbEntity
8
0
100
AcDbLine
10
171.679
20
186.144
30
0
11
172.987
21
186.144
31
0
0
LINE
5
5F2
330
C
100
AcDbEntity
8
0
100
AcDbLine
10
172.987
20
186.144
30
0
11
168.751
21
182.7
31
0
0
LINE
5
5F3
330
C
100
AcDbEntity
8
0
100
AcDbLine
10
168.751
20
182.7
30
0
11
168.751
21
182.7
31
0
0
LINE
5
5F4
330
C
100
AcDbEntity
8
0
100
AcDbLine
10
173.119
20
180.408
30
0
11
171.967
21
180.408
31
0
0
LINE
5
5F5
330
C
100
AcDbEntity
8
0
100
AcDbLine
10
171.967
20
180.408
30
0
11
169.243
21
184.032
31
0
0
LINE
5
5F6
330
C
100
AcDbEntity
8
0
100
AcDbLine
10
169.243
20
184.032
30
0
11
170.191
21
184.2
31
0
0
LINE
5
5F7
330
C
100
AcDbEntity
8
0
100
AcDbLine
10
170.191
20
184.2
30
0
11
173.119
21
180.408
31
0
0
LINE
5
5F8
330
C
100
AcDbEntity
8
0
100
AcDbLine
10
173.119
20
180.408
30
0
11
173.119
21
180.408
31
0
0
LINE
5
5F9
330
C
100
AcDbEntity
8
0
100
AcDbLine
10
358
20
176
30
0
11
358
21
173
31
0
0
LINE
5
5FA
330
C
100
AcDbEntity
8
0
100
AcDbLine
10
358
20
173
30
0
11
378
21
173
31
0
0
LINE
5
5FB
330
C
100
AcDbEntity
8
0
100
AcDbLine
10
378
20
173
30
0
11
378
21
176
31
0
0
LINE
5
5FC
330
C
100
AcDbEntity
8
0
100
AcDbLine
10
378
20
176
30
0
11
398
21
176
31
0
0
LINE
5
5FD
330
C
100
AcDbEntity
8
0
100
AcDbLine
10
398
20
176
30
0
11
398
21
173
31
0
0
LINE
5
5FE
330
C
100
AcDbEntity
8
0
100
AcDbLine
10
398
20
173
30
0
11
418
21
173
31
0
0
LINE
5
5FF
330
C
100
AcDbEntity
8
0
100
AcDbLine
10
418
20
173
30
0
11
418
21
176
31
0
0
LINE
5
600
330
C
100
AcDbEntity
8
0
100
AcDbLine
10
418
20
176
30
0
11
438
21
176
31
0
0
LINE
5
601
330
C
100
AcDbEntity
8
0
100
AcDbLine
10
438
20
176
30
0
11
438
21
173
31
0
0
LINE
5
602
330
C
100
AcDbEntity
8
0
100
AcDbLine
10
438
20
173
30
0
11
458
21
173
31
0
0
LINE
5
603
330
C
100
AcDbEntity
8
0
100
AcDbLine
10
458
20
173
30
0
11
458
21
176
31
0
0
LINE
5
604
330
C
100
AcDbEntity
8
0
100
AcDbLine
10
458
20
176
30
0
11
478
21
176
31
0
0
LINE
5
605
330
C
100
AcDbEntity
8
0
100
AcDbLine
10
478
20
176
30
0
11
478
21
173
31
0
0
LINE
5
606
330
C
100
AcDbEntity
8
0
100
AcDbLine
10
478
20
173
30
0
11
490
21
173
31
0
0
LINE
5
607
330
C
100
AcDbEntity
8
0
100
AcDbLine
10
490
20
173
30
0
11
493
21
173
31
0
0
LINE
5
608
330
C
100
AcDbEntity
8
0
100
AcDbLine
10
493
20
173
30
0
11
493
21
176
31
0
0
LINE
5
609
330
C
100
AcDbEntity
8
0
100
AcDbLine
10
493
20
176
30
0
11
493
21
184.5
31
0
0
LINE
5
60A
330
C
100
AcDbEntity
8
0
100
AcDbLine
10
493
20
184.5
30
0
11
490
21
184.5
31
0
0
LINE
5
60B
330
C
100
AcDbEntity
8
0
100
AcDbLine
10
490
20
184.5
30
0
11
490
21
204.5
31
0
0
LINE
5
60C
330
C
100
AcDbEntity
8
0
100
AcDbLine
10
490
20
204.5
30
0
11
493
21
204.5
31
0
0
LINE
5
60D
330
C
100
AcDbEntity
8
0
100
AcDbLine
10
493
20
204.5
30
0
11
493
21
224.5
31
0
0
LINE
5
60E
330
C
100
AcDbEntity
8
0
100
AcDbLine
10
493
20
224.5
30
0
11
490
21
224.5
31
0
0
LINE
5
60F
330
C
100
AcDbEntity
8
0
100
AcDbLine
10
490
20
224.5
30
0
11
490
21
244.5
31
0
0
LINE
5
610
330
C
100
AcDbEntity
8
0
100
AcDbLine
10
490
20
244.5
30
0
11
493
21
244.5
31
0
0
LINE
5
611
330
C
100
AcDbEntity
8
0
100
AcDbLine
10
493
20
244.5
30
0
11
493
21
264.5
31
0
0
LINE
5
612
330
C
100
AcDbEntity
8
0
100
AcDbLine
10
493
20
264.5
30
0
11
490
21
264.5
31
0
0
LINE
5
613
330
C
100
AcDbEntity
8
0
100
AcDbLine
10
490
20
264.5
30
0
11
490
21
284.5
31
0
0
LINE
5
614
330
C
100
AcDbEntity
8
0
100
AcDbLine
10
490
20
284.5
30
0
11
493
21
284.5
31
0
0
LINE
5
615
330
C
100
AcDbEntity
8
0
100
AcDbLine
10
493
20
284.5
30
0
11
493
21
293
31
0
0
LINE
5
616
330
C
100
AcDbEntity
8
0
100
AcDbLine
10
493
20
293
30
0
11
490
21
293
31
0
0
LINE
5
617
330
C
100
AcDbEntity
8
0
100
AcDbLine
10
490
20
293
30
0
11
326
21
293
31
0
0
LINE
5
618
330
C
100
AcDbEntity
8
0
100
AcDbLine
10
326
20
293
30
0
11
323
21
293
31
0
0
LINE
5
619
330
C
100
AcDbEntity
8
0
100
AcDbLine
10
323
20
293
30
0
11
323
21
284.5
31
0
0
LINE
5
61A
330
C
100
AcDbEntity
8
0
100
AcDbLine
10
323
20
284.5
30
0
11
326
21
284.5
31
0
0
LINE
5
61B
330
C
100
AcDbEntity
8
0
100
AcDbLine
10
326
20
284.5
30
0
11
326
21
264.5
31
0
0
LINE
5
61C
330
C
100
AcDbEntity
8
0
100
AcDbLine
10
326
20
264.5
30
0
11
323
21
264.5
31
0
0
LINE
5
61D
330
C
100
AcDbEntity
8
0
100
AcDbLine
10
323
20
264.5
30
0
11
323
21
244.5
31
0
0
LINE
5
61E
330
C
100
AcDbEntity
8
0
100
AcDbLine
10
323
20
244.5
30
0
11
326
21
244.5
31
0
0
LINE
5
61F
330
C
100
AcDbEntity
8
0
100
AcDbLine
10
326
20
244.5
30
0
11
326
21
224.5
31
0
0
LINE
5
620
330
C
100
AcDbEntity
8
0
100
AcDbLine
10
326
20
224.5
30
0
11
323
21
224.5
31
0
0
LINE
5
621
330
C
100
AcDbEntity
8
0
100
AcDbLine
10
323
20
224.5
30
0
11
323
21
204.5
31
0
0
LINE
5
622
330
C
100
AcDbEntity
8
0
100
AcDbLine
10
323
20
204.5
30
0
11
326
21
204.5
31
0
0
LINE
5
623
330
C
100
AcDbEntity
8
0
100
AcDbLine
10
326
20
204.5
30
0
11
326
21
184.5
31
0
0
LINE
5
624
330
C
100
AcDbEntity
8
0
100
AcDbLine
10
326
20
184.5
30
0
11
323
21
184.5
31
0
0
LINE
5
625
330
C
100
AcDbEntity
8
0
100
AcDbLine
10
323
20
184.5
30
0
11
323
21
176
31
0
0
LINE
5
626
330
C
100
AcDbEntity
8
0
100
AcDbLine
10
323
20
176
30
0
11
323
21
173
31
0
0
LINE
5
627
330
C
100
AcDbEntity
8
0
100
AcDbLine
10
323
20
173
30
0
11
326
21
173
31
0
0
LINE
5
628
330
C
100
AcDbEntity
8
0
100
AcDbLine
10
326
20
173
30
0
11
338
21
173
31
0
0
LINE
5
629
330
C
100
AcDbEntity
8
0
100
AcDbLine
10
338
20
173
30
0
11
338
21
176
31
0
0
LINE
5
62A
330
C
100
AcDbEntity
8
0
100
AcDbLine
10
338
20
176
30
0
11
358
21
176
31
0
0
LINE
5
62B
330
C
100
AcDbEntity
8
0
100
AcDbLine
10
399.015
20
237.902
30
0
11
399.951
21
237.902
31
0
0
LINE
5
62C
330
C
100
AcDbEntity
8
0
100
AcDbLine
10
399.951
20
237.902
30
0
11
399.951
21
231.182
31
0
0
LINE
5
62D
330
C
100
AcDbEntity
8
0
100
AcDbLine
10
399.951
20
231.182
30
0
11
403.311
21
231.182
31
0
0
LINE
5
62E
330
C
100
AcDbEntity
8
0
100
AcDbLine
10
403.311
20
231.182
30
0
11
403.311
21
230.366
31
0
0
LINE
5
62F
330
C
100
AcDbEntity
8
0
100
AcDbLine
10
403.311
20
230.366
30
0
11
399.015
21
230.366
31
0
0
LINE
5
630
330
C
100
AcDbEntity
8
0
100
AcDbLine
10
399.015
20
230.366
30
0
11
399.015
21
237.902
31
0
0
LINE
5
631
330
C
100
AcDbEntity
8
0
100
AcDbLine
10
399.015
20
237.902
30
0
11
399.015
21
237.902
31
0
0
LINE
5
632
330
C
100
AcDbEntity
8
0
100
AcDbLine
10
406.617
20
230.222
30
0
11
406.617
21
230.222
31
0
0
LINE
5
633
330
C
100
AcDbEntity
8
0
100
AcDbLine
10
406.617
20
230.222
30
0
11
406.47
21
230.226
31
0
0
LINE
5
634
330
C
100
AcDbEntity
8
0
100
AcDbLine
10
406.47
20
230.226
30
0
11
406.326
21
230.237
31
0
0
LINE
5
635
330
C
100
AcDbEntity
8
0
100
AcDbLine
10
406.326
20
230.237
30
0
11
406.185
21
230.256
31
0
0
LINE
5
636
330
C
100
AcDbEntity
8
0
100
AcDbLine
10
406.185
20
230.256
30
0
11
406.047
21
230.283
31
0
0
LINE
5
637
330
C
100
AcDbEntity
8
0
100
AcDbLine
10
406.047
20
230.283
30
0
11
405.913
21
230.317
31
0
0
LINE
5
638
330
C
100
AcDbEntity
8
0
100
AcDbLine
10
405.913
20
230.317
30
0
11
405.781
21
230.359
31
0
0
LINE
5
639
330
C
100
AcDbEntity
8
0
100
AcDbLine
10
405.781
20
230.359
30
0
11
405.653
21
230.409
31
0
0
LINE
5
63A
330
C
100
AcDbEntity
8
0
100
AcDbLine
10
405.653
20
230.409
30
0
11
405.528
21
230.466
31
0
0
LINE
5
63B
330
C
100
AcDbEntity
8
0
100
AcDbLine
10
405.528
20
230.466
30
0
11
405.407
21
230.531
31
0
0
LINE
5
63C
330
C
100
AcDbEntity
8
0
100
AcDbLine
10
405.407
20
230.531
30
0
11
405.288
21
230.603
31
0
0
LINE
5
63D
330
C
100
AcDbEntity
8
0
100
AcDbLine
10
405.288
20
230.603
30
0
11
405.173
21
230.682
31
0
0
LINE
5
63E
330
C
100
AcDbEntity
8
0
100
AcDbLine
10
405.173
20
230.682
30
0
11
405.064
21
230.767
31
0
0
LINE
5
63F
330
C
100
AcDbEntity
8
0
100
AcDbLine
10
405.064
20
230.767
30
0
11
404.959
21
230.858
31
0
0
LINE
5
640
330
C
100
AcDbEntity
8
0
100
AcDbLine
10
404.959
20
230.858
30
0
11
404.859
21
230.955
31
0
0
LINE
5
641
330
C
100
AcDbEntity
8
0
100
AcDbLine
10
404.859
20
230.955
30
0
11
404.764
21
231.058
31
0
0
LINE
5
642
330
C
100
AcDbEntity
8
0
100
AcDbLine
10
404.764
20
231.058
30
0
11
404.675
21
231.167
31
0
0
LINE
5
643
330
C
100
AcDbEntity
8
0
100
AcDbLine
10
404.675
20
231.167
30
0
11
404.59
21
231.282
31
0
0
LINE
5
644
330
C
100
AcDbEntity
8
0
100
AcDbLine
10
404.59
20
231.282
30
0
11
404.509
21
231.403
31
0
0
LINE
5
645
330
C
100
AcDbEntity
8
0
100
AcDbLine
10
404.509
20
231.403
30
0
11
404.434
21
231.529
31
0
0
LINE
5
646
330
C
100
AcDbEntity
8
0
100
AcDbLine
10
404.434
20
231.529
30
0
11
404.364
21
231.662
31
0
0
LINE
5
647
330
C
100
AcDbEntity
8
0
100
AcDbLine
10
404.364
20
231.662
30
0
11
404.3
21
231.8
31
0
0
LINE
5
648
330
C
100
AcDbEntity
8
0
100
AcDbLine
10
404.3
20
231.8
30
0
11
404.242
21
231.941
31
0
0
LINE
5
649
330
C
100
AcDbEntity
8
0
100
AcDbLine
10
404.242
20
231.941
30
0
11
404.191
21
232.087
31
0
0
LINE
5
64A
330
C
100
AcDbEntity
8
0
100
AcDbLine
10
404.191
20
232.087
30
0
11
404.147
21
232.237
31
0
0
LINE
5
64B
330
C
100
AcDbEntity
8
0
100
AcDbLine
10
404.147
20
232.237
30
0
11
404.11
21
232.391
31
0
0
LINE
5
64C
330
C
100
AcDbEntity
8
0
100
AcDbLine
10
404.11
20
232.391
30
0
11
404.079
21
232.549
31
0
0
LINE
5
64D
330
C
100
AcDbEntity
8
0
100
AcDbLine
10
404.079
20
232.549
30
0
11
404.056
21
232.711
31
0
0
LINE
5
64E
330
C
100
AcDbEntity
8
0
100
AcDbLine
10
404.056
20
232.711
30
0
11
404.039
21
232.877
31
0
0
LINE
5
64F
330
C
100
AcDbEntity
8
0
100
AcDbLine
10
404.039
20
232.877
30
0
11
404.028
21
233.048
31
0
0
LINE
5
650
330
C
100
AcDbEntity
8
0
100
AcDbLine
10
404.028
20
233.048
30
0
11
404.025
21
233.222
31
0
0
LINE
5
651
330
C
100
AcDbEntity
8
0
100
AcDbLine
10
404.025
20
233.222
30
0
11
404.025
21
233.222
31
0
0
LINE
5
652
330
C
100
AcDbEntity
8
0
100
AcDbLine
10
404.025
20
233.222
30
0
11
404.028
21
233.408
31
0
0
LINE
5
653
330
C
100
AcDbEntity
8
0
100
AcDbLine
10
404.028
20
233.408
30
0
11
404.038
21
233.588
31
0
0
LINE
5
654
330
C
100
AcDbEntity
8
0
100
AcDbLine
10
404.038
20
233.588
30
0
11
404.055
21
233.763
31
0
0
LINE
5
655
330
C
100
AcDbEntity
8
0
100
AcDbLine
10
404.055
20
233.763
30
0
11
404.079
21
233.933
31
0
0
LINE
5
656
330
C
100
AcDbEntity
8
0
100
AcDbLine
10
404.079
20
233.933
30
0
11
404.109
21
234.098
31
0
0
LINE
5
657
330
C
100
AcDbEntity
8
0
100
AcDbLine
10
404.109
20
234.098
30
0
11
404.146
21
234.257
31
0
0
LINE
5
658
330
C
100
AcDbEntity
8
0
100
AcDbLine
10
404.146
20
234.257
30
0
11
404.19
21
234.411
31
0
0
LINE
5
659
330
C
100
AcDbEntity
8
0
100
AcDbLine
10
404.19
20
234.411
30
0
11
404.24
21
234.56
31
0
0
LINE
5
65A
330
C
100
AcDbEntity
8
0
100
AcDbLine
10
404.24
20
234.56
30
0
11
404.297
21
234.704
31
0
0
LINE
5
65B
330
C
100
AcDbEntity
8
0
100
AcDbLine
10
404.297
20
234.704
30
0
11
404.361
21
234.842
31
0
0
LINE
5
65C
330
C
100
AcDbEntity
8
0
100
AcDbLine
10
404.361
20
234.842
30
0
11
404.431
21
234.974
31
0
0
LINE
5
65D
330
C
100
AcDbEntity
8
0
100
AcDbLine
10
404.431
20
234.974
30
0
11
404.505
21
235.101
31
0
0
LINE
5
65E
330
C
100
AcDbEntity
8
0
100
AcDbLine
10
404.505
20
235.101
30
0
11
404.585
21
235.22
31
0
0
LINE
5
65F
330
C
100
AcDbEntity
8
0
100
AcDbLine
10
404.585
20
235.22
30
0
11
404.67
21
235.334
31
0
0
LINE
5
660
330
C
100
AcDbEntity
8
0
100
AcDbLine
10
404.67
20
235.334
30
0
11
404.759
21
235.441
31
0
0
LINE
5
661
330
C
100
AcDbEntity
8
0
100
AcDbLine
10
404.759
20
235.441
30
0
11
404.854
21
235.542
31
0
0
LINE
5
662
330
C
100
AcDbEntity
8
0
100
AcDbLine
10
404.854
20
235.542
30
0
11
404.953
21
235.637
31
0
0
LINE
5
663
330
C
100
AcDbEntity
8
0
100
AcDbLine
10
404.953
20
235.637
30
0
11
405.058
21
235.725
31
0
0
LINE
5
664
330
C
100
AcDbEntity
8
0
100
AcDbLine
10
405.058
20
235.725
30
0
11
405.167
21
235.807
31
0
0
LINE
5
665
330
C
100
AcDbEntity
8
0
100
AcDbLine
10
405.167
20
235.807
30
0
11
405.282
21
235.883
31
0
0
LINE
5
666
330
C
100
AcDbEntity
8
0
100
AcDbLine
10
405.282
20
235.883
30
0
11
405.401
21
235.952
31
0
0
LINE
5
667
330
C
100
AcDbEntity
8
0
100
AcDbLine
10
405.401
20
235.952
30
0
11
405.523
21
236.014
31
0
0
LINE
5
668
330
C
100
AcDbEntity
8
0
100
AcDbLine
10
405.523
20
236.014
30
0
11
405.648
21
236.068
31
0
0
LINE
5
669
330
C
100
AcDbEntity
8
0
100
AcDbLine
10
405.648
20
236.068
30
0
11
405.776
21
236.115
31
0
0
LINE
5
66A
330
C
100
AcDbEntity
8
0
100
AcDbLine
10
405.776
20
236.115
30
0
11
405.908
21
236.155
31
0
0
LINE
5
66B
330
C
100
AcDbEntity
8
0
100
AcDbLine
10
405.908
20
236.155
30
0
11
406.043
21
236.188
31
0
0
LINE
5
66C
330
C
100
AcDbEntity
8
0
100
AcDbLine
10
406.043
20
236.188
30
0
11
406.182
21
236.213
31
0
0
LINE
5
66D
330
C
100
AcDbEntity
8
0
100
AcDbLine
10
406.182
20
236.213
30
0
11
406.324
21
236.231
31
0
0
LINE
5
66E
330
C
100
AcDbEntity
8
0
100
AcDbLine
10
406.324
20
236.231
30
0
11
406.469
21
236.242
31
0
0
LINE
5
66F
330
C
100
AcDbEntity
8
0
100
AcDbLine
10
406.469
20
236.242
30
0
11
406.617
21
236.246
31
0
0
LINE
5
670
330
C
100
AcDbEntity
8
0
100
AcDbLine
10
406.617
20
236.246
30
0
11
406.617
21
236.246
31
0
0
LINE
5
671
330
C
100
AcDbEntity
8
0
100
AcDbLine
10
406.617
20
236.246
30
0
11
406.746
21
236.243
31
0
0
LINE
5
672
330
C
100
AcDbEntity
8
0
100
AcDbLine
10
406.746
20
236.243
30
0
11
406.871
21
236.235
31
0
0
LINE
5
673
330
C
100
AcDbEntity
8
0
100
AcDbLine
10
406.871
20
236.235
30
0
11
406.992
21
236.222
31
0
0
LINE
5
674
330
C
100
AcDbEntity
8
0
100
AcDbLine
10
406.992
20
236.222
30
0
11
407.109
21
236.204
31
0
0
LINE
5
675
330
C
100
AcDbEntity
8
0
100
AcDbLine
10
407.109
20
236.204
30
0
11
407.223
21
236.18
31
0
0
LINE
5
676
330
C
100
AcDbEntity
8
0
100
AcDbLine
10
407.223
20
236.18
30
0
11
407.333
21
236.151
31
0
0
LINE
5
677
330
C
100
AcDbEntity
8
0
100
AcDbLine
10
407.333
20
236.151
30
0
11
407.439
21
236.117
31
0
0
LINE
5
678
330
C
100
AcDbEntity
8
0
100
AcDbLine
10
407.439
20
236.117
30
0
11
407.541
21
236.077
31
0
0
LINE
5
679
330
C
100
AcDbEntity
8
0
100
AcDbLine
10
407.541
20
236.077
30
0
11
407.639
21
236.032
31
0
0
LINE
5
67A
330
C
100
AcDbEntity
8
0
100
AcDbLine
10
407.639
20
236.032
30
0
11
407.733
21
235.982
31
0
0
LINE
5
67B
330
C
100
AcDbEntity
8
0
100
AcDbLine
10
407.733
20
235.982
30
0
11
407.824
21
235.927
31
0
0
LINE
5
67C
330
C
100
AcDbEntity
8
0
100
AcDbLine
10
407.824
20
235.927
30
0
11
407.911
21
235.869
31
0
0
LINE
5
67D
330
C
100
AcDbEntity
8
0
100
AcDbLine
10
407.911
20
235.869
30
0
11
407.994
21
235.807
31
0
0
LINE
5
67E
330
C
100
AcDbEntity
8
0
100
AcDbLine
10
407.994
20
235.807
30
0
11
408.074
21
235.741
31
0
0
LINE
5
67F
330
C
100
AcDbEntity
8
0
100
AcDbLine
10
408.074
20
235.741
30
0
11
408.15
21
235.672
31
0
0
LINE
5
680
330
C
100
AcDbEntity
8
0
100
AcDbLine
10
408.15
20
235.672
30
0
11
408.223
21
235.598
31
0
0
LINE
5
681
330
C
100
AcDbEntity
8
0
100
AcDbLine
10
408.223
20
235.598
30
0
11
408.292
21
235.521
31
0
0
LINE
5
682
330
C
100
AcDbEntity
8
0
100
AcDbLine
10
408.292
20
235.521
30
0
11
408.357
21
235.441
31
0
0
LINE
5
683
330
C
100
AcDbEntity
8
0
100
AcDbLine
10
408.357
20
235.441
30
0
11
408.419
21
235.356
31
0
0
LINE
5
684
330
C
100
AcDbEntity
8
0
100
AcDbLine
10
408.419
20
235.356
30
0
11
408.477
21
235.268
31
0
0
LINE
5
685
330
C
100
AcDbEntity
8
0
100
AcDbLine
10
408.477
20
235.268
30
0
11
408.532
21
235.177
31
0
0
LINE
5
686
330
C
100
AcDbEntity
8
0
100
AcDbLine
10
408.532
20
235.177
30
0
11
408.583
21
235.083
31
0
0
LINE
5
687
330
C
100
AcDbEntity
8
0
100
AcDbLine
10
408.583
20
235.083
30
0
11
408.631
21
234.987
31
0
0
LINE
5
688
330
C
100
AcDbEntity
8
0
100
AcDbLine
10
408.631
20
234.987
30
0
11
408.675
21
234.889
31
0
0
LINE
5
689
330
C
100
AcDbEntity
8
0
100
AcDbLine
10
408.675
20
234.889
30
0
11
408.716
21
234.789
31
0
0
LINE
5
68A
330
C
100
AcDbEntity
8
0
100
AcDbLine
10
408.716
20
234.789
30
0
11
408.754
21
234.686
31
0
0
LINE
5
68B
330
C
100
AcDbEntity
8
0
100
AcDbLine
10
408.754
20
234.686
30
0
11
408.788
21
234.581
31
0
0
LINE
5
68C
330
C
100
AcDbEntity
8
0
100
AcDbLine
10
408.788
20
234.581
30
0
11
408.819
21
234.473
31
0
0
LINE
5
68D
330
C
100
AcDbEntity
8
0
100
AcDbLine
10
408.819
20
234.473
30
0
11
408.846
21
234.363
31
0
0
LINE
5
68E
330
C
100
AcDbEntity
8
0
100
AcDbLine
10
408.846
20
234.363
30
0
11
408.87
21
234.251
31
0
0
LINE
5
68F
330
C
100
AcDbEntity
8
0
100
AcDbLine
10
408.87
20
234.251
30
0
11
408.891
21
234.137
31
0
0
LINE
5
690
330
C
100
AcDbEntity
8
0
100
AcDbLine
10
408.891
20
234.137
30
0
11
408.908
21
234.023
31
0
0
LINE
5
691
330
C
100
AcDbEntity
8
0
100
AcDbLine
10
408.908
20
234.023
30
0
11
408.922
21
233.907
31
0
0
LINE
5
692
330
C
100
AcDbEntity
8
0
100
AcDbLine
10
408.922
20
233.907
30
0
11
408.933
21
233.791
31
0
0
LINE
5
693
330
C
100
AcDbEntity
8
0
100
AcDbLine
10
408.933
20
233.791
30
0
11
408.941
21
233.674
31
0
0
LINE
5
694
330
C
100
AcDbEntity
8
0
100
AcDbLine
10
408.941
20
233.674
30
0
11
408.946
21
233.557
31
0
0
LINE
5
695
330
C
100
AcDbEntity
8
0
100
AcDbLine
10
408.946
20
233.557
30
0
11
408.947
21
233.438
31
0
0
LINE
5
696
330
C
100
AcDbEntity
8
0
100
AcDbLine
10
408.947
20
233.438
30
0
11
408.946
21
233.319
31
0
0
LINE
5
697
330
C
100
AcDbEntity
8
0
100
AcDbLine
10
408.946
20
233.319
30
0
11
408.941
21
233.199
31
0
0
LINE
5
698
330
C
100
AcDbEntity
8
0
100
AcDbLine
10
408.941
20
233.199
30
0
11
408.933
21
233.078
31
0
0
LINE
5
699
330
C
100
AcDbEntity
8
0
100
AcDbLine
10
408.933
20
233.078
30
0
11
408.933
21
233.078
31
0
0
LINE
5
69A
330
C
100
AcDbEntity
8
0
100
AcDbLine
10
408.933
20
233.078
30
0
11
404.781
21
233.078
31
0
0
LINE
5
69B
330
C
100
AcDbEntity
8
0
100
AcDbLine
10
404.781
20
233.078
30
0
11
404.781
21
233.654
31
0
0
LINE
5
69C
330
C
100
AcDbEntity
8
0
100
AcDbLine
10
404.781
20
233.654
30
0
11
408.315
21
233.654
31
0
0
LINE
5
69D
330
C
100
AcDbEntity
8
0
100
AcDbLine
10
408.315
20
233.654
30
0
11
408.039
21
233.474
31
0
0
LINE
5
69E
330
C
100
AcDbEntity
8
0
100
AcDbLine
10
408.039
20
233.474
30
0
11
408.042
21
233.545
31
0
0
LINE
5
69F
330
C
100
AcDbEntity
8
0
100
AcDbLine
10
408.042
20
233.545
30
0
11
408.043
21
233.616
31
0
0
LINE
5
6A0
330
C
100
AcDbEntity
8
0
100
AcDbLine
10
408.043
20
233.616
30
0
11
408.043
21
233.686
31
0
0
LINE
5
6A1
330
C
100
AcDbEntity
8
0
100
AcDbLine
10
408.043
20
233.686
30
0
11
408.041
21
233.757
31
0
0
LINE
5
6A2
330
C
100
AcDbEntity
8
0
100
AcDbLine
10
408.041
20
233.757
30
0
11
408.038
21
233.828
31
0
0
LINE
5
6A3
330
C
100
AcDbEntity
8
0
100
AcDbLine
10
408.038
20
233.828
30
0
11
408.034
21
233.899
31
0
0
LINE
5
6A4
330
C
100
AcDbEntity
8
0
100
AcDbLine
10
408.034
20
233.899
30
0
11
408.027
21
233.97
31
0
0
LINE
5
6A5
330
C
100
AcDbEntity
8
0
100
AcDbLine
10
408.027
20
233.97
30
0
11
408.02
21
234.04
31
0
0
LINE
5
6A6
330
C
100
AcDbEntity
8
0
100
AcDbLine
10
408.02
20
234.04
30
0
11
408.011
21
234.111
31
0
0
LINE
5
6A7
330
C
100
AcDbEntity
8
0
100
AcDbLine
10
408.011
20
234.111
30
0
11
408
21
234.182
31
0
0
LINE
5
6A8
330
C
100
AcDbEntity
8
0
100
AcDbLine
10
408
20
234.182
30
0
11
407.988
21
234.252
31
0
0
LINE
5
6A9
330
C
100
AcDbEntity
8
0
100
AcDbLine
10
407.988
20
234.252
30
0
11
407.973
21
234.321
31
0
0
LINE
5
6AA
330
C
100
AcDbEntity
8
0
100
AcDbLine
10
407.973
20
234.321
30
0
11
407.957
21
234.389
31
0
0
LINE
5
6AB
330
C
100
AcDbEntity
8
0
100
AcDbLine
10
407.957
20
234.389
30
0
11
407.939
21
234.456
31
0
0
LINE
5
6AC
330
C
100
AcDbEntity
8
0
100
AcDbLine
10
407.939
20
234.456
30
0
11
407.918
21
234.522
31
0
0
LINE
5
6AD
330
C
100
AcDbEntity
8
0
100
AcDbLine
10
407.918
20
234.522
30
0
11
407.896
21
234.586
31
0
0
LINE
5
6AE
330
C
100
AcDbEntity
8
0
100
AcDbLine
10
407.896
20
234.586
30
0
11
407.872
21
234.65
31
0
0
LINE
5
6AF
330
C
100
AcDbEntity
8
0
100
AcDbLine
10
407.872
20
234.65
30
0
11
407.845
21
234.712
31
0
0
LINE
5
6B0
330
C
100
AcDbEntity
8
0
100
AcDbLine
10
407.845
20
234.712
30
0
11
407.817
21
234.773
31
0
0
LINE
5
6B1
330
C
100
AcDbEntity
8
0
100
AcDbLine
10
407.817
20
234.773
30
0
11
407.787
21
234.833
31
0
0
LINE
5
6B2
330
C
100
AcDbEntity
8
0
100
AcDbLine
10
407.787
20
234.833
30
0
11
407.755
21
234.891
31
0
0
LINE
5
6B3
330
C
100
AcDbEntity
8
0
100
AcDbLine
10
407.755
20
234.891
30
0
11
407.72
21
234.947
31
0
0
LINE
5
6B4
330
C
100
AcDbEntity
8
0
100
AcDbLine
10
407.72
20
234.947
30
0
11
407.682
21
235.001
31
0
0
LINE
5
6B5
330
C
100
AcDbEntity
8
0
100
AcDbLine
10
407.682
20
235.001
30
0
11
407.642
21
235.052
31
0
0
LINE
5
6B6
330
C
100
AcDbEntity
8
0
100
AcDbLine
10
407.642
20
235.052
30
0
11
407.599
21
235.101
31
0
0
LINE
5
6B7
330
C
100
AcDbEntity
8
0
100
AcDbLine
10
407.599
20
235.101
30
0
11
407.554
21
235.147
31
0
0
LINE
5
6B8
330
C
100
AcDbEntity
8
0
100
AcDbLine
10
407.554
20
235.147
30
0
11
407.507
21
235.191
31
0
0
LINE
5
6B9
330
C
100
AcDbEntity
8
0
100
AcDbLine
10
407.507
20
235.191
30
0
11
407.457
21
235.233
31
0
0
LINE
5
6BA
330
C
100
AcDbEntity
8
0
100
AcDbLine
10
407.457
20
235.233
30
0
11
407.404
21
235.273
31
0
0
LINE
5
6BB
330
C
100
AcDbEntity
8
0
100
AcDbLine
10
407.404
20
235.273
30
0
11
407.349
21
235.31
31
0
0
LINE
5
6BC
330
C
100
AcDbEntity
8
0
100
AcDbLine
10
407.349
20
235.31
30
0
11
407.291
21
235.344
31
0
0
LINE
5
6BD
330
C
100
AcDbEntity
8
0
100
AcDbLine
10
407.291
20
235.344
30
0
11
407.23
21
235.375
31
0
0
LINE
5
6BE
330
C
100
AcDbEntity
8
0
100
AcDbLine
10
407.23
20
235.375
30
0
11
407.166
21
235.402
31
0
0
LINE
5
6BF
330
C
100
AcDbEntity
8
0
100
AcDbLine
10
407.166
20
235.402
30
0
11
407.098
21
235.425
31
0
0
LINE
5
6C0
330
C
100
AcDbEntity
8
0
100
AcDbLine
10
407.098
20
235.425
30
0
11
407.028
21
235.445
31
0
0
LINE
5
6C1
330
C
100
AcDbEntity
8
0
100
AcDbLine
10
407.028
20
235.445
30
0
11
406.954
21
235.461
31
0
0
LINE
5
6C2
330
C
100
AcDbEntity
8
0
100
AcDbLine
10
406.954
20
235.461
30
0
11
406.878
21
235.474
31
0
0
LINE
5
6C3
330
C
100
AcDbEntity
8
0
100
AcDbLine
10
406.878
20
235.474
30
0
11
406.798
21
235.483
31
0
0
LINE
5
6C4
330
C
100
AcDbEntity
8
0
100
AcDbLine
10
406.798
20
235.483
30
0
11
406.715
21
235.488
31
0
0
LINE
5
6C5
330
C
100
AcDbEntity
8
0
100
AcDbLine
10
406.715
20
235.488
30
0
11
406.629
21
235.49
31
0
0
LINE
5
6C6
330
C
100
AcDbEntity
8
0
100
AcDbLine
10
406.629
20
235.49
30
0
11
406.629
21
235.49
31
0
0
LINE
5
6C7
330
C
100
AcDbEntity
8
0
100
AcDbLine
10
406.629
20
235.49
30
0
11
406.52
21
235.487
31
0
0
LINE
5
6C8
330
C
100
AcDbEntity
8
0
100
AcDbLine
10
406.52
20
235.487
30
0
11
406.415
21
235.479
31
0
0
LINE
5
6C9
330
C
100
AcDbEntity
8
0
100
AcDbLine
10
406.415
20
235.479
30
0
11
406.314
21
235.465
31
0
0
LINE
5
6CA
330
C
100
AcDbEntity
8
0
100
AcDbLine
10
406.314
20
235.465
30
0
11
406.216
21
235.445
31
0
0
LINE
5
6CB
330
C
100
AcDbEntity
8
0
100
AcDbLine
10
406.216
20
235.445
30
0
11
406.122
21
235.419
31
0
0
LINE
5
6CC
330
C
100
AcDbEntity
8
0
100
AcDbLine
10
406.122
20
235.419
30
0
11
406.031
21
235.388
31
0
0
LINE
5
6CD
330
C
100
AcDbEntity
8
0
100
AcDbLine
10
406.031
20
235.388
30
0
11
405.944
21
235.352
31
0
0
LINE
5
6CE
330
C
100
AcDbEntity
8
0
100
AcDbLine
10
405.944
20
235.352
30
0
11
405.861
21
235.31
31
0
0
LINE
5
6CF
330
C
100
AcDbEntity
8
0
100
AcDbLine
10
405.861
20
235.31
30
0
11
405.781
21
235.262
31
0
0
LINE
5
6D0
330
C
100
AcDbEntity
8
0
100
AcDbLine
10
405.781
20
235.262
30
0
11
405.705
21
235.208
31
0
0
LINE
5
6D1
330
C
100
AcDbEntity
8
0
100
AcDbLine
10
405.705
20
235.208
30
0
11
405.632
21
235.15
31
0
0
LINE
5
6D2
330
C
100
AcDbEntity
8
0
100
AcDbLine
10
405.632
20
235.15
30
0
11
405.564
21
235.088
31
0
0
LINE
5
6D3
330
C
100
AcDbEntity
8
0
100
AcDbLine
10
405.564
20
235.088
30
0
11
405.499
21
235.023
31
0
0
LINE
5
6D4
330
C
100
AcDbEntity
8
0
100
AcDbLine
10
405.499
20
235.023
30
0
11
405.437
21
234.954
31
0
0
LINE
5
6D5
330
C
100
AcDbEntity
8
0
100
AcDbLine
10
405.437
20
234.954
30
0
11
405.38
21
234.882
31
0
0
LINE
5
6D6
330
C
100
AcDbEntity
8
0
100
AcDbLine
10
405.38
20
234.882
30
0
11
405.326
21
234.806
31
0
0
LINE
5
6D7
330
C
100
AcDbEntity
8
0
100
AcDbLine
10
405.326
20
234.806
30
0
11
405.275
21
234.726
31
0
0
LINE
5
6D8
330
C
100
AcDbEntity
8
0
100
AcDbLine
10
405.275
20
234.726
30
0
11
405.229
21
234.644
31
0
0
LINE
5
6D9
330
C
100
AcDbEntity
8
0
100
AcDbLine
10
405.229
20
234.644
30
0
11
405.186
21
234.557
31
0
0
LINE
5
6DA
330
C
100
AcDbEntity
8
0
100
AcDbLine
10
405.186
20
234.557
30
0
11
405.147
21
234.467
31
0
0
LINE
5
6DB
330
C
100
AcDbEntity
8
0
100
AcDbLine
10
405.147
20
234.467
30
0
11
405.112
21
234.374
31
0
0
LINE
5
6DC
330
C
100
AcDbEntity
8
0
100
AcDbLine
10
405.112
20
234.374
30
0
11
405.08
21
234.28
31
0
0
LINE
5
6DD
330
C
100
AcDbEntity
8
0
100
AcDbLine
10
405.08
20
234.28
30
0
11
405.052
21
234.185
31
0
0
LINE
5
6DE
330
C
100
AcDbEntity
8
0
100
AcDbLine
10
405.052
20
234.185
30
0
11
405.028
21
234.088
31
0
0
LINE
5
6DF
330
C
100
AcDbEntity
8
0
100
AcDbLine
10
405.028
20
234.088
30
0
11
405.007
21
233.989
31
0
0
LINE
5
6E0
330
C
100
AcDbEntity
8
0
100
AcDbLine
10
405.007
20
233.989
30
0
11
404.991
21
233.889
31
0
0
LINE
5
6E1
330
C
100
AcDbEntity
8
0
100
AcDbLine
10
404.991
20
233.889
30
0
11
404.978
21
233.788
31
0
0
LINE
5
6E2
330
C
100
AcDbEntity
8
0
100
AcDbLine
10
404.978
20
233.788
30
0
11
404.968
21
233.685
31
0
0
LINE
5
6E3
330
C
100
AcDbEntity
8
0
100
AcDbLine
10
404.968
20
233.685
30
0
11
404.963
21
233.58
31
0
0
LINE
5
6E4
330
C
100
AcDbEntity
8
0
100
AcDbLine
10
404.963
20
233.58
30
0
11
404.961
21
233.474
31
0
0
LINE
5
6E5
330
C
100
AcDbEntity
8
0
100
AcDbLine
10
404.961
20
233.474
30
0
11
404.961
21
233.474
31
0
0
LINE
5
6E6
330
C
100
AcDbEntity
8
0
100
AcDbLine
10
404.961
20
233.474
30
0
11
404.961
21
233.09
31
0
0
LINE
5
6E7
330
C
100
AcDbEntity
8
0
100
AcDbLine
10
404.961
20
233.09
30
0
11
404.963
21
232.971
31
0
0
LINE
5
6E8
330
C
100
AcDbEntity
8
0
100
AcDbLine
10
404.963
20
232.971
30
0
11
404.968
21
232.855
31
0
0
LINE
5
6E9
330
C
100
AcDbEntity
8
0
100
AcDbLine
10
404.968
20
232.855
30
0
11
404.977
21
232.741
31
0
0
LINE
5
6EA
330
C
100
AcDbEntity
8
0
100
AcDbLine
10
404.977
20
232.741
30
0
11
404.99
21
232.63
31
0
0
LINE
5
6EB
330
C
100
AcDbEntity
8
0
100
AcDbLine
10
404.99
20
232.63
30
0
11
405.007
21
232.522
31
0
0
LINE
5
6EC
330
C
100
AcDbEntity
8
0
100
AcDbLine
10
405.007
20
232.522
30
0
11
405.027
21
232.415
31
0
0
LINE
5
6ED
330
C
100
AcDbEntity
8
0
100
AcDbLine
10
405.027
20
232.415
30
0
11
405.051
21
232.312
31
0
0
LINE
5
6EE
330
C
100
AcDbEntity
8
0
100
AcDbLine
10
405.051
20
232.312
30
0
11
405.078
21
232.211
31
0
0
LINE
5
6EF
330
C
100
AcDbEntity
8
0
100
AcDbLine
10
405.078
20
232.211
30
0
11
405.109
21
232.112
31
0
0
LINE
5
6F0
330
C
100
AcDbEntity
8
0
100
AcDbLine
10
405.109
20
232.112
30
0
11
405.144
21
232.016
31
0
0
LINE
5
6F1
330
C
100
AcDbEntity
8
0
100
AcDbLine
10
405.144
20
232.016
30
0
11
405.182
21
231.923
31
0
0
LINE
5
6F2
330
C
100
AcDbEntity
8
0
100
AcDbLine
10
405.182
20
231.923
30
0
11
405.225
21
231.834
31
0
0
LINE
5
6F3
330
C
100
AcDbEntity
8
0
100
AcDbLine
10
405.225
20
231.834
30
0
11
405.27
21
231.749
31
0
0
LINE
5
6F4
330
C
100
AcDbEntity
8
0
100
AcDbLine
10
405.27
20
231.749
30
0
11
405.32
21
231.668
31
0
0
LINE
5
6F5
330
C
100
AcDbEntity
8
0
100
AcDbLine
10
405.32
20
231.668
30
0
11
405.373
21
231.591
31
0
0
LINE
5
6F6
330
C
100
AcDbEntity
8
0
100
AcDbLine
10
405.373
20
231.591
30
0
11
405.429
21
231.518
31
0
0
LINE
5
6F7
330
C
100
AcDbEntity
8
0
100
AcDbLine
10
405.429
20
231.518
30
0
11
405.49
21
231.449
31
0
0
LINE
5
6F8
330
C
100
AcDbEntity
8
0
100
AcDbLine
10
405.49
20
231.449
30
0
11
405.554
21
231.384
31
0
0
LINE
5
6F9
330
C
100
AcDbEntity
8
0
100
AcDbLine
10
405.554
20
231.384
30
0
11
405.622
21
231.323
31
0
0
LINE
5
6FA
330
C
100
AcDbEntity
8
0
100
AcDbLine
10
405.622
20
231.323
30
0
11
405.693
21
231.266
31
0
0
LINE
5
6FB
330
C
100
AcDbEntity
8
0
100
AcDbLine
10
405.693
20
231.266
30
0
11
405.768
21
231.214
31
0
0
LINE
5
6FC
330
C
100
AcDbEntity
8
0
100
AcDbLine
10
405.768
20
231.214
30
0
11
405.847
21
231.167
31
0
0
LINE
5
6FD
330
C
100
AcDbEntity
8
0
100
AcDbLine
10
405.847
20
231.167
30
0
11
405.93
21
231.125
31
0
0
LINE
5
6FE
330
C
100
AcDbEntity
8
0
100
AcDbLine
10
405.93
20
231.125
30
0
11
406.017
21
231.089
31
0
0
LINE
5
6FF
330
C
100
AcDbEntity
8
0
100
AcDbLine
10
406.017
20
231.089
30
0
11
406.107
21
231.059
31
0
0
LINE
5
700
330
C
100
AcDbEntity
8
0
100
AcDbLine
10
406.107
20
231.059
30
0
11
406.201
21
231.034
31
0
0
LINE
5
701
330
C
100
AcDbEntity
8
0
100
AcDbLine
10
406.201
20
231.034
30
0
11
406.299
21
231.015
31
0
0
LINE
5
702
330
C
100
AcDbEntity
8
0
100
AcDbLine
10
406.299
20
231.015
30
0
11
406.401
21
231.001
31
0
0
LINE
5
703
330
C
100
AcDbEntity
8
0
100
AcDbLine
10
406.401
20
231.001
30
0
11
406.507
21
230.993
31
0
0
LINE
5
704
330
C
100
AcDbEntity
8
0
100
AcDbLine
10
406.507
20
230.993
30
0
11
406.617
21
230.99
31
0
0
LINE
5
705
330
C
100
AcDbEntity
8
0
100
AcDbLine
10
406.617
20
230.99
30
0
11
406.617
21
230.99
31
0
0
LINE
5
706
330
C
100
AcDbEntity
8
0
100
AcDbLine
10
406.617
20
230.99
30
0
11
406.727
21
230.993
31
0
0
LINE
5
707
330
C
100
AcDbEntity
8
0
100
AcDbLine
10
406.727
20
230.993
30
0
11
406.832
21
231.001
31
0
0
LINE
5
708
330
C
100
AcDbEntity
8
0
100
AcDbLine
10
406.832
20
231.001
30
0
11
406.934
21
231.014
31
0
0
LINE
5
709
330
C
100
AcDbEntity
8
0
100
AcDbLine
10
406.934
20
231.014
30
0
11
407.032
21
231.033
31
0
0
LINE
5
70A
330
C
100
AcDbEntity
8
0
100
AcDbLine
10
407.032
20
231.033
30
0
11
407.125
21
231.058
31
0
0
LINE
5
70B
330
C
100
AcDbEntity
8
0
100
AcDbLine
10
407.125
20
231.058
30
0
11
407.215
21
231.087
31
0
0
LINE
5
70C
330
C
100
AcDbEntity
8
0
100
AcDbLine
10
407.215
20
231.087
30
0
11
407.301
21
231.122
31
0
0
LINE
5
70D
330
C
100
AcDbEntity
8
0
100
AcDbLine
10
407.301
20
231.122
30
0
11
407.383
21
231.163
31
0
0
LINE
5
70E
330
C
100
AcDbEntity
8
0
100
AcDbLine
10
407.383
20
231.163
30
0
11
407.461
21
231.209
31
0
0
LINE
5
70F
330
C
100
AcDbEntity
8
0
100
AcDbLine
10
407.461
20
231.209
30
0
11
407.535
21
231.26
31
0
0
LINE
5
710
330
C
100
AcDbEntity
8
0
100
AcDbLine
10
407.535
20
231.26
30
0
11
407.604
21
231.317
31
0
0
LINE
5
711
330
C
100
AcDbEntity
8
0
100
AcDbLine
10
407.604
20
231.317
30
0
11
407.668
21
231.378
31
0
0
LINE
5
712
330
C
100
AcDbEntity
8
0
100
AcDbLine
10
407.668
20
231.378
30
0
11
407.726
21
231.445
31
0
0
LINE
5
713
330
C
100
AcDbEntity
8
0
100
AcDbLine
10
407.726
20
231.445
30
0
11
407.778
21
231.517
31
0
0
LINE
5
714
330
C
100
AcDbEntity
8
0
100
AcDbLine
10
407.778
20
231.517
30
0
11
407.825
21
231.595
31
0
0
LINE
5
715
330
C
100
AcDbEntity
8
0
100
AcDbLine
10
407.825
20
231.595
30
0
11
407.865
21
231.677
31
0
0
LINE
5
716
330
C
100
AcDbEntity
8
0
100
AcDbLine
10
407.865
20
231.677
30
0
11
407.901
21
231.764
31
0
0
LINE
5
717
330
C
100
AcDbEntity
8
0
100
AcDbLine
10
407.901
20
231.764
30
0
11
407.931
21
231.857
31
0
0
LINE
5
718
330
C
100
AcDbEntity
8
0
100
AcDbLine
10
407.931
20
231.857
30
0
11
407.955
21
231.955
31
0
0
LINE
5
719
330
C
100
AcDbEntity
8
0
100
AcDbLine
10
407.955
20
231.955
30
0
11
407.973
21
232.058
31
0
0
LINE
5
71A
330
C
100
AcDbEntity
8
0
100
AcDbLine
10
407.973
20
232.058
30
0
11
407.973
21
232.058
31
0
0
LINE
5
71B
330
C
100
AcDbEntity
8
0
100
AcDbLine
10
407.973
20
232.058
30
0
11
408.945
21
232.058
31
0
0
LINE
5
71C
330
C
100
AcDbEntity
8
0
100
AcDbLine
10
408.945
20
232.058
30
0
11
408.925
21
231.946
31
0
0
LINE
5
71D
330
C
100
AcDbEntity
8
0
100
AcDbLine
10
408.925
20
231.946
30
0
11
408.9
21
231.836
31
0
0
LINE
5
71E
330
C
100
AcDbEntity
8
0
100
AcDbLine
10
408.9
20
231.836
30
0
11
408.87
21
231.73
31
0
0
LINE
5
71F
330
C
100
AcDbEntity
8
0
100
AcDbLine
10
408.87
20
231.73
30
0
11
408.837
21
231.627
31
0
0
LINE
5
720
330
C
100
AcDbEntity
8
0
100
AcDbLine
10
408.837
20
231.627
30
0
11
408.798
21
231.528
31
0
0
LINE
5
721
330
C
100
AcDbEntity
8
0
100
AcDbLine
10
408.798
20
231.528
30
0
11
408.755
21
231.431
31
0
0
LINE
5
722
330
C
100
AcDbEntity
8
0
100
AcDbLine
10
408.755
20
231.431
30
0
11
408.707
21
231.338
31
0
0
LINE
5
723
330
C
100
AcDbEntity
8
0
100
AcDbLine
10
408.707
20
231.338
30
0
11
408.655
21
231.248
31
0
0
LINE
5
724
330
C
100
AcDbEntity
8
0
100
AcDbLine
10
408.655
20
231.248
30
0
11
408.598
21
231.161
31
0
0
LINE
5
725
330
C
100
AcDbEntity
8
0
100
AcDbLine
10
408.598
20
231.161
30
0
11
408.537
21
231.077
31
0
0
LINE
5
726
330
C
100
AcDbEntity
8
0
100
AcDbLine
10
408.537
20
231.077
30
0
11
408.472
21
230.997
31
0
0
LINE
5
727
330
C
100
AcDbEntity
8
0
100
AcDbLine
10
408.472
20
230.997
30
0
11
408.403
21
230.92
31
0
0
LINE
5
728
330
C
100
AcDbEntity
8
0
100
AcDbLine
10
408.403
20
230.92
30
0
11
408.331
21
230.847
31
0
0
LINE
5
729
330
C
100
AcDbEntity
8
0
100
AcDbLine
10
408.331
20
230.847
30
0
11
408.255
21
230.778
31
0
0
LINE
5
72A
330
C
100
AcDbEntity
8
0
100
AcDbLine
10
408.255
20
230.778
30
0
11
408.175
21
230.713
31
0
0
LINE
5
72B
330
C
100
AcDbEntity
8
0
100
AcDbLine
10
408.175
20
230.713
30
0
11
408.093
21
230.652
31
0
0
LINE
5
72C
330
C
100
AcDbEntity
8
0
100
AcDbLine
10
408.093
20
230.652
30
0
11
408.007
21
230.594
31
0
0
LINE
5
72D
330
C
100
AcDbEntity
8
0
100
AcDbLine
10
408.007
20
230.594
30
0
11
407.917
21
230.54
31
0
0
LINE
5
72E
330
C
100
AcDbEntity
8
0
100
AcDbLine
10
407.917
20
230.54
30
0
11
407.824
21
230.49
31
0
0
LINE
5
72F
330
C
100
AcDbEntity
8
0
100
AcDbLine
10
407.824
20
230.49
30
0
11
407.727
21
230.444
31
0
0
LINE
5
730
330
C
100
AcDbEntity
8
0
100
AcDbLine
10
407.727
20
230.444
30
0
11
407.627
21
230.402
31
0
0
LINE
5
731
330
C
100
AcDbEntity
8
0
100
AcDbLine
10
407.627
20
230.402
30
0
11
407.525
21
230.364
31
0
0
LINE
5
732
330
C
100
AcDbEntity
8
0
100
AcDbLine
10
407.525
20
230.364
30
0
11
407.42
21
230.331
31
0
0
LINE
5
733
330
C
100
AcDbEntity
8
0
100
AcDbLine
10
407.42
20
230.331
30
0
11
407.313
21
230.302
31
0
0
LINE
5
734
330
C
100
AcDbEntity
8
0
100
AcDbLine
10
407.313
20
230.302
30
0
11
407.204
21
230.278
31
0
0
LINE
5
735
330
C
100
AcDbEntity
8
0
100
AcDbLine
10
407.204
20
230.278
30
0
11
407.091
21
230.258
31
0
0
LINE
5
736
330
C
100
AcDbEntity
8
0
100
AcDbLine
10
407.091
20
230.258
30
0
11
406.976
21
230.242
31
0
0
LINE
5
737
330
C
100
AcDbEntity
8
0
100
AcDbLine
10
406.976
20
230.242
30
0
11
406.859
21
230.231
31
0
0
LINE
5
738
330
C
100
AcDbEntity
8
0
100
AcDbLine
10
406.859
20
230.231
30
0
11
406.739
21
230.224
31
0
0
LINE
5
739
330
C
100
AcDbEntity
8
0
100
AcDbLine
10
406.739
20
230.224
30
0
11
406.617
21
230.222
31
0
0
LINE
5
73A
330
C
100
AcDbEntity
8
0
100
AcDbLine
10
406.617
20
230.222
30
0
11
406.617
21
230.222
31
0
0
LINE
5
73B
330
C
100
AcDbEntity
8
0
100
AcDbLine
10
412.035
20
230.366
30
0
11
411.099
21
230.366
31
0
0
LINE
5
73C
330
C
100
AcDbEntity
8
0
100
AcDbLine
10
411.099
20
230.366
30
0
11
411.099
21
236.99
31
0
0
LINE
5
73D
330
C
100
AcDbEntity
8
0
100
AcDbLine
10
411.099
20
236.99
30
0
11
411.101
21
237.102
31
0
0
LINE
5
73E
330
C
100
AcDbEntity
8
0
100
AcDbLine
10
411.101
20
237.102
30
0
11
411.108
21
237.21
31
0
0
LINE
5
73F
330
C
100
AcDbEntity
8
0
100
AcDbLine
10
411.108
20
237.21
30
0
11
411.119
21
237.313
31
0
0
LINE
5
740
330
C
100
AcDbEntity
8
0
100
AcDbLine
10
411.119
20
237.313
30
0
11
411.134
21
237.413
31
0
0
LINE
5
741
330
C
100
AcDbEntity
8
0
100
AcDbLine
10
411.134
20
237.413
30
0
11
411.154
21
237.508
31
0
0
LINE
5
742
330
C
100
AcDbEntity
8
0
100
AcDbLine
10
411.154
20
237.508
30
0
11
411.178
21
237.599
31
0
0
LINE
5
743
330
C
100
AcDbEntity
8
0
100
AcDbLine
10
411.178
20
237.599
30
0
11
411.206
21
237.687
31
0
0
LINE
5
744
330
C
100
AcDbEntity
8
0
100
AcDbLine
10
411.206
20
237.687
30
0
11
411.239
21
237.77
31
0
0
LINE
5
745
330
C
100
AcDbEntity
8
0
100
AcDbLine
10
411.239
20
237.77
30
0
11
411.276
21
237.848
31
0
0
LINE
5
746
330
C
100
AcDbEntity
8
0
100
AcDbLine
10
411.276
20
237.848
30
0
11
411.318
21
237.923
31
0
0
LINE
5
747
330
C
100
AcDbEntity
8
0
100
AcDbLine
10
411.318
20
237.923
30
0
11
411.363
21
237.994
31
0
0
LINE
5
748
330
C
100
AcDbEntity
8
0
100
AcDbLine
10
411.363
20
237.994
30
0
11
411.412
21
238.061
31
0
0
LINE
5
749
330
C
100
AcDbEntity
8
0
100
AcDbLine
10
411.412
20
238.061
30
0
11
411.463
21
238.124
31
0
0
LINE
5
74A
330
C
100
AcDbEntity
8
0
100
AcDbLine
10
411.463
20
238.124
30
0
11
411.517
21
238.183
31
0
0
LINE
5
74B
330
C
100
AcDbEntity
8
0
100
AcDbLine
10
411.517
20
238.183
30
0
11
411.575
21
238.239
31
0
0
LINE
5
74C
330
C
100
AcDbEntity
8
0
100
AcDbLine
10
411.575
20
238.239
30
0
11
411.635
21
238.291
31
0
0
LINE
5
74D
330
C
100
AcDbEntity
8
0
100
AcDbLine
10
411.635
20
238.291
30
0
11
411.698
21
238.339
31
0
0
LINE
5
74E
330
C
100
AcDbEntity
8
0
100
AcDbLine
10
411.698
20
238.339
30
0
11
411.764
21
238.383
31
0
0
LINE
5
74F
330
C
100
AcDbEntity
8
0
100
AcDbLine
10
411.764
20
238.383
30
0
11
411.834
21
238.423
31
0
0
LINE
5
750
330
C
100
AcDbEntity
8
0
100
AcDbLine
10
411.834
20
238.423
30
0
11
411.906
21
238.46
31
0
0
LINE
5
751
330
C
100
AcDbEntity
8
0
100
AcDbLine
10
411.906
20
238.46
30
0
11
411.981
21
238.493
31
0
0
LINE
5
752
330
C
100
AcDbEntity
8
0
100
AcDbLine
10
411.981
20
238.493
30
0
11
412.057
21
238.523
31
0
0
LINE
5
753
330
C
100
AcDbEntity
8
0
100
AcDbLine
10
412.057
20
238.523
30
0
11
412.135
21
238.549
31
0
0
LINE
5
754
330
C
100
AcDbEntity
8
0
100
AcDbLine
10
412.135
20
238.549
30
0
11
412.215
21
238.571
31
0
0
LINE
5
755
330
C
100
AcDbEntity
8
0
100
AcDbLine
10
412.215
20
238.571
30
0
11
412.297
21
238.59
31
0
0
LINE
5
756
330
C
100
AcDbEntity
8
0
100
AcDbLine
10
412.297
20
238.59
30
0
11
412.38
21
238.606
31
0
0
LINE
5
757
330
C
100
AcDbEntity
8
0
100
AcDbLine
10
412.38
20
238.606
30
0
11
412.465
21
238.618
31
0
0
LINE
5
758
330
C
100
AcDbEntity
8
0
100
AcDbLine
10
412.465
20
238.618
30
0
11
412.552
21
238.627
31
0
0
LINE
5
759
330
C
100
AcDbEntity
8
0
100
AcDbLine
10
412.552
20
238.627
30
0
11
412.641
21
238.632
31
0
0
LINE
5
75A
330
C
100
AcDbEntity
8
0
100
AcDbLine
10
412.641
20
238.632
30
0
11
412.731
21
238.634
31
0
0
LINE
5
75B
330
C
100
AcDbEntity
8
0
100
AcDbLine
10
412.731
20
238.634
30
0
11
412.731
21
238.634
31
0
0
LINE
5
75C
330
C
100
AcDbEntity
8
0
100
AcDbLine
10
412.731
20
238.634
30
0
11
412.78
21
238.634
31
0
0
LINE
5
75D
330
C
100
AcDbEntity
8
0
100
AcDbLine
10
412.78
20
238.634
30
0
11
412.83
21
238.633
31
0
0
LINE
5
75E
330
C
100
AcDbEntity
8
0
100
AcDbLine
10
412.83
20
238.633
30
0
11
412.879
21
238.631
31
0
0
LINE
5
75F
330
C
100
AcDbEntity
8
0
100
AcDbLine
10
412.879
20
238.631
30
0
11
412.929
21
238.628
31
0
0
LINE
5
760
330
C
100
AcDbEntity
8
0
100
AcDbLine
10
412.929
20
238.628
30
0
11
412.979
21
238.625
31
0
0
LINE
5
761
330
C
100
AcDbEntity
8
0
100
AcDbLine
10
412.979
20
238.625
30
0
11
413.029
21
238.621
31
0
0
LINE
5
762
330
C
100
AcDbEntity
8
0
100
AcDbLine
10
413.029
20
238.621
30
0
11
413.08
21
238.616
31
0
0
LINE
5
763
330
C
100
AcDbEntity
8
0
100
AcDbLine
10
413.08
20
238.616
30
0
11
413.13
21
238.611
31
0
0
LINE
5
764
330
C
100
AcDbEntity
8
0
100
AcDbLine
10
413.13
20
238.611
30
0
11
413.181
21
238.605
31
0
0
LINE
5
765
330
C
100
AcDbEntity
8
0
100
AcDbLine
10
413.181
20
238.605
30
0
11
413.232
21
238.598
31
0
0
LINE
5
766
330
C
100
AcDbEntity
8
0
100
AcDbLine
10
413.232
20
238.598
30
0
11
413.283
21
238.59
31
0
0
LINE
5
767
330
C
100
AcDbEntity
8
0
100
AcDbLine
10
413.283
20
238.59
30
0
11
413.334
21
238.582
31
0
0
LINE
5
768
330
C
100
AcDbEntity
8
0
100
AcDbLine
10
413.334
20
238.582
30
0
11
413.385
21
238.573
31
0
0
LINE
5
769
330
C
100
AcDbEntity
8
0
100
AcDbLine
10
413.385
20
238.573
30
0
11
413.436
21
238.563
31
0
0
LINE
5
76A
330
C
100
AcDbEntity
8
0
100
AcDbLine
10
413.436
20
238.563
30
0
11
413.486
21
238.553
31
0
0
LINE
5
76B
330
C
100
AcDbEntity
8
0
100
AcDbLine
10
413.486
20
238.553
30
0
11
413.537
21
238.542
31
0
0
LINE
5
76C
330
C
100
AcDbEntity
8
0
100
AcDbLine
10
413.537
20
238.542
30
0
11
413.588
21
238.53
31
0
0
LINE
5
76D
330
C
100
AcDbEntity
8
0
100
AcDbLine
10
413.588
20
238.53
30
0
11
413.638
21
238.517
31
0
0
LINE
5
76E
330
C
100
AcDbEntity
8
0
100
AcDbLine
10
413.638
20
238.517
30
0
11
413.689
21
238.504
31
0
0
LINE
5
76F
330
C
100
AcDbEntity
8
0
100
AcDbLine
10
413.689
20
238.504
30
0
11
413.739
21
238.49
31
0
0
LINE
5
770
330
C
100
AcDbEntity
8
0
100
AcDbLine
10
413.739
20
238.49
30
0
11
413.739
21
238.49
31
0
0
LINE
5
771
330
C
100
AcDbEntity
8
0
100
AcDbLine
10
413.739
20
238.49
30
0
11
413.559
21
237.746
31
0
0
LINE
5
772
330
C
100
AcDbEntity
8
0
100
AcDbLine
10
413.559
20
237.746
30
0
11
413.523
21
237.76
31
0
0
LINE
5
773
330
C
100
AcDbEntity
8
0
100
AcDbLine
10
413.523
20
237.76
30
0
11
413.487
21
237.773
31
0
0
LINE
5
774
330
C
100
AcDbEntity
8
0
100
AcDbLine
10
413.487
20
237.773
30
0
11
413.451
21
237.786
31
0
0
LINE
5
775
330
C
100
AcDbEntity
8
0
100
AcDbLine
10
413.451
20
237.786
30
0
11
413.415
21
237.798
31
0
0
LINE
5
776
330
C
100
AcDbEntity
8
0
100
AcDbLine
10
413.415
20
237.798
30
0
11
413.38
21
237.809
31
0
0
LINE
5
777
330
C
100
AcDbEntity
8
0
100
AcDbLine
10
413.38
20
237.809
30
0
11
413.344
21
237.819
31
0
0
LINE
5
778
330
C
100
AcDbEntity
8
0
100
AcDbLine
10
413.344
20
237.819
30
0
11
413.308
21
237.829
31
0
0
LINE
5
779
330
C
100
AcDbEntity
8
0
100
AcDbLine
10
413.308
20
237.829
30
0
11
413.273
21
237.838
31
0
0
LINE
5
77A
330
C
100
AcDbEntity
8
0
100
AcDbLine
10
413.273
20
237.838
30
0
11
413.237
21
237.846
31
0
0
LINE
5
77B
330
C
100
AcDbEntity
8
0
100
AcDbLine
10
413.237
20
237.846
30
0
11
413.202
21
237.854
31
0
0
LINE
5
77C
330
C
100
AcDbEntity
8
0
100
AcDbLine
10
413.202
20
237.854
30
0
11
413.167
21
237.861
31
0
0
LINE
5
77D
330
C
100
AcDbEntity
8
0
100
AcDbLine
10
413.167
20
237.861
30
0
11
413.132
21
237.867
31
0
0
LINE
5
77E
330
C
100
AcDbEntity
8
0
100
AcDbLine
10
413.132
20
237.867
30
0
11
413.097
21
237.872
31
0
0
LINE
5
77F
330
C
100
AcDbEntity
8
0
100
AcDbLine
10
413.097
20
237.872
30
0
11
413.063
21
237.877
31
0
0
LINE
5
780
330
C
100
AcDbEntity
8
0
100
AcDbLine
10
413.063
20
237.877
30
0
11
413.029
21
237.881
31
0
0
LINE
5
781
330
C
100
AcDbEntity
8
0
100
AcDbLine
10
413.029
20
237.881
30
0
11
412.995
21
237.884
31
0
0
LINE
5
782
330
C
100
AcDbEntity
8
0
100
AcDbLine
10
412.995
20
237.884
30
0
11
412.962
21
237.887
31
0
0
LINE
5
783
330
C
100
AcDbEntity
8
0
100
AcDbLine
10
412.962
20
237.887
30
0
11
412.928
21
237.889
31
0
0
LINE
5
784
330
C
100
AcDbEntity
8
0
100
AcDbLine
10
412.928
20
237.889
30
0
11
412.896
21
237.89
31
0
0
LINE
5
785
330
C
100
AcDbEntity
8
0
100
AcDbLine
10
412.896
20
237.89
30
0
11
412.863
21
237.89
31
0
0
LINE
5
786
330
C
100
AcDbEntity
8
0
100
AcDbLine
10
412.863
20
237.89
30
0
11
412.863
21
237.89
31
0
0
LINE
5
787
330
C
100
AcDbEntity
8
0
100
AcDbLine
10
412.863
20
237.89
30
0
11
412.825
21
237.889
31
0
0
LINE
5
788
330
C
100
AcDbEntity
8
0
100
AcDbLine
10
412.825
20
237.889
30
0
11
412.786
21
237.887
31
0
0
LINE
5
789
330
C
100
AcDbEntity
8
0
100
AcDbLine
10
412.786
20
237.887
30
0
11
412.748
21
237.884
31
0
0
LINE
5
78A
330
C
100
AcDbEntity
8
0
100
AcDbLine
10
412.748
20
237.884
30
0
11
412.709
21
237.878
31
0
0
LINE
5
78B
330
C
100
AcDbEntity
8
0
100
AcDbLine
10
412.709
20
237.878
30
0
11
412.671
21
237.872
31
0
0
LINE
5
78C
330
C
100
AcDbEntity
8
0
100
AcDbLine
10
412.671
20
237.872
30
0
11
412.633
21
237.864
31
0
0
LINE
5
78D
330
C
100
AcDbEntity
8
0
100
AcDbLine
10
412.633
20
237.864
30
0
11
412.594
21
237.855
31
0
0
LINE
5
78E
330
C
100
AcDbEntity
8
0
100
AcDbLine
10
412.594
20
237.855
30
0
11
412.556
21
237.844
31
0
0
LINE
5
78F
330
C
100
AcDbEntity
8
0
100
AcDbLine
10
412.556
20
237.844
30
0
11
412.517
21
237.832
31
0
0
LINE
5
790
330
C
100
AcDbEntity
8
0
100
AcDbLine
10
412.517
20
237.832
30
0
11
412.479
21
237.818
31
0
0
LINE
5
791
330
C
100
AcDbEntity
8
0
100
AcDbLine
10
412.479
20
237.818
30
0
11
412.441
21
237.802
31
0
0
LINE
5
792
330
C
100
AcDbEntity
8
0
100
AcDbLine
10
412.441
20
237.802
30
0
11
412.405
21
237.784
31
0
0
LINE
5
793
330
C
100
AcDbEntity
8
0
100
AcDbLine
10
412.405
20
237.784
30
0
11
412.37
21
237.763
31
0
0
LINE
5
794
330
C
100
AcDbEntity
8
0
100
AcDbLine
10
412.37
20
237.763
30
0
11
412.336
21
237.74
31
0
0
LINE
5
795
330
C
100
AcDbEntity
8
0
100
AcDbLine
10
412.336
20
237.74
30
0
11
412.303
21
237.714
31
0
0
LINE
5
796
330
C
100
AcDbEntity
8
0
100
AcDbLine
10
412.303
20
237.714
30
0
11
412.272
21
237.686
31
0
0
LINE
5
797
330
C
100
AcDbEntity
8
0
100
AcDbLine
10
412.272
20
237.686
30
0
11
412.243
21
237.655
31
0
0
LINE
5
798
330
C
100
AcDbEntity
8
0
100
AcDbLine
10
412.243
20
237.655
30
0
11
412.214
21
237.622
31
0
0
LINE
5
799
330
C
100
AcDbEntity
8
0
100
AcDbLine
10
412.214
20
237.622
30
0
11
412.187
21
237.586
31
0
0
LINE
5
79A
330
C
100
AcDbEntity
8
0
100
AcDbLine
10
412.187
20
237.586
30
0
11
412.161
21
237.548
31
0
0
LINE
5
79B
330
C
100
AcDbEntity
8
0
100
AcDbLine
10
412.161
20
237.548
30
0
11
412.137
21
237.507
31
0
0
LINE
5
79C
330
C
100
AcDbEntity
8
0
100
AcDbLine
10
412.137
20
237.507
30
0
11
412.116
21
237.462
31
0
0
LINE
5
79D
330
C
100
AcDbEntity
8
0
100
AcDbLine
10
412.116
20
237.462
30
0
11
412.097
21
237.414
31
0
0
LINE
5
79E
330
C
100
AcDbEntity
8
0
100
AcDbLine
10
412.097
20
237.414
30
0
11
412.08
21
237.362
31
0
0
LINE
5
79F
330
C
100
AcDbEntity
8
0
100
AcDbLine
10
412.08
20
237.362
30
0
11
412.067
21
237.306
31
0
0
LINE
5
7A0
330
C
100
AcDbEntity
8
0
100
AcDbLine
10
412.067
20
237.306
30
0
11
412.055
21
237.248
31
0
0
LINE
5
7A1
330
C
100
AcDbEntity
8
0
100
AcDbLine
10
412.055
20
237.248
30
0
11
412.046
21
237.186
31
0
0
LINE
5
7A2
330
C
100
AcDbEntity
8
0
100
AcDbLine
10
412.046
20
237.186
30
0
11
412.04
21
237.12
31
0
0
LINE
5
7A3
330
C
100
AcDbEntity
8
0
100
AcDbLine
10
412.04
20
237.12
30
0
11
412.036
21
237.051
31
0
0
LINE
5
7A4
330
C
100
AcDbEntity
8
0
100
AcDbLine
10
412.036
20
237.051
30
0
11
412.035
21
236.978
31
0
0
LINE
5
7A5
330
C
100
AcDbEntity
8
0
100
AcDbLine
10
412.035
20
236.978
30
0
11
412.035
21
236.978
31
0
0
LINE
5
7A6
330
C
100
AcDbEntity
8
0
100
AcDbLine
10
412.035
20
236.978
30
0
11
412.035
21
230.366
31
0
0
LINE
5
7A7
330
C
100
AcDbEntity
8
0
100
AcDbLine
10
412.035
20
230.366
30
0
11
412.035
21
230.366
31
0
0
LINE
5
7A8
330
C
100
AcDbEntity
8
0
100
AcDbLine
10
413.223
20
235.454
30
0
11
410.163
21
235.454
31
0
0
LINE
5
7A9
330
C
100
AcDbEntity
8
0
100
AcDbLine
10
410.163
20
235.454
30
0
11
410.163
21
236.102
31
0
0
LINE
5
7AA
330
C
100
AcDbEntity
8
0
100
AcDbLine
10
410.163
20
236.102
30
0
11
413.223
21
236.102
31
0
0
LINE
5
7AB
330
C
100
AcDbEntity
8
0
100
AcDbLine
10
413.223
20
236.102
30
0
11
413.223
21
235.454
31
0
0
LINE
5
7AC
330
C
100
AcDbEntity
8
0
100
AcDbLine
10
413.223
20
235.454
30
0
11
413.223
21
235.454
31
0
0
LINE
5
7AD
330
C
100
AcDbEntity
8
0
100
AcDbLine
10
416.661
20
230.222
30
0
11
416.661
21
230.222
31
0
0
LINE
5
7AE
330
C
100
AcDbEntity
8
0
100
AcDbLine
10
416.661
20
230.222
30
0
11
416.568
21
230.224
31
0
0
LINE
5
7AF
330
C
100
AcDbEntity
8
0
100
AcDbLine
10
416.568
20
230.224
30
0
11
416.478
21
230.229
31
0
0
LINE
5
7B0
330
C
100
AcDbEntity
8
0
100
AcDbLine
10
416.478
20
230.229
30
0
11
416.389
21
230.238
31
0
0
LINE
5
7B1
330
C
100
AcDbEntity
8
0
100
AcDbLine
10
416.389
20
230.238
30
0
11
416.302
21
230.251
31
0
0
LINE
5
7B2
330
C
100
AcDbEntity
8
0
100
AcDbLine
10
416.302
20
230.251
30
0
11
416.217
21
230.267
31
0
0
LINE
5
7B3
330
C
100
AcDbEntity
8
0
100
AcDbLine
10
416.217
20
230.267
30
0
11
416.134
21
230.287
31
0
0
LINE
5
7B4
330
C
100
AcDbEntity
8
0
100
AcDbLine
10
416.134
20
230.287
30
0
11
416.053
21
230.31
31
0
0
LINE
5
7B5
330
C
100
AcDbEntity
8
0
100
AcDbLine
10
416.053
20
230.31
30
0
11
415.974
21
230.337
31
0
0
LINE
5
7B6
330
C
100
AcDbEntity
8
0
100
AcDbLine
10
415.974
20
230.337
30
0
11
415.896
21
230.368
31
0
0
LINE
5
7B7
330
C
100
AcDbEntity
8
0
100
AcDbLine
10
415.896
20
230.368
30
0
11
415.821
21
230.402
31
0
0
LINE
5
7B8
330
C
100
AcDbEntity
8
0
100
AcDbLine
10
415.821
20
230.402
30
0
11
415.748
21
230.44
31
0
0
LINE
5
7B9
330
C
100
AcDbEntity
8
0
100
AcDbLine
10
415.748
20
230.44
30
0
11
415.678
21
230.481
31
0
0
LINE
5
7BA
330
C
100
AcDbEntity
8
0
100
AcDbLine
10
415.678
20
230.481
30
0
11
415.612
21
230.526
31
0
0
LINE
5
7BB
330
C
100
AcDbEntity
8
0
100
AcDbLine
10
415.612
20
230.526
30
0
11
415.548
21
230.575
31
0
0
LINE
5
7BC
330
C
100
AcDbEntity
8
0
100
AcDbLine
10
415.548
20
230.575
30
0
11
415.488
21
230.627
31
0
0
LINE
5
7BD
330
C
100
AcDbEntity
8
0
100
AcDbLine
10
415.488
20
230.627
30
0
11
415.431
21
230.683
31
0
0
LINE
5
7BE
330
C
100
AcDbEntity
8
0
100
AcDbLine
10
415.431
20
230.683
30
0
11
415.377
21
230.742
31
0
0
LINE
5
7BF
330
C
100
AcDbEntity
8
0
100
AcDbLine
10
415.377
20
230.742
30
0
11
415.326
21
230.805
31
0
0
LINE
5
7C0
330
C
100
AcDbEntity
8
0
100
AcDbLine
10
415.326
20
230.805
30
0
11
415.278
21
230.872
31
0
0
LINE
5
7C1
330
C
100
AcDbEntity
8
0
100
AcDbLine
10
415.278
20
230.872
30
0
11
415.233
21
230.942
31
0
0
LINE
5
7C2
330
C
100
AcDbEntity
8
0
100
AcDbLine
10
415.233
20
230.942
30
0
11
415.192
21
231.016
31
0
0
LINE
5
7C3
330
C
100
AcDbEntity
8
0
100
AcDbLine
10
415.192
20
231.016
30
0
11
415.155
21
231.093
31
0
0
LINE
5
7C4
330
C
100
AcDbEntity
8
0
100
AcDbLine
10
415.155
20
231.093
30
0
11
415.123
21
231.174
31
0
0
LINE
5
7C5
330
C
100
AcDbEntity
8
0
100
AcDbLine
10
415.123
20
231.174
30
0
11
415.095
21
231.259
31
0
0
LINE
5
7C6
330
C
100
AcDbEntity
8
0
100
AcDbLine
10
415.095
20
231.259
30
0
11
415.071
21
231.347
31
0
0
LINE
5
7C7
330
C
100
AcDbEntity
8
0
100
AcDbLine
10
415.071
20
231.347
30
0
11
415.052
21
231.439
31
0
0
LINE
5
7C8
330
C
100
AcDbEntity
8
0
100
AcDbLine
10
415.052
20
231.439
30
0
11
415.036
21
231.534
31
0
0
LINE
5
7C9
330
C
100
AcDbEntity
8
0
100
AcDbLine
10
415.036
20
231.534
30
0
11
415.026
21
231.633
31
0
0
LINE
5
7CA
330
C
100
AcDbEntity
8
0
100
AcDbLine
10
415.026
20
231.633
30
0
11
415.019
21
231.736
31
0
0
LINE
5
7CB
330
C
100
AcDbEntity
8
0
100
AcDbLine
10
415.019
20
231.736
30
0
11
415.017
21
231.842
31
0
0
LINE
5
7CC
330
C
100
AcDbEntity
8
0
100
AcDbLine
10
415.017
20
231.842
30
0
11
415.017
21
231.842
31
0
0
LINE
5
7CD
330
C
100
AcDbEntity
8
0
100
AcDbLine
10
415.017
20
231.842
30
0
11
415.017
21
237.698
31
0
0
LINE
5
7CE
330
C
100
AcDbEntity
8
0
100
AcDbLine
10
415.017
20
237.698
30
0
11
415.941
21
237.698
31
0
0
LINE
5
7CF
330
C
100
AcDbEntity
8
0
100
AcDbLine
10
415.941
20
237.698
30
0
11
415.941
21
231.866
31
0
0
LINE
5
7D0
330
C
100
AcDbEntity
8
0
100
AcDbLine
10
415.941
20
231.866
30
0
11
415.949
21
231.697
31
0
0
LINE
5
7D1
330
C
100
AcDbEntity
8
0
100
AcDbLine
10
415.949
20
231.697
30
0
11
415.974
21
231.546
31
0
0
LINE
5
7D2
330
C
100
AcDbEntity
8
0
100
AcDbLine
10
415.974
20
231.546
30
0
11
416.016
21
231.413
31
0
0
LINE
5
7D3
330
C
100
AcDbEntity
8
0
100
AcDbLine
10
416.016
20
231.413
30
0
11
416.073
21
231.298
31
0
0
LINE
5
7D4
330
C
100
AcDbEntity
8
0
100
AcDbLine
10
416.073
20
231.298
30
0
11
416.148
21
231.2
31
0
0
LINE
5
7D5
330
C
100
AcDbEntity
8
0
100
AcDbLine
10
416.148
20
231.2
30
0
11
416.239
21
231.12
31
0
0
LINE
5
7D6
330
C
100
AcDbEntity
8
0
100
AcDbLine
10
416.239
20
231.12
30
0
11
416.347
21
231.058
31
0
0
LINE
5
7D7
330
C
100
AcDbEntity
8
0
100
AcDbLine
10
416.347
20
231.058
30
0
11
416.471
21
231.014
31
0
0
LINE
5
7D8
330
C
100
AcDbEntity
8
0
100
AcDbLine
10
416.471
20
231.014
30
0
11
416.612
21
230.987
31
0
0
LINE
5
7D9
330
C
100
AcDbEntity
8
0
100
AcDbLine
10
416.612
20
230.987
30
0
11
416.769
21
230.978
31
0
0
LINE
5
7DA
330
C
100
AcDbEntity
8
0
100
AcDbLine
10
416.769
20
230.978
30
0
11
416.769
21
230.978
31
0
0
LINE
5
7DB
330
C
100
AcDbEntity
8
0
100
AcDbLine
10
416.769
20
230.978
30
0
11
416.818
21
230.979
31
0
0
LINE
5
7DC
330
C
100
AcDbEntity
8
0
100
AcDbLine
10
416.818
20
230.979
30
0
11
416.867
21
230.98
31
0
0
LINE
5
7DD
330
C
100
AcDbEntity
8
0
100
AcDbLine
10
416.867
20
230.98
30
0
11
416.915
21
230.983
31
0
0
LINE
5
7DE
330
C
100
AcDbEntity
8
0
100
AcDbLine
10
416.915
20
230.983
30
0
11
416.963
21
230.987
31
0
0
LINE
5
7DF
330
C
100
AcDbEntity
8
0
100
AcDbLine
10
416.963
20
230.987
30
0
11
417.011
21
230.992
31
0
0
LINE
5
7E0
330
C
100
AcDbEntity
8
0
100
AcDbLine
10
417.011
20
230.992
30
0
11
417.059
21
230.997
31
0
0
LINE
5
7E1
330
C
100
AcDbEntity
8
0
100
AcDbLine
10
417.059
20
230.997
30
0
11
417.106
21
231.004
31
0
0
LINE
5
7E2
330
C
100
AcDbEntity
8
0
100
AcDbLine
10
417.106
20
231.004
30
0
11
417.153
21
231.013
31
0
0
LINE
5
7E3
330
C
100
AcDbEntity
8
0
100
AcDbLine
10
417.153
20
231.013
30
0
11
417.2
21
231.022
31
0
0
LINE
5
7E4
330
C
100
AcDbEntity
8
0
100
AcDbLine
10
417.2
20
231.022
30
0
11
417.246
21
231.032
31
0
0
LINE
5
7E5
330
C
100
AcDbEntity
8
0
100
AcDbLine
10
417.246
20
231.032
30
0
11
417.293
21
231.043
31
0
0
LINE
5
7E6
330
C
100
AcDbEntity
8
0
100
AcDbLine
10
417.293
20
231.043
30
0
11
417.341
21
231.056
31
0
0
LINE
5
7E7
330
C
100
AcDbEntity
8
0
100
AcDbLine
10
417.341
20
231.056
30
0
11
417.39
21
231.069
31
0
0
LINE
5
7E8
330
C
100
AcDbEntity
8
0
100
AcDbLine
10
417.39
20
231.069
30
0
11
417.44
21
231.084
31
0
0
LINE
5
7E9
330
C
100
AcDbEntity
8
0
100
AcDbLine
10
417.44
20
231.084
30
0
11
417.491
21
231.1
31
0
0
LINE
5
7EA
330
C
100
AcDbEntity
8
0
100
AcDbLine
10
417.491
20
231.1
30
0
11
417.544
21
231.116
31
0
0
LINE
5
7EB
330
C
100
AcDbEntity
8
0
100
AcDbLine
10
417.544
20
231.116
30
0
11
417.597
21
231.134
31
0
0
LINE
5
7EC
330
C
100
AcDbEntity
8
0
100
AcDbLine
10
417.597
20
231.134
30
0
11
417.652
21
231.153
31
0
0
LINE
5
7ED
330
C
100
AcDbEntity
8
0
100
AcDbLine
10
417.652
20
231.153
30
0
11
417.708
21
231.173
31
0
0
LINE
5
7EE
330
C
100
AcDbEntity
8
0
100
AcDbLine
10
417.708
20
231.173
30
0
11
417.765
21
231.194
31
0
0
LINE
5
7EF
330
C
100
AcDbEntity
8
0
100
AcDbLine
10
417.765
20
231.194
30
0
11
417.765
21
231.194
31
0
0
LINE
5
7F0
330
C
100
AcDbEntity
8
0
100
AcDbLine
10
417.765
20
231.194
30
0
11
417.897
21
230.522
31
0
0
LINE
5
7F1
330
C
100
AcDbEntity
8
0
100
AcDbLine
10
417.897
20
230.522
30
0
11
417.836
21
230.496
31
0
0
LINE
5
7F2
330
C
100
AcDbEntity
8
0
100
AcDbLine
10
417.836
20
230.496
30
0
11
417.775
21
230.471
31
0
0
LINE
5
7F3
330
C
100
AcDbEntity
8
0
100
AcDbLine
10
417.775
20
230.471
30
0
11
417.714
21
230.447
31
0
0
LINE
5
7F4
330
C
100
AcDbEntity
8
0
100
AcDbLine
10
417.714
20
230.447
30
0
11
417.653
21
230.424
31
0
0
LINE
5
7F5
330
C
100
AcDbEntity
8
0
100
AcDbLine
10
417.653
20
230.424
30
0
11
417.592
21
230.402
31
0
0
LINE
5
7F6
330
C
100
AcDbEntity
8
0
100
AcDbLine
10
417.592
20
230.402
30
0
11
417.531
21
230.381
31
0
0
LINE
5
7F7
330
C
100
AcDbEntity
8
0
100
AcDbLine
10
417.531
20
230.381
30
0
11
417.47
21
230.361
31
0
0
LINE
5
7F8
330
C
100
AcDbEntity
8
0
100
AcDbLine
10
417.47
20
230.361
30
0
11
417.409
21
230.342
31
0
0
LINE
5
7F9
330
C
100
AcDbEntity
8
0
100
AcDbLine
10
417.409
20
230.342
30
0
11
417.349
21
230.323
31
0
0
LINE
5
7FA
330
C
100
AcDbEntity
8
0
100
AcDbLine
10
417.349
20
230.323
30
0
11
417.288
21
230.306
31
0
0
LINE
5
7FB
330
C
100
AcDbEntity
8
0
100
AcDbLine
10
417.288
20
230.306
30
0
11
417.227
21
230.29
31
0
0
LINE
5
7FC
330
C
100
AcDbEntity
8
0
100
AcDbLine
10
417.227
20
230.29
30
0
11
417.166
21
230.276
31
0
0
LINE
5
7FD
330
C
100
AcDbEntity
8
0
100
AcDbLine
10
417.166
20
230.276
30
0
11
417.104
21
230.263
31
0
0
LINE
5
7FE
330
C
100
AcDbEntity
8
0
100
AcDbLine
10
417.104
20
230.263
30
0
11
417.042
21
230.252
31
0
0
LINE
5
7FF
330
C
100
AcDbEntity
8
0
100
AcDbLine
10
417.042
20
230.252
30
0
11
416.98
21
230.243
31
0
0
LINE
5
800
330
C
100
AcDbEntity
8
0
100
AcDbLine
10
416.98
20
230.243
30
0
11
416.917
21
230.235
31
0
0
LINE
5
801
330
C
100
AcDbEntity
8
0
100
AcDbLine
10
416.917
20
230.235
30
0
11
416.854
21
230.23
31
0
0
LINE
5
802
330
C
100
AcDbEntity
8
0
100
AcDbLine
10
416.854
20
230.23
30
0
11
416.79
21
230.225
31
0
0
LINE
5
803
330
C
100
AcDbEntity
8
0
100
AcDbLine
10
416.79
20
230.225
30
0
11
416.726
21
230.223
31
0
0
LINE
5
804
330
C
100
AcDbEntity
8
0
100
AcDbLine
10
416.726
20
230.223
30
0
11
416.661
21
230.222
31
0
0
LINE
5
805
330
C
100
AcDbEntity
8
0
100
AcDbLine
10
416.661
20
230.222
30
0
11
416.661
21
230.222
31
0
0
LINE
5
806
330
C
100
AcDbEntity
8
0
100
AcDbLine
10
417.753
20
235.454
30
0
11
414.093
21
235.454
31
0
0
LINE
5
807
330
C
100
AcDbEntity
8
0
100
AcDbLine
10
414.093
20
235.454
30
0
11
414.093
21
236.102
31
0
0
LINE
5
808
330
C
100
AcDbEntity
8
0
100
AcDbLine
10
414.093
20
236.102
30
0
11
417.753
21
236.102
31
0
0
LINE
5
809
330
C
100
AcDbEntity
8
0
100
AcDbLine
10
417.753
20
236.102
30
0
11
417.753
21
235.454
31
0
0
LINE
5
80A
330
C
100
AcDbEntity
8
0
100
AcDbLine
10
417.753
20
235.454
30
0
11
417.753
21
235.454
31
0
0
LINE
5
80B
330
C
100
AcDbEntity
8
0
100
AcDbLine
10
35
20
249
30
0
11
35
21
246
31
0
0
LINE
5
80C
330
C
100
AcDbEntity
8
0
100
AcDbLine
10
35
20
246
30
0
11
55
21
246
31
0
0
LINE
5
80D
330
C
100
AcDbEntity
8
0
100
AcDbLine
10
55
20
246
30
0
11
55
21
249
31
0
0
LINE
5
80E
330
C
100
AcDbEntity
8
0
100
AcDbLine
10
55
20
249
30
0
11
75
21
249
31
0
0
LINE
5
80F
330
C
100
AcDbEntity
8
0
100
AcDbLine
10
75
20
249
30
0
11
75
21
246
31
0
0
LINE
5
810
330
C
100
AcDbEntity
8
0
100
AcDbLine
10
75
20
246
30
0
11
95
21
246
31
0
0
LINE
5
811
330
C
100
AcDbEntity
8
0
100
AcDbLine
10
95
20
246
30
0
11
95
21
249
31
0
0
LINE
5
812
330
C
100
AcDbEntity
8
0
100
AcDbLine
10
95
20
249
30
0
11
115
21
249
31
0
0
LINE
5
813
330
C
100
AcDbEntity
8
0
100
AcDbLine
10
115
20
249
30
0
11
115
21
246
31
0
0
LINE
5
814
330
C
100
AcDbEntity
8
0
100
AcDbLine
10
115
20
246
30
0
11
135
21
246
31
0
0
LINE
5
815
330
C
100
AcDbEntity
8
0
100
AcDbLine
10
135
20
246
30
0
11
135
21
249
31
0
0
LINE
5
816
330
C
100
AcDbEntity
8
0
100
AcDbLine
10
135
20
249
30
0
11
155
21
249
31
0
0
LINE
5
817
330
C
100
AcDbEntity
8
0
100
AcDbLine
10
155
20
249
30
0
11
155
21
246
31
0
0
LINE
5
818
330
C
100
AcDbEntity
8
0
100
AcDbLine
10
155
20
246
30
0
11
167
21
246
31
0
0
LINE
5
819
330
C
100
AcDbEntity
8
0
100
AcDbLine
10
167
20
246
30
0
11
170
21
246
31
0
0
LINE
5
81A
330
C
100
AcDbEntity
8
0
100
AcDbLine
10
170
20
246
30
0
11
170
21
249
31
0
0
LINE
5
81B
330
C
100
AcDbEntity
8
0
100
AcDbLine
10
170
20
249
30
0
11
170
21
257.5
31
0
0
LINE
5
81C
330
C
100
AcDbEntity
8
0
100
AcDbLine
10
170
20
257.5
30
0
11
167
21
257.5
31
0
0
LINE
5
81D
330
C
100
AcDbEntity
8
0
100
AcDbLine
10
167
20
257.5
30
0
11
167
21
277.5
31
0
0
LINE
5
81E
330
C
100
AcDbEntity
8
0
100
AcDbLine
10
167
20
277.5
30
0
11
170
21
277.5
31
0
0
LINE
5
81F
330
C
100
AcDbEntity
8
0
100
AcDbLine
10
170
20
277.5
30
0
11
170
21
297.5
31
0
0
LINE
5
820
330
C
100
AcDbEntity
8
0
100
AcDbLine
10
170
20
297.5
30
0
11
167
21
297.5
31
0
0
LINE
5
821
330
C
100
AcDbEntity
8
0
100
AcDbLine
10
167
20
297.5
30
0
11
167
21
317.5
31
0
0
LINE
5
822
330
C
100
AcDbEntity
8
0
100
AcDbLine
10
167
20
317.5
30
0
11
170
21
317.5
31
0
0
LINE
5
823
330
C
100
AcDbEntity
8
0
100
AcDbLine
10
170
20
317.5
30
0
11
170
21
337.5
31
0
0
LINE
5
824
330
C
100
AcDbEntity
8
0
100
AcDbLine
10
170
20
337.5
30
0
11
167
21
337.5
31
0
0
LINE
5
825
330
C
100
AcDbEntity
8
0
100
AcDbLine
10
167
20
337.5
30
0
11
167
21
357.5
31
0
0
LINE
5
826
330
C
100
AcDbEntity
8
0
100
AcDbLine
10
167
20
357.5
30
0
11
170
21
357.5
31
0
0
LINE
5
827
330
C
100
AcDbEntity
8
0
100
AcDbLine
10
170
20
357.5
30
0
11
170
21
366
31
0
0
LINE
5
828
330
C
100
AcDbEntity
8
0
100
AcDbLine
10
170
20
366
30
0
11
167
21
366
31
0
0
LINE
5
829
330
C
100
AcDbEntity
8
0
100
AcDbLine
10
167
20
366
30
0
11
3
21
366
31
0
0
LINE
5
82A
330
C
100
AcDbEntity
8
0
100
AcDbLine
10
3
20
366
30
0
11
0
21
366
31
0
0
LINE
5
82B
330
C
100
AcDbEntity
8
0
100
AcDbLine
10
0
20
366
30
0
11
0
21
357.5
31
0
0
LINE
5
82C
330
C
100
AcDbEntity
8
0
100
AcDbLine
10
0
20
357.5
30
0
11
3
21
357.5
31
0
0
LINE
5
82D
330
C
100
AcDbEntity
8
0
100
AcDbLine
10
3
20
357.5
30
0
11
3
21
337.5
31
0
0
LINE
5
82E
330
C
100
AcDbEntity
8
0
100
AcDbLine
10
3
20
337.5
30
0
11
0
21
337.5
31
0
0
LINE
5
82F
330
C
100
AcDbEntity
8
0
100
AcDbLine
10
0
20
337.5
30
0
11
0
21
317.5
31
0
0
LINE
5
830
330
C
100
AcDbEntity
8
0
100
AcDbLine
10
0
20
317.5
30
0
11
3
21
317.5
31
0
0
LINE
5
831
330
C
100
AcDbEntity
8
0
100
AcDbLine
10
3
20
317.5
30
0
11
3
21
297.5
31
0
0
LINE
5
832
330
C
100
AcDbEntity
8
0
100
AcDbLine
10
3
20
297.5
30
0
11
0
21
297.5
31
0
0
LINE
5
833
330
C
100
AcDbEntity
8
0
100
AcDbLine
10
0
20
297.5
30
0
11
0
21
277.5
31
0
0
LINE
5
834
330
C
100
AcDbEntity
8
0
100
AcDbLine
10
0
20
277.5
30
0
11
3
21
277.5
31
0
0
LINE
5
835
330
C
100
AcDbEntity
8
0
100
AcDbLine
10
3
20
277.5
30
0
11
3
21
257.5
31
0
0
LINE
5
836
330
C
100
AcDbEntity
8
0
100
AcDbLine
10
3
20
257.5
30
0
11
0
21
257.5
31
0
0
LINE
5
837
330
C
100
AcDbEntity
8
0
100
AcDbLine
10
0
20
257.5
30
0
11
0
21
249
31
0
0
LINE
5
838
330
C
100
AcDbEntity
8
0
100
AcDbLine
10
0
20
249
30
0
11
0
21
246
31
0
0
LINE
5
839
330
C
100
AcDbEntity
8
0
100
AcDbLine
10
0
20
246
30
0
11
3
21
246
31
0
0
LINE
5
83A
330
C
100
AcDbEntity
8
0
100
AcDbLine
10
3
20
246
30
0
11
15
21
246
31
0
0
LINE
5
83B
330
C
100
AcDbEntity
8
0
100
AcDbLine
10
15
20
246
30
0
11
15
21
249
31
0
0
LINE
5
83C
330
C
100
AcDbEntity
8
0
100
AcDbLine
10
15
20
249
30
0
11
35
21
249
31
0
0
LINE
5
83D
330
C
100
AcDbEntity
8
0
100
AcDbLine
10
72.421
20
303.366
30
0
11
71.485
21
303.366
31
0
0
LINE
5
83E
330
C
100
AcDbEntity
8
0
100
AcDbLine
10
71.485
20
303.366
30
0
11
71.485
21
310.902
31
0
0
LINE
5
83F
330
C
100
AcDbEntity
8
0
100
AcDbLine
10
71.485
20
310.902
30
0
11
74.113
21
310.902
31
0
0
LINE
5
840
330
C
100
AcDbEntity
8
0
100
AcDbLine
10
74.113
20
310.902
30
0
11
74.365
21
310.896
31
0
0
LINE
5
841
330
C
100
AcDbEntity
8
0
100
AcDbLine
10
74.365
20
310.896
30
0
11
74.604
21
310.877
31
0
0
LINE
5
842
330
C
100
AcDbEntity
8
0
100
AcDbLine
10
74.604
20
310.877
30
0
11
74.831
21
310.847
31
0
0
LINE
5
843
330
C
100
AcDbEntity
8
0
100
AcDbLine
10
74.831
20
310.847
30
0
11
75.045
21
310.804
31
0
0
LINE
5
844
330
C
100
AcDbEntity
8
0
100
AcDbLine
10
75.045
20
310.804
30
0
11
75.246
21
310.748
31
0
0
LINE
5
845
330
C
100
AcDbEntity
8
0
100
AcDbLine
10
75.246
20
310.748
30
0
11
75.435
21
310.681
31
0
0
LINE
5
846
330
C
100
AcDbEntity
8
0
100
AcDbLine
10
75.435
20
310.681
30
0
11
75.612
21
310.601
31
0
0
LINE
5
847
330
C
100
AcDbEntity
8
0
100
AcDbLine
10
75.612
20
310.601
30
0
11
75.776
21
310.508
31
0
0
LINE
5
848
330
C
100
AcDbEntity
8
0
100
AcDbLine
10
75.776
20
310.508
30
0
11
75.927
21
310.404
31
0
0
LINE
5
849
330
C
100
AcDbEntity
8
0
100
AcDbLine
10
75.927
20
310.404
30
0
11
76.066
21
310.287
31
0
0
LINE
5
84A
330
C
100
AcDbEntity
8
0
100
AcDbLine
10
76.066
20
310.287
30
0
11
76.192
21
310.16
31
0
0
LINE
5
84B
330
C
100
AcDbEntity
8
0
100
AcDbLine
10
76.192
20
310.16
30
0
11
76.305
21
310.026
31
0
0
LINE
5
84C
330
C
100
AcDbEntity
8
0
100
AcDbLine
10
76.305
20
310.026
30
0
11
76.404
21
309.883
31
0
0
LINE
5
84D
330
C
100
AcDbEntity
8
0
100
AcDbLine
10
76.404
20
309.883
30
0
11
76.49
21
309.733
31
0
0
LINE
5
84E
330
C
100
AcDbEntity
8
0
100
AcDbLine
10
76.49
20
309.733
30
0
11
76.563
21
309.575
31
0
0
LINE
5
84F
330
C
100
AcDbEntity
8
0
100
AcDbLine
10
76.563
20
309.575
30
0
11
76.623
21
309.41
31
0
0
LINE
5
850
330
C
100
AcDbEntity
8
0
100
AcDbLine
10
76.623
20
309.41
30
0
11
76.669
21
309.236
31
0
0
LINE
5
851
330
C
100
AcDbEntity
8
0
100
AcDbLine
10
76.669
20
309.236
30
0
11
76.702
21
309.055
31
0
0
LINE
5
852
330
C
100
AcDbEntity
8
0
100
AcDbLine
10
76.702
20
309.055
30
0
11
76.722
21
308.867
31
0
0
LINE
5
853
330
C
100
AcDbEntity
8
0
100
AcDbLine
10
76.722
20
308.867
30
0
11
76.729
21
308.67
31
0
0
LINE
5
854
330
C
100
AcDbEntity
8
0
100
AcDbLine
10
76.729
20
308.67
30
0
11
76.729
21
308.67
31
0
0
LINE
5
855
330
C
100
AcDbEntity
8
0
100
AcDbLine
10
76.729
20
308.67
30
0
11
76.722
21
308.476
31
0
0
LINE
5
856
330
C
100
AcDbEntity
8
0
100
AcDbLine
10
76.722
20
308.476
30
0
11
76.702
21
308.289
31
0
0
LINE
5
857
330
C
100
AcDbEntity
8
0
100
AcDbLine
10
76.702
20
308.289
30
0
11
76.669
21
308.11
31
0
0
LINE
5
858
330
C
100
AcDbEntity
8
0
100
AcDbLine
10
76.669
20
308.11
30
0
11
76.623
21
307.938
31
0
0
LINE
5
859
330
C
100
AcDbEntity
8
0
100
AcDbLine
10
76.623
20
307.938
30
0
11
76.563
21
307.774
31
0
0
LINE
5
85A
330
C
100
AcDbEntity
8
0
100
AcDbLine
10
76.563
20
307.774
30
0
11
76.49
21
307.617
31
0
0
LINE
5
85B
330
C
100
AcDbEntity
8
0
100
AcDbLine
10
76.49
20
307.617
30
0
11
76.404
21
307.468
31
0
0
LINE
5
85C
330
C
100
AcDbEntity
8
0
100
AcDbLine
10
76.404
20
307.468
30
0
11
76.305
21
307.326
31
0
0
LINE
5
85D
330
C
100
AcDbEntity
8
0
100
AcDbLine
10
76.305
20
307.326
30
0
11
76.192
21
307.192
31
0
0
LINE
5
85E
330
C
100
AcDbEntity
8
0
100
AcDbLine
10
76.192
20
307.192
30
0
11
76.066
21
307.065
31
0
0
LINE
5
85F
330
C
100
AcDbEntity
8
0
100
AcDbLine
10
76.066
20
307.065
30
0
11
75.927
21
306.948
31
0
0
LINE
5
860
330
C
100
AcDbEntity
8
0
100
AcDbLine
10
75.927
20
306.948
30
0
11
75.776
21
306.844
31
0
0
LINE
5
861
330
C
100
AcDbEntity
8
0
100
AcDbLine
10
75.776
20
306.844
30
0
11
75.612
21
306.751
31
0
0
LINE
5
862
330
C
100
AcDbEntity
8
0
100
AcDbLine
10
75.612
20
306.751
30
0
11
75.435
21
306.671
31
0
0
LINE
5
863
330
C
100
AcDbEntity
8
0
100
AcDbLine
10
75.435
20
306.671
30
0
11
75.246
21
306.604
31
0
0
LINE
5
864
330
C
100
AcDbEntity
8
0
100
AcDbLine
10
75.246
20
306.604
30
0
11
75.045
21
306.548
31
0
0
LINE
5
865
330
C
100
AcDbEntity
8
0
100
AcDbLine
10
75.045
20
306.548
30
0
11
74.831
21
306.505
31
0
0
LINE
5
866
330
C
100
AcDbEntity
8
0
100
AcDbLine
10
74.831
20
306.505
30
0
11
74.604
21
306.475
31
0
0
LINE
5
867
330
C
100
AcDbEntity
8
0
100
AcDbLine
10
74.604
20
306.475
30
0
11
74.365
21
306.456
31
0
0
LINE
5
868
330
C
100
AcDbEntity
8
0
100
AcDbLine
10
74.365
20
306.456
30
0
11
74.113
21
306.45
31
0
0
LINE
5
869
330
C
100
AcDbEntity
8
0
100
AcDbLine
10
74.113
20
306.45
30
0
11
74.113
21
306.45
31
0
0
LINE
5
86A
330
C
100
AcDbEntity
8
0
100
AcDbLine
10
74.113
20
306.45
30
0
11
72.421
21
306.45
31
0
0
LINE
5
86B
330
C
100
AcDbEntity
8
0
100
AcDbLine
10
72.421
20
306.45
30
0
11
72.421
21
303.366
31
0
0
LINE
5
86C
330
C
100
AcDbEntity
8
0
100
AcDbLine
10
72.421
20
303.366
30
0
11
72.421
21
303.366
31
0
0
LINE
5
86D
330
C
100
AcDbEntity
8
0
100
AcDbLine
10
76.921
20
303.366
30
0
11
75.709
21
303.366
31
0
0
LINE
5
86E
330
C
100
AcDbEntity
8
0
100
AcDbLine
10
75.709
20
303.366
30
0
11
73.549
21
306.786
31
0
0
LINE
5
86F
330
C
100
AcDbEntity
8
0
100
AcDbLine
10
73.549
20
306.786
30
0
11
74.569
21
306.786
31
0
0
LINE
5
870
330
C
100
AcDbEntity
8
0
100
AcDbLine
10
74.569
20
306.786
30
0
11
76.921
21
303.366
31
0
0
LINE
5
871
330
C
100
AcDbEntity
8
0
100
AcDbLine
10
76.921
20
303.366
30
0
11
76.921
21
303.366
31
0
0
LINE
5
872
330
C
100
AcDbEntity
8
0
100
AcDbLine
10
72.421
20
310.098
30
0
11
72.421
21
307.11
31
0
0
LINE
5
873
330
C
100
AcDbEntity
8
0
100
AcDbLine
10
72.421
20
307.11
30
0
11
74.041
21
307.11
31
0
0
LINE
5
874
330
C
100
AcDbEntity
8
0
100
AcDbLine
10
74.041
20
307.11
30
0
11
74.206
21
307.114
31
0
0
LINE
5
875
330
C
100
AcDbEntity
8
0
100
AcDbLine
10
74.206
20
307.114
30
0
11
74.363
21
307.127
31
0
0
LINE
5
876
330
C
100
AcDbEntity
8
0
100
AcDbLine
10
74.363
20
307.127
30
0
11
74.512
21
307.148
31
0
0
LINE
5
877
330
C
100
AcDbEntity
8
0
100
AcDbLine
10
74.512
20
307.148
30
0
11
74.653
21
307.177
31
0
0
LINE
5
878
330
C
100
AcDbEntity
8
0
100
AcDbLine
10
74.653
20
307.177
30
0
11
74.786
21
307.214
31
0
0
LINE
5
879
330
C
100
AcDbEntity
8
0
100
AcDbLine
10
74.786
20
307.214
30
0
11
74.91
21
307.26
31
0
0
LINE
5
87A
330
C
100
AcDbEntity
8
0
100
AcDbLine
10
74.91
20
307.26
30
0
11
75.027
21
307.314
31
0
0
LINE
5
87B
330
C
100
AcDbEntity
8
0
100
AcDbLine
10
75.027
20
307.314
30
0
11
75.135
21
307.377
31
0
0
LINE
5
87C
330
C
100
AcDbEntity
8
0
100
AcDbLine
10
75.135
20
307.377
30
0
11
75.236
21
307.448
31
0
0
LINE
5
87D
330
C
100
AcDbEntity
8
0
100
AcDbLine
10
75.236
20
307.448
30
0
11
75.328
21
307.527
31
0
0
LINE
5
87E
330
C
100
AcDbEntity
8
0
100
AcDbLine
10
75.328
20
307.527
30
0
11
75.412
21
307.613
31
0
0
LINE
5
87F
330
C
100
AcDbEntity
8
0
100
AcDbLine
10
75.412
20
307.613
30
0
11
75.487
21
307.704
31
0
0
LINE
5
880
330
C
100
AcDbEntity
8
0
100
AcDbLine
10
75.487
20
307.704
30
0
11
75.553
21
307.8
31
0
0
LINE
5
881
330
C
100
AcDbEntity
8
0
100
AcDbLine
10
75.553
20
307.8
30
0
11
75.61
21
307.9
31
0
0
LINE
5
882
330
C
100
AcDbEntity
8
0
100
AcDbLine
10
75.61
20
307.9
30
0
11
75.659
21
308.006
31
0
0
LINE
5
883
330
C
100
AcDbEntity
8
0
100
AcDbLine
10
75.659
20
308.006
30
0
11
75.698
21
308.117
31
0
0
LINE
5
884
330
C
100
AcDbEntity
8
0
100
AcDbLine
10
75.698
20
308.117
30
0
11
75.729
21
308.233
31
0
0
LINE
5
885
330
C
100
AcDbEntity
8
0
100
AcDbLine
10
75.729
20
308.233
30
0
11
75.751
21
308.354
31
0
0
LINE
5
886
330
C
100
AcDbEntity
8
0
100
AcDbLine
10
75.751
20
308.354
30
0
11
75.765
21
308.479
31
0
0
LINE
5
887
330
C
100
AcDbEntity
8
0
100
AcDbLine
10
75.765
20
308.479
30
0
11
75.769
21
308.61
31
0
0
LINE
5
888
330
C
100
AcDbEntity
8
0
100
AcDbLine
10
75.769
20
308.61
30
0
11
75.769
21
308.61
31
0
0
LINE
5
889
330
C
100
AcDbEntity
8
0
100
AcDbLine
10
75.769
20
308.61
30
0
11
75.765
21
308.744
31
0
0
LINE
5
88A
330
C
100
AcDbEntity
8
0
100
AcDbLine
10
75.765
20
308.744
30
0
11
75.752
21
308.872
31
0
0
LINE
5
88B
330
C
100
AcDbEntity
8
0
100
AcDbLine
10
75.752
20
308.872
30
0
11
75.731
21
308.995
31
0
0
LINE
5
88C
330
C
100
AcDbEntity
8
0
100
AcDbLine
10
75.731
20
308.995
30
0
11
75.701
21
309.112
31
0
0
LINE
5
88D
330
C
100
AcDbEntity
8
0
100
AcDbLine
10
75.701
20
309.112
30
0
11
75.663
21
309.224
31
0
0
LINE
5
88E
330
C
100
AcDbEntity
8
0
100
AcDbLine
10
75.663
20
309.224
30
0
11
75.617
21
309.329
31
0
0
LINE
5
88F
330
C
100
AcDbEntity
8
0
100
AcDbLine
10
75.617
20
309.329
30
0
11
75.562
21
309.429
31
0
0
LINE
5
890
330
C
100
AcDbEntity
8
0
100
AcDbLine
10
75.562
20
309.429
30
0
11
75.498
21
309.524
31
0
0
LINE
5
891
330
C
100
AcDbEntity
8
0
100
AcDbLine
10
75.498
20
309.524
30
0
11
75.426
21
309.613
31
0
0
LINE
5
892
330
C
100
AcDbEntity
8
0
100
AcDbLine
10
75.426
20
309.613
30
0
11
75.346
21
309.696
31
0
0
LINE
5
893
330
C
100
AcDbEntity
8
0
100
AcDbLine
10
75.346
20
309.696
30
0
11
75.258
21
309.772
31
0
0
LINE
5
894
330
C
100
AcDbEntity
8
0
100
AcDbLine
10
75.258
20
309.772
30
0
11
75.161
21
309.841
31
0
0
LINE
5
895
330
C
100
AcDbEntity
8
0
100
AcDbLine
10
75.161
20
309.841
30
0
11
75.057
21
309.901
31
0
0
LINE
5
896
330
C
100
AcDbEntity
8
0
100
AcDbLine
10
75.057
20
309.901
30
0
11
74.946
21
309.953
31
0
0
LINE
5
897
330
C
100
AcDbEntity
8
0
100
AcDbLine
10
74.946
20
309.953
30
0
11
74.826
21
309.998
31
0
0
LINE
5
898
330
C
100
AcDbEntity
8
0
100
AcDbLine
10
74.826
20
309.998
30
0
11
74.699
21
310.034
31
0
0
LINE
5
899
330
C
100
AcDbEntity
8
0
100
AcDbLine
10
74.699
20
310.034
30
0
11
74.564
21
310.062
31
0
0
LINE
5
89A
330
C
100
AcDbEntity
8
0
100
AcDbLine
10
74.564
20
310.062
30
0
11
74.422
21
310.082
31
0
0
LINE
5
89B
330
C
100
AcDbEntity
8
0
100
AcDbLine
10
74.422
20
310.082
30
0
11
74.271
21
310.094
31
0
0
LINE
5
89C
330
C
100
AcDbEntity
8
0
100
AcDbLine
10
74.271
20
310.094
30
0
11
74.113
21
310.098
31
0
0
LINE
5
89D
330
C
100
AcDbEntity
8
0
100
AcDbLine
10
74.113
20
310.098
30
0
11
74.113
21
310.098
31
0
0
LINE
5
89E
330
C
100
AcDbEntity
8
0
100
AcDbLine
10
74.113
20
310.098
30
0
11
72.421
21
310.098
31
0
0
LINE
5
89F
330
C
100
AcDbEntity
8
0
100
AcDbLine
10
72.421
20
310.098
30
0
11
72.421
21
310.098
31
0
0
LINE
5
8A0
330
C
100
AcDbEntity
8
0
100
AcDbLine
10
79.363
20
310.458
30
0
11
79.363
21
310.458
31
0
0
LINE
5
8A1
330
C
100
AcDbEntity
8
0
100
AcDbLine
10
79.363
20
310.458
30
0
11
79.307
21
310.46
31
0
0
LINE
5
8A2
330
C
100
AcDbEntity
8
0
100
AcDbLine
10
79.307
20
310.46
30
0
11
79.253
21
310.465
31
0
0
LINE
5
8A3
330
C
100
AcDbEntity
8
0
100
AcDbLine
10
79.253
20
310.465
30
0
11
79.201
21
310.473
31
0
0
LINE
5
8A4
330
C
100
AcDbEntity
8
0
100
AcDbLine
10
79.201
20
310.473
30
0
11
79.152
21
310.484
31
0
0
LINE
5
8A5
330
C
100
AcDbEntity
8
0
100
AcDbLine
10
79.152
20
310.484
30
0
11
79.105
21
310.499
31
0
0
LINE
5
8A6
330
C
100
AcDbEntity
8
0
100
AcDbLine
10
79.105
20
310.499
30
0
11
79.061
21
310.517
31
0
0
LINE
5
8A7
330
C
100
AcDbEntity
8
0
100
AcDbLine
10
79.061
20
310.517
30
0
11
79.019
21
310.539
31
0
0
LINE
5
8A8
330
C
100
AcDbEntity
8
0
100
AcDbLine
10
79.019
20
310.539
30
0
11
78.979
21
310.564
31
0
0
LINE
5
8A9
330
C
100
AcDbEntity
8
0
100
AcDbLine
10
78.979
20
310.564
30
0
11
78.942
21
310.592
31
0
0
LINE
5
8AA
330
C
100
AcDbEntity
8
0
100
AcDbLine
10
78.942
20
310.592
30
0
11
78.907
21
310.623
31
0
0
LINE
5
8AB
330
C
100
AcDbEntity
8
0
100
AcDbLine
10
78.907
20
310.623
30
0
11
78.875
21
310.657
31
0
0
LINE
5
8AC
330
C
100
AcDbEntity
8
0
100
AcDbLine
10
78.875
20
310.657
30
0
11
78.847
21
310.693
31
0
0
LINE
5
8AD
330
C
100
AcDbEntity
8
0
100
AcDbLine
10
78.847
20
310.693
30
0
11
78.821
21
310.731
31
0
0
LINE
5
8AE
330
C
100
AcDbEntity
8
0
100
AcDbLine
10
78.821
20
310.731
30
0
11
78.799
21
310.772
31
0
0
LINE
5
8AF
330
C
100
AcDbEntity
8
0
100
AcDbLine
10
78.799
20
310.772
30
0
11
78.781
21
310.814
31
0
0
LINE
5
8B0
330
C
100
AcDbEntity
8
0
100
AcDbLine
10
78.781
20
310.814
30
0
11
78.766
21
310.859
31
0
0
LINE
5
8B1
330
C
100
AcDbEntity
8
0
100
AcDbLine
10
78.766
20
310.859
30
0
11
78.754
21
310.905
31
0
0
LINE
5
8B2
330
C
100
AcDbEntity
8
0
100
AcDbLine
10
78.754
20
310.905
30
0
11
78.746
21
310.954
31
0
0
LINE
5
8B3
330
C
100
AcDbEntity
8
0
100
AcDbLine
10
78.746
20
310.954
30
0
11
78.741
21
311.005
31
0
0
LINE
5
8B4
330
C
100
AcDbEntity
8
0
100
AcDbLine
10
78.741
20
311.005
30
0
11
78.739
21
311.058
31
0
0
LINE
5
8B5
330
C
100
AcDbEntity
8
0
100
AcDbLine
10
78.739
20
311.058
30
0
11
78.739
21
311.058
31
0
0
LINE
5
8B6
330
C
100
AcDbEntity
8
0
100
AcDbLine
10
78.739
20
311.058
30
0
11
78.741
21
311.11
31
0
0
LINE
5
8B7
330
C
100
AcDbEntity
8
0
100
AcDbLine
10
78.741
20
311.11
30
0
11
78.746
21
311.159
31
0
0
LINE
5
8B8
330
C
100
AcDbEntity
8
0
100
AcDbLine
10
78.746
20
311.159
30
0
11
78.754
21
311.207
31
0
0
LINE
5
8B9
330
C
100
AcDbEntity
8
0
100
AcDbLine
10
78.754
20
311.207
30
0
11
78.766
21
311.252
31
0
0
LINE
5
8BA
330
C
100
AcDbEntity
8
0
100
AcDbLine
10
78.766
20
311.252
30
0
11
78.781
21
311.295
31
0
0
LINE
5
8BB
330
C
100
AcDbEntity
8
0
100
AcDbLine
10
78.781
20
311.295
30
0
11
78.799
21
311.336
31
0
0
LINE
5
8BC
330
C
100
AcDbEntity
8
0
100
AcDbLine
10
78.799
20
311.336
30
0
11
78.821
21
311.375
31
0
0
LINE
5
8BD
330
C
100
AcDbEntity
8
0
100
AcDbLine
10
78.821
20
311.375
30
0
11
78.847
21
311.411
31
0
0
LINE
5
8BE
330
C
100
AcDbEntity
8
0
100
AcDbLine
10
78.847
20
311.411
30
0
11
78.875
21
311.446
31
0
0
LINE
5
8BF
330
C
100
AcDbEntity
8
0
100
AcDbLine
10
78.875
20
311.446
30
0
11
78.907
21
311.478
31
0
0
LINE
5
8C0
330
C
100
AcDbEntity
8
0
100
AcDbLine
10
78.907
20
311.478
30
0
11
78.942
21
311.508
31
0
0
LINE
5
8C1
330
C
100
AcDbEntity
8
0
100
AcDbLine
10
78.942
20
311.508
30
0
11
78.979
21
311.534
31
0
0
LINE
5
8C2
330
C
100
AcDbEntity
8
0
100
AcDbLine
10
78.979
20
311.534
30
0
11
79.019
21
311.558
31
0
0
LINE
5
8C3
330
C
100
AcDbEntity
8
0
100
AcDbLine
10
79.019
20
311.558
30
0
11
79.061
21
311.578
31
0
0
LINE
5
8C4
330
C
100
AcDbEntity
8
0
100
AcDbLine
10
79.061
20
311.578
30
0
11
79.105
21
311.595
31
0
0
LINE
5
8C5
330
C
100
AcDbEntity
8
0
100
AcDbLine
10
79.105
20
311.595
30
0
11
79.152
21
311.609
31
0
0
LINE
5
8C6
330
C
100
AcDbEntity
8
0
100
AcDbLine
10
79.152
20
311.609
30
0
11
79.201
21
311.62
31
0
0
LINE
5
8C7
330
C
100
AcDbEntity
8
0
100
AcDbLine
10
79.201
20
311.62
30
0
11
79.253
21
311.628
31
0
0
LINE
5
8C8
330
C
100
AcDbEntity
8
0
100
AcDbLine
10
79.253
20
311.628
30
0
11
79.307
21
311.632
31
0
0
LINE
5
8C9
330
C
100
AcDbEntity
8
0
100
AcDbLine
10
79.307
20
311.632
30
0
11
79.363
21
311.634
31
0
0
LINE
5
8CA
330
C
100
AcDbEntity
8
0
100
AcDbLine
10
79.363
20
311.634
30
0
11
79.363
21
311.634
31
0
0
LINE
5
8CB
330
C
100
AcDbEntity
8
0
100
AcDbLine
10
79.363
20
311.634
30
0
11
79.419
21
311.632
31
0
0
LINE
5
8CC
330
C
100
AcDbEntity
8
0
100
AcDbLine
10
79.419
20
311.632
30
0
11
79.473
21
311.628
31
0
0
LINE
5
8CD
330
C
100
AcDbEntity
8
0
100
AcDbLine
10
79.473
20
311.628
30
0
11
79.525
21
311.62
31
0
0
LINE
5
8CE
330
C
100
AcDbEntity
8
0
100
AcDbLine
10
79.525
20
311.62
30
0
11
79.574
21
311.609
31
0
0
LINE
5
8CF
330
C
100
AcDbEntity
8
0
100
AcDbLine
10
79.574
20
311.609
30
0
11
79.621
21
311.595
31
0
0
LINE
5
8D0
330
C
100
AcDbEntity
8
0
100
AcDbLine
10
79.621
20
311.595
30
0
11
79.665
21
311.578
31
0
0
LINE
5
8D1
330
C
100
AcDbEntity
8
0
100
AcDbLine
10
79.665
20
311.578
30
0
11
79.707
21
311.558
31
0
0
LINE
5
8D2
330
C
100
AcDbEntity
8
0
100
AcDbLine
10
79.707
20
311.558
30
0
11
79.747
21
311.534
31
0
0
LINE
5
8D3
330
C
100
AcDbEntity
8
0
100
AcDbLine
10
79.747
20
311.534
30
0
11
79.784
21
311.508
31
0
0
LINE
5
8D4
330
C
100
AcDbEntity
8
0
100
AcDbLine
10
79.784
20
311.508
30
0
11
79.819
21
311.478
31
0
0
LINE
5
8D5
330
C
100
AcDbEntity
8
0
100
AcDbLine
10
79.819
20
311.478
30
0
11
79.851
21
311.446
31
0
0
LINE
5
8D6
330
C
100
AcDbEntity
8
0
100
AcDbLine
10
79.851
20
311.446
30
0
11
79.879
21
311.411
31
0
0
LINE
5
8D7
330
C
100
AcDbEntity
8
0
100
AcDbLine
10
79.879
20
311.411
30
0
11
79.905
21
311.375
31
0
0
LINE
5
8D8
330
C
100
AcDbEntity
8
0
100
AcDbLine
10
79.905
20
311.375
30
0
11
79.927
21
311.336
31
0
0
LINE
5
8D9
330
C
100
AcDbEntity
8
0
100
AcDbLine
10
79.927
20
311.336
30
0
11
79.945
21
311.295
31
0
0
LINE
5
8DA
330
C
100
AcDbEntity
8
0
100
AcDbLine
10
79.945
20
311.295
30
0
11
79.96
21
311.252
31
0
0
LINE
5
8DB
330
C
100
AcDbEntity
8
0
100
AcDbLine
10
79.96
20
311.252
30
0
11
79.972
21
311.207
31
0
0
LINE
5
8DC
330
C
100
AcDbEntity
8
0
100
AcDbLine
10
79.972
20
311.207
30
0
11
79.98
21
311.159
31
0
0
LINE
5
8DD
330
C
100
AcDbEntity
8
0
100
AcDbLine
10
79.98
20
311.159
30
0
11
79.985
21
311.11
31
0
0
LINE
5
8DE
330
C
100
AcDbEntity
8
0
100
AcDbLine
10
79.985
20
311.11
30
0
11
79.987
21
311.058
31
0
0
LINE
5
8DF
330
C
100
AcDbEntity
8
0
100
AcDbLine
10
79.987
20
311.058
30
0
11
79.987
21
311.058
31
0
0
LINE
5
8E0
330
C
100
AcDbEntity
8
0
100
AcDbLine
10
79.987
20
311.058
30
0
11
79.985
21
311.005
31
0
0
LINE
5
8E1
330
C
100
AcDbEntity
8
0
100
AcDbLine
10
79.985
20
311.005
30
0
11
79.98
21
310.954
31
0
0
LINE
5
8E2
330
C
100
AcDbEntity
8
0
100
AcDbLine
10
79.98
20
310.954
30
0
11
79.972
21
310.905
31
0
0
LINE
5
8E3
330
C
100
AcDbEntity
8
0
100
AcDbLine
10
79.972
20
310.905
30
0
11
79.96
21
310.859
31
0
0
LINE
5
8E4
330
C
100
AcDbEntity
8
0
100
AcDbLine
10
79.96
20
310.859
30
0
11
79.945
21
310.814
31
0
0
LINE
5
8E5
330
C
100
AcDbEntity
8
0
100
AcDbLine
10
79.945
20
310.814
30
0
11
79.927
21
310.772
31
0
0
LINE
5
8E6
330
C
100
AcDbEntity
8
0
100
AcDbLine
10
79.927
20
310.772
30
0
11
79.905
21
310.731
31
0
0
LINE
5
8E7
330
C
100
AcDbEntity
8
0
100
AcDbLine
10
79.905
20
310.731
30
0
11
79.879
21
310.693
31
0
0
LINE
5
8E8
330
C
100
AcDbEntity
8
0
100
AcDbLine
10
79.879
20
310.693
30
0
11
79.851
21
310.657
31
0
0
LINE
5
8E9
330
C
100
AcDbEntity
8
0
100
AcDbLine
10
79.851
20
310.657
30
0
11
79.819
21
310.623
31
0
0
LINE
5
8EA
330
C
100
AcDbEntity
8
0
100
AcDbLine
10
79.819
20
310.623
30
0
11
79.784
21
310.592
31
0
0
LINE
5
8EB
330
C
100
AcDbEntity
8
0
100
AcDbLine
10
79.784
20
310.592
30
0
11
79.747
21
310.564
31
0
0
LINE
5
8EC
330
C
100
AcDbEntity
8
0
100
AcDbLine
10
79.747
20
310.564
30
0
11
79.707
21
310.539
31
0
0
LINE
5
8ED
330
C
100
AcDbEntity
8
0
100
AcDbLine
10
79.707
20
310.539
30
0
11
79.665
21
310.517
31
0
0
LINE
5
8EE
330
C
100
AcDbEntity
8
0
100
AcDbLine
10
79.665
20
310.517
30
0
11
79.621
21
310.499
31
0
0
LINE
5
8EF
330
C
100
AcDbEntity
8
0
100
AcDbLine
10
79.621
20
310.499
30
0
11
79.574
21
310.484
31
0
0
LINE
5
8F0
330
C
100
AcDbEntity
8
0
100
AcDbLine
10
79.574
20
310.484
30
0
11
79.525
21
310.473
31
0
0
LINE
5
8F1
330
C
100
AcDbEntity
8
0
100
AcDbLine
10
79.525
20
310.473
30
0
11
79.473
21
310.465
31
0
0
LINE
5
8F2
330
C
100
AcDbEntity
8
0
100
AcDbLine
10
79.473
20
310.465
30
0
11
79.419
21
310.46
31
0
0
LINE
5
8F3
330
C
100
AcDbEntity
8
0
100
AcDbLine
10
79.419
20
310.46
30
0
11
79.363
21
310.458
31
0
0
LINE
5
8F4
330
C
100
AcDbEntity
8
0
100
AcDbLine
10
79.363
20
310.458
30
0
11
79.363
21
310.458
31
0
0
LINE
5
8F5
330
C
100
AcDbEntity
8
0
100
AcDbLine
10
79.831
20
303.366
30
0
11
78.895
21
303.366
31
0
0
LINE
5
8F6
330
C
100
AcDbEntity
8
0
100
AcDbLine
10
78.895
20
303.366
30
0
11
78.895
21
309.114
31
0
0
LINE
5
8F7
330
C
100
AcDbEntity
8
0
100
AcDbLine
10
78.895
20
309.114
30
0
11
79.831
21
309.114
31
0
0
LINE
5
8F8
330
C
100
AcDbEntity
8
0
100
AcDbLine
10
79.831
20
309.114
30
0
11
79.831
21
303.366
31
0
0
LINE
5
8F9
330
C
100
AcDbEntity
8
0
100
AcDbLine
10
79.831
20
303.366
30
0
11
79.831
21
303.366
31
0
0
LINE
5
8FA
330
C
100
AcDbEntity
8
0
100
AcDbLine
10
84.439
20
300.414
30
0
11
84.439
21
300.414
31
0
0
LINE
5
8FB
330
C
100
AcDbEntity
8
0
100
AcDbLine
10
84.439
20
300.414
30
0
11
84.265
21
300.416
31
0
0
LINE
5
8FC
330
C
100
AcDbEntity
8
0
100
AcDbLine
10
84.265
20
300.416
30
0
11
84.096
21
300.424
31
0
0
LINE
5
8FD
330
C
100
AcDbEntity
8
0
100
AcDbLine
10
84.096
20
300.424
30
0
11
83.931
21
300.436
31
0
0
LINE
5
8FE
330
C
100
AcDbEntity
8
0
100
AcDbLine
10
83.931
20
300.436
30
0
11
83.771
21
300.454
31
0
0
LINE
5
8FF
330
C
100
AcDbEntity
8
0
100
AcDbLine
10
83.771
20
300.454
30
0
11
83.615
21
300.476
31
0
0
LINE
5
900
330
C
100
AcDbEntity
8
0
100
AcDbLine
10
83.615
20
300.476
30
0
11
83.465
21
300.504
31
0
0
LINE
5
901
330
C
100
AcDbEntity
8
0
100
AcDbLine
10
83.465
20
300.504
30
0
11
83.319
21
300.536
31
0
0
LINE
5
902
330
C
100
AcDbEntity
8
0
100
AcDbLine
10
83.319
20
300.536
30
0
11
83.178
21
300.573
31
0
0
LINE
5
903
330
C
100
AcDbEntity
8
0
100
AcDbLine
10
83.178
20
300.573
30
0
11
83.041
21
300.616
31
0
0
LINE
5
904
330
C
100
AcDbEntity
8
0
100
AcDbLine
10
83.041
20
300.616
30
0
11
82.909
21
300.663
31
0
0
LINE
5
905
330
C
100
AcDbEntity
8
0
100
AcDbLine
10
82.909
20
300.663
30
0
11
82.782
21
300.714
31
0
0
LINE
5
906
330
C
100
AcDbEntity
8
0
100
AcDbLine
10
82.782
20
300.714
30
0
11
82.661
21
300.769
31
0
0
LINE
5
907
330
C
100
AcDbEntity
8
0
100
AcDbLine
10
82.661
20
300.769
30
0
11
82.546
21
300.828
31
0
0
LINE
5
908
330
C
100
AcDbEntity
8
0
100
AcDbLine
10
82.546
20
300.828
30
0
11
82.437
21
300.889
31
0
0
LINE
5
909
330
C
100
AcDbEntity
8
0
100
AcDbLine
10
82.437
20
300.889
30
0
11
82.334
21
300.954
31
0
0
LINE
5
90A
330
C
100
AcDbEntity
8
0
100
AcDbLine
10
82.334
20
300.954
30
0
11
82.236
21
301.022
31
0
0
LINE
5
90B
330
C
100
AcDbEntity
8
0
100
AcDbLine
10
82.236
20
301.022
30
0
11
82.144
21
301.094
31
0
0
LINE
5
90C
330
C
100
AcDbEntity
8
0
100
AcDbLine
10
82.144
20
301.094
30
0
11
82.058
21
301.169
31
0
0
LINE
5
90D
330
C
100
AcDbEntity
8
0
100
AcDbLine
10
82.058
20
301.169
30
0
11
81.978
21
301.247
31
0
0
LINE
5
90E
330
C
100
AcDbEntity
8
0
100
AcDbLine
10
81.978
20
301.247
30
0
11
81.904
21
301.329
31
0
0
LINE
5
90F
330
C
100
AcDbEntity
8
0
100
AcDbLine
10
81.904
20
301.329
30
0
11
81.836
21
301.413
31
0
0
LINE
5
910
330
C
100
AcDbEntity
8
0
100
AcDbLine
10
81.836
20
301.413
30
0
11
81.775
21
301.499
31
0
0
LINE
5
911
330
C
100
AcDbEntity
8
0
100
AcDbLine
10
81.775
20
301.499
30
0
11
81.722
21
301.587
31
0
0
LINE
5
912
330
C
100
AcDbEntity
8
0
100
AcDbLine
10
81.722
20
301.587
30
0
11
81.676
21
301.677
31
0
0
LINE
5
913
330
C
100
AcDbEntity
8
0
100
AcDbLine
10
81.676
20
301.677
30
0
11
81.636
21
301.768
31
0
0
LINE
5
914
330
C
100
AcDbEntity
8
0
100
AcDbLine
10
81.636
20
301.768
30
0
11
81.604
21
301.861
31
0
0
LINE
5
915
330
C
100
AcDbEntity
8
0
100
AcDbLine
10
81.604
20
301.861
30
0
11
81.579
21
301.955
31
0
0
LINE
5
916
330
C
100
AcDbEntity
8
0
100
AcDbLine
10
81.579
20
301.955
30
0
11
81.561
21
302.052
31
0
0
LINE
5
917
330
C
100
AcDbEntity
8
0
100
AcDbLine
10
81.561
20
302.052
30
0
11
81.551
21
302.15
31
0
0
LINE
5
918
330
C
100
AcDbEntity
8
0
100
AcDbLine
10
81.551
20
302.15
30
0
11
81.547
21
302.25
31
0
0
LINE
5
919
330
C
100
AcDbEntity
8
0
100
AcDbLine
10
81.547
20
302.25
30
0
11
81.547
21
302.25
31
0
0
LINE
5
91A
330
C
100
AcDbEntity
8
0
100
AcDbLine
10
81.547
20
302.25
30
0
11
81.552
21
302.38
31
0
0
LINE
5
91B
330
C
100
AcDbEntity
8
0
100
AcDbLine
10
81.552
20
302.38
30
0
11
81.567
21
302.504
31
0
0
LINE
5
91C
330
C
100
AcDbEntity
8
0
100
AcDbLine
10
81.567
20
302.504
30
0
11
81.591
21
302.621
31
0
0
LINE
5
91D
330
C
100
AcDbEntity
8
0
100
AcDbLine
10
81.591
20
302.621
30
0
11
81.625
21
302.732
31
0
0
LINE
5
91E
330
C
100
AcDbEntity
8
0
100
AcDbLine
10
81.625
20
302.732
30
0
11
81.669
21
302.837
31
0
0
LINE
5
91F
330
C
100
AcDbEntity
8
0
100
AcDbLine
10
81.669
20
302.837
30
0
11
81.723
21
302.936
31
0
0
LINE
5
920
330
C
100
AcDbEntity
8
0
100
AcDbLine
10
81.723
20
302.936
30
0
11
81.787
21
303.028
31
0
0
LINE
5
921
330
C
100
AcDbEntity
8
0
100
AcDbLine
10
81.787
20
303.028
30
0
11
81.86
21
303.114
31
0
0
LINE
5
922
330
C
100
AcDbEntity
8
0
100
AcDbLine
10
81.86
20
303.114
30
0
11
81.943
21
303.194
31
0
0
LINE
5
923
330
C
100
AcDbEntity
8
0
100
AcDbLine
10
81.943
20
303.194
30
0
11
82.036
21
303.267
31
0
0
LINE
5
924
330
C
100
AcDbEntity
8
0
100
AcDbLine
10
82.036
20
303.267
30
0
11
82.137
21
303.334
31
0
0
LINE
5
925
330
C
100
AcDbEntity
8
0
100
AcDbLine
10
82.137
20
303.334
30
0
11
82.243
21
303.393
31
0
0
LINE
5
926
330
C
100
AcDbEntity
8
0
100
AcDbLine
10
82.243
20
303.393
30
0
11
82.355
21
303.446
31
0
0
LINE
5
927
330
C
100
AcDbEntity
8
0
100
AcDbLine
10
82.355
20
303.446
30
0
11
82.473
21
303.492
31
0
0
LINE
5
928
330
C
100
AcDbEntity
8
0
100
AcDbLine
10
82.473
20
303.492
30
0
11
82.596
21
303.53
31
0
0
LINE
5
929
330
C
100
AcDbEntity
8
0
100
AcDbLine
10
82.596
20
303.53
30
0
11
82.725
21
303.562
31
0
0
LINE
5
92A
330
C
100
AcDbEntity
8
0
100
AcDbLine
10
82.725
20
303.562
30
0
11
82.86
21
303.586
31
0
0
LINE
5
92B
330
C
100
AcDbEntity
8
0
100
AcDbLine
10
82.86
20
303.586
30
0
11
83.001
21
303.604
31
0
0
LINE
5
92C
330
C
100
AcDbEntity
8
0
100
AcDbLine
10
83.001
20
303.604
30
0
11
83.147
21
303.614
31
0
0
LINE
5
92D
330
C
100
AcDbEntity
8
0
100
AcDbLine
10
83.147
20
303.614
30
0
11
83.299
21
303.618
31
0
0
LINE
5
92E
330
C
100
AcDbEntity
8
0
100
AcDbLine
10
83.299
20
303.618
30
0
11
83.299
21
303.618
31
0
0
LINE
5
92F
330
C
100
AcDbEntity
8
0
100
AcDbLine
10
83.299
20
303.618
30
0
11
83.815
21
303.294
31
0
0
LINE
5
930
330
C
100
AcDbEntity
8
0
100
AcDbLine
10
83.815
20
303.294
30
0
11
83.688
21
303.291
31
0
0
LINE
5
931
330
C
100
AcDbEntity
8
0
100
AcDbLine
10
83.688
20
303.291
30
0
11
83.568
21
303.283
31
0
0
LINE
5
932
330
C
100
AcDbEntity
8
0
100
AcDbLine
10
83.568
20
303.283
30
0
11
83.453
21
303.27
31
0
0
LINE
5
933
330
C
100
AcDbEntity
8
0
100
AcDbLine
10
83.453
20
303.27
30
0
11
83.344
21
303.251
31
0
0
LINE
5
934
330
C
100
AcDbEntity
8
0
100
AcDbLine
10
83.344
20
303.251
30
0
11
83.24
21
303.226
31
0
0
LINE
5
935
330
C
100
AcDbEntity
8
0
100
AcDbLine
10
83.24
20
303.226
30
0
11
83.143
21
303.197
31
0
0
LINE
5
936
330
C
100
AcDbEntity
8
0
100
AcDbLine
10
83.143
20
303.197
30
0
11
83.052
21
303.162
31
0
0
LINE
5
937
330
C
100
AcDbEntity
8
0
100
AcDbLine
10
83.052
20
303.162
30
0
11
82.966
21
303.121
31
0
0
LINE
5
938
330
C
100
AcDbEntity
8
0
100
AcDbLine
10
82.966
20
303.121
30
0
11
82.887
21
303.075
31
0
0
LINE
5
939
330
C
100
AcDbEntity
8
0
100
AcDbLine
10
82.887
20
303.075
30
0
11
82.813
21
303.024
31
0
0
LINE
5
93A
330
C
100
AcDbEntity
8
0
100
AcDbLine
10
82.813
20
303.024
30
0
11
82.746
21
302.968
31
0
0
LINE
5
93B
330
C
100
AcDbEntity
8
0
100
AcDbLine
10
82.746
20
302.968
30
0
11
82.686
21
302.908
31
0
0
LINE
5
93C
330
C
100
AcDbEntity
8
0
100
AcDbLine
10
82.686
20
302.908
30
0
11
82.632
21
302.844
31
0
0
LINE
5
93D
330
C
100
AcDbEntity
8
0
100
AcDbLine
10
82.632
20
302.844
30
0
11
82.586
21
302.776
31
0
0
LINE
5
93E
330
C
100
AcDbEntity
8
0
100
AcDbLine
10
82.586
20
302.776
30
0
11
82.547
21
302.704
31
0
0
LINE
5
93F
330
C
100
AcDbEntity
8
0
100
AcDbLine
10
82.547
20
302.704
30
0
11
82.516
21
302.629
31
0
0
LINE
5
940
330
C
100
AcDbEntity
8
0
100
AcDbLine
10
82.516
20
302.629
30
0
11
82.491
21
302.549
31
0
0
LINE
5
941
330
C
100
AcDbEntity
8
0
100
AcDbLine
10
82.491
20
302.549
30
0
11
82.473
21
302.465
31
0
0
LINE
5
942
330
C
100
AcDbEntity
8
0
100
AcDbLine
10
82.473
20
302.465
30
0
11
82.463
21
302.378
31
0
0
LINE
5
943
330
C
100
AcDbEntity
8
0
100
AcDbLine
10
82.463
20
302.378
30
0
11
82.459
21
302.286
31
0
0
LINE
5
944
330
C
100
AcDbEntity
8
0
100
AcDbLine
10
82.459
20
302.286
30
0
11
82.459
21
302.286
31
0
0
LINE
5
945
330
C
100
AcDbEntity
8
0
100
AcDbLine
10
82.459
20
302.286
30
0
11
82.464
21
302.194
31
0
0
LINE
5
946
330
C
100
AcDbEntity
8
0
100
AcDbLine
10
82.464
20
302.194
30
0
11
82.479
21
302.105
31
0
0
LINE
5
947
330
C
100
AcDbEntity
8
0
100
AcDbLine
10
82.479
20
302.105
30
0
11
82.504
21
302.018
31
0
0
LINE
5
948
330
C
100
AcDbEntity
8
0
100
AcDbLine
10
82.504
20
302.018
30
0
11
82.54
21
301.935
31
0
0
LINE
5
949
330
C
100
AcDbEntity
8
0
100
AcDbLine
10
82.54
20
301.935
30
0
11
82.585
21
301.854
31
0
0
LINE
5
94A
330
C
100
AcDbEntity
8
0
100
AcDbLine
10
82.585
20
301.854
30
0
11
82.64
21
301.776
31
0
0
LINE
5
94B
330
C
100
AcDbEntity
8
0
100
AcDbLine
10
82.64
20
301.776
30
0
11
82.706
21
301.701
31
0
0
LINE
5
94C
330
C
100
AcDbEntity
8
0
100
AcDbLine
10
82.706
20
301.701
30
0
11
82.782
21
301.629
31
0
0
LINE
5
94D
330
C
100
AcDbEntity
8
0
100
AcDbLine
10
82.782
20
301.629
30
0
11
82.867
21
301.56
31
0
0
LINE
5
94E
330
C
100
AcDbEntity
8
0
100
AcDbLine
10
82.867
20
301.56
30
0
11
82.963
21
301.494
31
0
0
LINE
5
94F
330
C
100
AcDbEntity
8
0
100
AcDbLine
10
82.963
20
301.494
30
0
11
83.068
21
301.432
31
0
0
LINE
5
950
330
C
100
AcDbEntity
8
0
100
AcDbLine
10
83.068
20
301.432
30
0
11
83.183
21
301.377
31
0
0
LINE
5
951
330
C
100
AcDbEntity
8
0
100
AcDbLine
10
83.183
20
301.377
30
0
11
83.308
21
301.329
31
0
0
LINE
5
952
330
C
100
AcDbEntity
8
0
100
AcDbLine
10
83.308
20
301.329
30
0
11
83.441
21
301.287
31
0
0
LINE
5
953
330
C
100
AcDbEntity
8
0
100
AcDbLine
10
83.441
20
301.287
30
0
11
83.584
21
301.251
31
0
0
LINE
5
954
330
C
100
AcDbEntity
8
0
100
AcDbLine
10
83.584
20
301.251
30
0
11
83.736
21
301.222
31
0
0
LINE
5
955
330
C
100
AcDbEntity
8
0
100
AcDbLine
10
83.736
20
301.222
30
0
11
83.898
21
301.199
31
0
0
LINE
5
956
330
C
100
AcDbEntity
8
0
100
AcDbLine
10
83.898
20
301.199
30
0
11
84.069
21
301.183
31
0
0
LINE
5
957
330
C
100
AcDbEntity
8
0
100
AcDbLine
10
84.069
20
301.183
30
0
11
84.249
21
301.173
31
0
0
LINE
5
958
330
C
100
AcDbEntity
8
0
100
AcDbLine
10
84.249
20
301.173
30
0
11
84.439
21
301.17
31
0
0
LINE
5
959
330
C
100
AcDbEntity
8
0
100
AcDbLine
10
84.439
20
301.17
30
0
11
84.439
21
301.17
31
0
0
LINE
5
95A
330
C
100
AcDbEntity
8
0
100
AcDbLine
10
84.439
20
301.17
30
0
11
84.581
21
301.172
31
0
0
LINE
5
95B
330
C
100
AcDbEntity
8
0
100
AcDbLine
10
84.581
20
301.172
30
0
11
84.72
21
301.178
31
0
0
LINE
5
95C
330
C
100
AcDbEntity
8
0
100
AcDbLine
10
84.72
20
301.178
30
0
11
84.855
21
301.189
31
0
0
LINE
5
95D
330
C
100
AcDbEntity
8
0
100
AcDbLine
10
84.855
20
301.189
30
0
11
84.987
21
301.203
31
0
0
LINE
5
95E
330
C
100
AcDbEntity
8
0
100
AcDbLine
10
84.987
20
301.203
30
0
11
85.115
21
301.222
31
0
0
LINE
5
95F
330
C
100
AcDbEntity
8
0
100
AcDbLine
10
85.115
20
301.222
30
0
11
85.239
21
301.245
31
0
0
LINE
5
960
330
C
100
AcDbEntity
8
0
100
AcDbLine
10
85.239
20
301.245
30
0
11
85.36
21
301.271
31
0
0
LINE
5
961
330
C
100
AcDbEntity
8
0
100
AcDbLine
10
85.36
20
301.271
30
0
11
85.478
21
301.302
31
0
0
LINE
5
962
330
C
100
AcDbEntity
8
0
100
AcDbLine
10
85.478
20
301.302
30
0
11
85.592
21
301.338
31
0
0
LINE
5
963
330
C
100
AcDbEntity
8
0
100
AcDbLine
10
85.592
20
301.338
30
0
11
85.702
21
301.377
31
0
0
LINE
5
964
330
C
100
AcDbEntity
8
0
100
AcDbLine
10
85.702
20
301.377
30
0
11
85.808
21
301.42
31
0
0
LINE
5
965
330
C
100
AcDbEntity
8
0
100
AcDbLine
10
85.808
20
301.42
30
0
11
85.91
21
301.465
31
0
0
LINE
5
966
330
C
100
AcDbEntity
8
0
100
AcDbLine
10
85.91
20
301.465
30
0
11
86.006
21
301.513
31
0
0
LINE
5
967
330
C
100
AcDbEntity
8
0
100
AcDbLine
10
86.006
20
301.513
30
0
11
86.098
21
301.563
31
0
0
LINE
5
968
330
C
100
AcDbEntity
8
0
100
AcDbLine
10
86.098
20
301.563
30
0
11
86.185
21
301.615
31
0
0
LINE
5
969
330
C
100
AcDbEntity
8
0
100
AcDbLine
10
86.185
20
301.615
30
0
11
86.267
21
301.671
31
0
0
LINE
5
96A
330
C
100
AcDbEntity
8
0
100
AcDbLine
10
86.267
20
301.671
30
0
11
86.345
21
301.729
31
0
0
LINE
5
96B
330
C
100
AcDbEntity
8
0
100
AcDbLine
10
86.345
20
301.729
30
0
11
86.417
21
301.789
31
0
0
LINE
5
96C
330
C
100
AcDbEntity
8
0
100
AcDbLine
10
86.417
20
301.789
30
0
11
86.485
21
301.852
31
0
0
LINE
5
96D
330
C
100
AcDbEntity
8
0
100
AcDbLine
10
86.485
20
301.852
30
0
11
86.548
21
301.917
31
0
0
LINE
5
96E
330
C
100
AcDbEntity
8
0
100
AcDbLine
10
86.548
20
301.917
30
0
11
86.606
21
301.984
31
0
0
LINE
5
96F
330
C
100
AcDbEntity
8
0
100
AcDbLine
10
86.606
20
301.984
30
0
11
86.657
21
302.052
31
0
0
LINE
5
970
330
C
100
AcDbEntity
8
0
100
AcDbLine
10
86.657
20
302.052
30
0
11
86.703
21
302.121
31
0
0
LINE
5
971
330
C
100
AcDbEntity
8
0
100
AcDbLine
10
86.703
20
302.121
30
0
11
86.742
21
302.192
31
0
0
LINE
5
972
330
C
100
AcDbEntity
8
0
100
AcDbLine
10
86.742
20
302.192
30
0
11
86.775
21
302.263
31
0
0
LINE
5
973
330
C
100
AcDbEntity
8
0
100
AcDbLine
10
86.775
20
302.263
30
0
11
86.803
21
302.335
31
0
0
LINE
5
974
330
C
100
AcDbEntity
8
0
100
AcDbLine
10
86.803
20
302.335
30
0
11
86.824
21
302.408
31
0
0
LINE
5
975
330
C
100
AcDbEntity
8
0
100
AcDbLine
10
86.824
20
302.408
30
0
11
86.839
21
302.482
31
0
0
LINE
5
976
330
C
100
AcDbEntity
8
0
100
AcDbLine
10
86.839
20
302.482
30
0
11
86.848
21
302.558
31
0
0
LINE
5
977
330
C
100
AcDbEntity
8
0
100
AcDbLine
10
86.848
20
302.558
30
0
11
86.851
21
302.634
31
0
0
LINE
5
978
330
C
100
AcDbEntity
8
0
100
AcDbLine
10
86.851
20
302.634
30
0
11
86.851
21
302.634
31
0
0
LINE
5
979
330
C
100
AcDbEntity
8
0
100
AcDbLine
10
86.851
20
302.634
30
0
11
86.849
21
302.687
31
0
0
LINE
5
97A
330
C
100
AcDbEntity
8
0
100
AcDbLine
10
86.849
20
302.687
30
0
11
86.843
21
302.739
31
0
0
LINE
5
97B
330
C
100
AcDbEntity
8
0
100
AcDbLine
10
86.843
20
302.739
30
0
11
86.833
21
302.789
31
0
0
LINE
5
97C
330
C
100
AcDbEntity
8
0
100
AcDbLine
10
86.833
20
302.789
30
0
11
86.819
21
302.838
31
0
0
LINE
5
97D
330
C
100
AcDbEntity
8
0
100
AcDbLine
10
86.819
20
302.838
30
0
11
86.802
21
302.885
31
0
0
LINE
5
97E
330
C
100
AcDbEntity
8
0
100
AcDbLine
10
86.802
20
302.885
30
0
11
86.78
21
302.931
31
0
0
LINE
5
97F
330
C
100
AcDbEntity
8
0
100
AcDbLine
10
86.78
20
302.931
30
0
11
86.754
21
302.975
31
0
0
LINE
5
980
330
C
100
AcDbEntity
8
0
100
AcDbLine
10
86.754
20
302.975
30
0
11
86.724
21
303.018
31
0
0
LINE
5
981
330
C
100
AcDbEntity
8
0
100
AcDbLine
10
86.724
20
303.018
30
0
11
86.691
21
303.059
31
0
0
LINE
5
982
330
C
100
AcDbEntity
8
0
100
AcDbLine
10
86.691
20
303.059
30
0
11
86.653
21
303.099
31
0
0
LINE
5
983
330
C
100
AcDbEntity
8
0
100
AcDbLine
10
86.653
20
303.099
30
0
11
86.611
21
303.136
31
0
0
LINE
5
984
330
C
100
AcDbEntity
8
0
100
AcDbLine
10
86.611
20
303.136
30
0
11
86.565
21
303.169
31
0
0
LINE
5
985
330
C
100
AcDbEntity
8
0
100
AcDbLine
10
86.565
20
303.169
30
0
11
86.515
21
303.198
31
0
0
LINE
5
986
330
C
100
AcDbEntity
8
0
100
AcDbLine
10
86.515
20
303.198
30
0
11
86.461
21
303.224
31
0
0
LINE
5
987
330
C
100
AcDbEntity
8
0
100
AcDbLine
10
86.461
20
303.224
30
0
11
86.403
21
303.245
31
0
0
LINE
5
988
330
C
100
AcDbEntity
8
0
100
AcDbLine
10
86.403
20
303.245
30
0
11
86.34
21
303.263
31
0
0
LINE
5
989
330
C
100
AcDbEntity
8
0
100
AcDbLine
10
86.34
20
303.263
30
0
11
86.273
21
303.276
31
0
0
LINE
5
98A
330
C
100
AcDbEntity
8
0
100
AcDbLine
10
86.273
20
303.276
30
0
11
86.202
21
303.286
31
0
0
LINE
5
98B
330
C
100
AcDbEntity
8
0
100
AcDbLine
10
86.202
20
303.286
30
0
11
86.127
21
303.292
31
0
0
LINE
5
98C
330
C
100
AcDbEntity
8
0
100
AcDbLine
10
86.127
20
303.292
30
0
11
86.047
21
303.294
31
0
0
LINE
5
98D
330
C
100
AcDbEntity
8
0
100
AcDbLine
10
86.047
20
303.294
30
0
11
86.047
21
303.294
31
0
0
LINE
5
98E
330
C
100
AcDbEntity
8
0
100
AcDbLine
10
86.047
20
303.294
30
0
11
83.815
21
303.294
31
0
0
LINE
5
98F
330
C
100
AcDbEntity
8
0
100
AcDbLine
10
83.815
20
303.294
30
0
11
83.7
21
303.296
31
0
0
LINE
5
990
330
C
100
AcDbEntity
8
0
100
AcDbLine
10
83.7
20
303.296
30
0
11
83.589
21
303.301
31
0
0
LINE
5
991
330
C
100
AcDbEntity
8
0
100
AcDbLine
10
83.589
20
303.301
30
0
11
83.48
21
303.31
31
0
0
LINE
5
992
330
C
100
AcDbEntity
8
0
100
AcDbLine
10
83.48
20
303.31
30
0
11
83.375
21
303.322
31
0
0
LINE
5
993
330
C
100
AcDbEntity
8
0
100
AcDbLine
10
83.375
20
303.322
30
0
11
83.273
21
303.338
31
0
0
LINE
5
994
330
C
100
AcDbEntity
8
0
100
AcDbLine
10
83.273
20
303.338
30
0
11
83.174
21
303.358
31
0
0
LINE
5
995
330
C
100
AcDbEntity
8
0
100
AcDbLine
10
83.174
20
303.358
30
0
11
83.078
21
303.381
31
0
0
LINE
5
996
330
C
100
AcDbEntity
8
0
100
AcDbLine
10
83.078
20
303.381
30
0
11
82.986
21
303.407
31
0
0
LINE
5
997
330
C
100
AcDbEntity
8
0
100
AcDbLine
10
82.986
20
303.407
30
0
11
82.896
21
303.437
31
0
0
LINE
5
998
330
C
100
AcDbEntity
8
0
100
AcDbLine
10
82.896
20
303.437
30
0
11
82.81
21
303.471
31
0
0
LINE
5
999
330
C
100
AcDbEntity
8
0
100
AcDbLine
10
82.81
20
303.471
30
0
11
82.727
21
303.508
31
0
0
LINE
5
99A
330
C
100
AcDbEntity
8
0
100
AcDbLine
10
82.727
20
303.508
30
0
11
82.649
21
303.546
31
0
0
LINE
5
99B
330
C
100
AcDbEntity
8
0
100
AcDbLine
10
82.649
20
303.546
30
0
11
82.574
21
303.587
31
0
0
LINE
5
99C
330
C
100
AcDbEntity
8
0
100
AcDbLine
10
82.574
20
303.587
30
0
11
82.503
21
303.63
31
0
0
LINE
5
99D
330
C
100
AcDbEntity
8
0
100
AcDbLine
10
82.503
20
303.63
30
0
11
82.436
21
303.676
31
0
0
LINE
5
99E
330
C
100
AcDbEntity
8
0
100
AcDbLine
10
82.436
20
303.676
30
0
11
82.373
21
303.723
31
0
0
LINE
5
99F
330
C
100
AcDbEntity
8
0
100
AcDbLine
10
82.373
20
303.723
30
0
11
82.313
21
303.773
31
0
0
LINE
5
9A0
330
C
100
AcDbEntity
8
0
100
AcDbLine
10
82.313
20
303.773
30
0
11
82.258
21
303.825
31
0
0
LINE
5
9A1
330
C
100
AcDbEntity
8
0
100
AcDbLine
10
82.258
20
303.825
30
0
11
82.207
21
303.88
31
0
0
LINE
5
9A2
330
C
100
AcDbEntity
8
0
100
AcDbLine
10
82.207
20
303.88
30
0
11
82.159
21
303.936
31
0
0
LINE
5
9A3
330
C
100
AcDbEntity
8
0
100
AcDbLine
10
82.159
20
303.936
30
0
11
82.116
21
303.994
31
0
0
LINE
5
9A4
330
C
100
AcDbEntity
8
0
100
AcDbLine
10
82.116
20
303.994
30
0
11
82.077
21
304.053
31
0
0
LINE
5
9A5
330
C
100
AcDbEntity
8
0
100
AcDbLine
10
82.077
20
304.053
30
0
11
82.043
21
304.114
31
0
0
LINE
5
9A6
330
C
100
AcDbEntity
8
0
100
AcDbLine
10
82.043
20
304.114
30
0
11
82.013
21
304.175
31
0
0
LINE
5
9A7
330
C
100
AcDbEntity
8
0
100
AcDbLine
10
82.013
20
304.175
30
0
11
81.988
21
304.238
31
0
0
LINE
5
9A8
330
C
100
AcDbEntity
8
0
100
AcDbLine
10
81.988
20
304.238
30
0
11
81.967
21
304.301
31
0
0
LINE
5
9A9
330
C
100
AcDbEntity
8
0
100
AcDbLine
10
81.967
20
304.301
30
0
11
81.952
21
304.366
31
0
0
LINE
5
9AA
330
C
100
AcDbEntity
8
0
100
AcDbLine
10
81.952
20
304.366
30
0
11
81.94
21
304.431
31
0
0
LINE
5
9AB
330
C
100
AcDbEntity
8
0
100
AcDbLine
10
81.94
20
304.431
30
0
11
81.933
21
304.498
31
0
0
LINE
5
9AC
330
C
100
AcDbEntity
8
0
100
AcDbLine
10
81.933
20
304.498
30
0
11
81.931
21
304.566
31
0
0
LINE
5
9AD
330
C
100
AcDbEntity
8
0
100
AcDbLine
10
81.931
20
304.566
30
0
11
81.931
21
304.566
31
0
0
LINE
5
9AE
330
C
100
AcDbEntity
8
0
100
AcDbLine
10
81.931
20
304.566
30
0
11
81.933
21
304.637
31
0
0
LINE
5
9AF
330
C
100
AcDbEntity
8
0
100
AcDbLine
10
81.933
20
304.637
30
0
11
81.939
21
304.706
31
0
0
LINE
5
9B0
330
C
100
AcDbEntity
8
0
100
AcDbLine
10
81.939
20
304.706
30
0
11
81.949
21
304.772
31
0
0
LINE
5
9B1
330
C
100
AcDbEntity
8
0
100
AcDbLine
10
81.949
20
304.772
30
0
11
81.964
21
304.837
31
0
0
LINE
5
9B2
330
C
100
AcDbEntity
8
0
100
AcDbLine
10
81.964
20
304.837
30
0
11
81.982
21
304.899
31
0
0
LINE
5
9B3
330
C
100
AcDbEntity
8
0
100
AcDbLine
10
81.982
20
304.899
30
0
11
82.004
21
304.959
31
0
0
LINE
5
9B4
330
C
100
AcDbEntity
8
0
100
AcDbLine
10
82.004
20
304.959
30
0
11
82.031
21
305.017
31
0
0
LINE
5
9B5
330
C
100
AcDbEntity
8
0
100
AcDbLine
10
82.031
20
305.017
30
0
11
82.062
21
305.073
31
0
0
LINE
5
9B6
330
C
100
AcDbEntity
8
0
100
AcDbLine
10
82.062
20
305.073
30
0
11
82.096
21
305.127
31
0
0
LINE
5
9B7
330
C
100
AcDbEntity
8
0
100
AcDbLine
10
82.096
20
305.127
30
0
11
82.135
21
305.178
31
0
0
LINE
5
9B8
330
C
100
AcDbEntity
8
0
100
AcDbLine
10
82.135
20
305.178
30
0
11
82.177
21
305.227
31
0
0
LINE
5
9B9
330
C
100
AcDbEntity
8
0
100
AcDbLine
10
82.177
20
305.227
30
0
11
82.222
21
305.274
31
0
0
LINE
5
9BA
330
C
100
AcDbEntity
8
0
100
AcDbLine
10
82.222
20
305.274
30
0
11
82.268
21
305.318
31
0
0
LINE
5
9BB
330
C
100
AcDbEntity
8
0
100
AcDbLine
10
82.268
20
305.318
30
0
11
82.318
21
305.36
31
0
0
LINE
5
9BC
330
C
100
AcDbEntity
8
0
100
AcDbLine
10
82.318
20
305.36
30
0
11
82.37
21
305.4
31
0
0
LINE
5
9BD
330
C
100
AcDbEntity
8
0
100
AcDbLine
10
82.37
20
305.4
30
0
11
82.424
21
305.437
31
0
0
LINE
5
9BE
330
C
100
AcDbEntity
8
0
100
AcDbLine
10
82.424
20
305.437
30
0
11
82.481
21
305.472
31
0
0
LINE
5
9BF
330
C
100
AcDbEntity
8
0
100
AcDbLine
10
82.481
20
305.472
30
0
11
82.54
21
305.504
31
0
0
LINE
5
9C0
330
C
100
AcDbEntity
8
0
100
AcDbLine
10
82.54
20
305.504
30
0
11
82.602
21
305.534
31
0
0
LINE
5
9C1
330
C
100
AcDbEntity
8
0
100
AcDbLine
10
82.602
20
305.534
30
0
11
82.666
21
305.562
31
0
0
LINE
5
9C2
330
C
100
AcDbEntity
8
0
100
AcDbLine
10
82.666
20
305.562
30
0
11
82.732
21
305.587
31
0
0
LINE
5
9C3
330
C
100
AcDbEntity
8
0
100
AcDbLine
10
82.732
20
305.587
30
0
11
82.799
21
305.61
31
0
0
LINE
5
9C4
330
C
100
AcDbEntity
8
0
100
AcDbLine
10
82.799
20
305.61
30
0
11
82.867
21
305.629
31
0
0
LINE
5
9C5
330
C
100
AcDbEntity
8
0
100
AcDbLine
10
82.867
20
305.629
30
0
11
82.936
21
305.646
31
0
0
LINE
5
9C6
330
C
100
AcDbEntity
8
0
100
AcDbLine
10
82.936
20
305.646
30
0
11
83.006
21
305.661
31
0
0
LINE
5
9C7
330
C
100
AcDbEntity
8
0
100
AcDbLine
10
83.006
20
305.661
30
0
11
83.077
21
305.673
31
0
0
LINE
5
9C8
330
C
100
AcDbEntity
8
0
100
AcDbLine
10
83.077
20
305.673
30
0
11
83.149
21
305.682
31
0
0
LINE
5
9C9
330
C
100
AcDbEntity
8
0
100
AcDbLine
10
83.149
20
305.682
30
0
11
83.222
21
305.689
31
0
0
LINE
5
9CA
330
C
100
AcDbEntity
8
0
100
AcDbLine
10
83.222
20
305.689
30
0
11
83.296
21
305.693
31
0
0
LINE
5
9CB
330
C
100
AcDbEntity
8
0
100
AcDbLine
10
83.296
20
305.693
30
0
11
83.371
21
305.694
31
0
0
LINE
5
9CC
330
C
100
AcDbEntity
8
0
100
AcDbLine
10
83.371
20
305.694
30
0
11
83.371
21
305.694
31
0
0
LINE
5
9CD
330
C
100
AcDbEntity
8
0
100
AcDbLine
10
83.371
20
305.694
30
0
11
83.551
21
305.346
31
0
0
LINE
5
9CE
330
C
100
AcDbEntity
8
0
100
AcDbLine
10
83.551
20
305.346
30
0
11
83.515
21
305.345
31
0
0
LINE
5
9CF
330
C
100
AcDbEntity
8
0
100
AcDbLine
10
83.515
20
305.345
30
0
11
83.479
21
305.343
31
0
0
LINE
5
9D0
330
C
100
AcDbEntity
8
0
100
AcDbLine
10
83.479
20
305.343
30
0
11
83.443
21
305.339
31
0
0
LINE
5
9D1
330
C
100
AcDbEntity
8
0
100
AcDbLine
10
83.443
20
305.339
30
0
11
83.407
21
305.333
31
0
0
LINE
5
9D2
330
C
100
AcDbEntity
8
0
100
AcDbLine
10
83.407
20
305.333
30
0
11
83.37
21
305.326
31
0
0
LINE
5
9D3
330
C
100
AcDbEntity
8
0
100
AcDbLine
10
83.37
20
305.326
30
0
11
83.334
21
305.317
31
0
0
LINE
5
9D4
330
C
100
AcDbEntity
8
0
100
AcDbLine
10
83.334
20
305.317
30
0
11
83.298
21
305.306
31
0
0
LINE
5
9D5
330
C
100
AcDbEntity
8
0
100
AcDbLine
10
83.298
20
305.306
30
0
11
83.261
21
305.294
31
0
0
LINE
5
9D6
330
C
100
AcDbEntity
8
0
100
AcDbLine
10
83.261
20
305.294
30
0
11
83.225
21
305.28
31
0
0
LINE
5
9D7
330
C
100
AcDbEntity
8
0
100
AcDbLine
10
83.225
20
305.28
30
0
11
83.188
21
305.265
31
0
0
LINE
5
9D8
330
C
100
AcDbEntity
8
0
100
AcDbLine
10
83.188
20
305.265
30
0
11
83.152
21
305.248
31
0
0
LINE
5
9D9
330
C
100
AcDbEntity
8
0
100
AcDbLine
10
83.152
20
305.248
30
0
11
83.117
21
305.229
31
0
0
LINE
5
9DA
330
C
100
AcDbEntity
8
0
100
AcDbLine
10
83.117
20
305.229
30
0
11
83.084
21
305.209
31
0
0
LINE
5
9DB
330
C
100
AcDbEntity
8
0
100
AcDbLine
10
83.084
20
305.209
30
0
11
83.051
21
305.188
31
0
0
LINE
5
9DC
330
C
100
AcDbEntity
8
0
100
AcDbLine
10
83.051
20
305.188
30
0
11
83.02
21
305.164
31
0
0
LINE
5
9DD
330
C
100
AcDbEntity
8
0
100
AcDbLine
10
83.02
20
305.164
30
0
11
82.99
21
305.14
31
0
0
LINE
5
9DE
330
C
100
AcDbEntity
8
0
100
AcDbLine
10
82.99
20
305.14
30
0
11
82.961
21
305.113
31
0
0
LINE
5
9DF
330
C
100
AcDbEntity
8
0
100
AcDbLine
10
82.961
20
305.113
30
0
11
82.934
21
305.085
31
0
0
LINE
5
9E0
330
C
100
AcDbEntity
8
0
100
AcDbLine
10
82.934
20
305.085
30
0
11
82.907
21
305.056
31
0
0
LINE
5
9E1
330
C
100
AcDbEntity
8
0
100
AcDbLine
10
82.907
20
305.056
30
0
11
82.882
21
305.025
31
0
0
LINE
5
9E2
330
C
100
AcDbEntity
8
0
100
AcDbLine
10
82.882
20
305.025
30
0
11
82.859
21
304.992
31
0
0
LINE
5
9E3
330
C
100
AcDbEntity
8
0
100
AcDbLine
10
82.859
20
304.992
30
0
11
82.838
21
304.958
31
0
0
LINE
5
9E4
330
C
100
AcDbEntity
8
0
100
AcDbLine
10
82.838
20
304.958
30
0
11
82.819
21
304.922
31
0
0
LINE
5
9E5
330
C
100
AcDbEntity
8
0
100
AcDbLine
10
82.819
20
304.922
30
0
11
82.803
21
304.885
31
0
0
LINE
5
9E6
330
C
100
AcDbEntity
8
0
100
AcDbLine
10
82.803
20
304.885
30
0
11
82.79
21
304.846
31
0
0
LINE
5
9E7
330
C
100
AcDbEntity
8
0
100
AcDbLine
10
82.79
20
304.846
30
0
11
82.779
21
304.805
31
0
0
LINE
5
9E8
330
C
100
AcDbEntity
8
0
100
AcDbLine
10
82.779
20
304.805
30
0
11
82.77
21
304.763
31
0
0
LINE
5
9E9
330
C
100
AcDbEntity
8
0
100
AcDbLine
10
82.77
20
304.763
30
0
11
82.764
21
304.719
31
0
0
LINE
5
9EA
330
C
100
AcDbEntity
8
0
100
AcDbLine
10
82.764
20
304.719
30
0
11
82.76
21
304.673
31
0
0
LINE
5
9EB
330
C
100
AcDbEntity
8
0
100
AcDbLine
10
82.76
20
304.673
30
0
11
82.759
21
304.626
31
0
0
LINE
5
9EC
330
C
100
AcDbEntity
8
0
100
AcDbLine
10
82.759
20
304.626
30
0
11
82.759
21
304.626
31
0
0
LINE
5
9ED
330
C
100
AcDbEntity
8
0
100
AcDbLine
10
82.759
20
304.626
30
0
11
82.761
21
304.572
31
0
0
LINE
5
9EE
330
C
100
AcDbEntity
8
0
100
AcDbLine
10
82.761
20
304.572
30
0
11
82.768
21
304.519
31
0
0
LINE
5
9EF
330
C
100
AcDbEntity
8
0
100
AcDbLine
10
82.768
20
304.519
30
0
11
82.78
21
304.469
31
0
0
LINE
5
9F0
330
C
100
AcDbEntity
8
0
100
AcDbLine
10
82.78
20
304.469
30
0
11
82.795
21
304.42
31
0
0
LINE
5
9F1
330
C
100
AcDbEntity
8
0
100
AcDbLine
10
82.795
20
304.42
30
0
11
82.816
21
304.373
31
0
0
LINE
5
9F2
330
C
100
AcDbEntity
8
0
100
AcDbLine
10
82.816
20
304.373
30
0
11
82.841
21
304.327
31
0
0
LINE
5
9F3
330
C
100
AcDbEntity
8
0
100
AcDbLine
10
82.841
20
304.327
30
0
11
82.871
21
304.284
31
0
0
LINE
5
9F4
330
C
100
AcDbEntity
8
0
100
AcDbLine
10
82.871
20
304.284
30
0
11
82.905
21
304.242
31
0
0
LINE
5
9F5
330
C
100
AcDbEntity
8
0
100
AcDbLine
10
82.905
20
304.242
30
0
11
82.944
21
304.202
31
0
0
LINE
5
9F6
330
C
100
AcDbEntity
8
0
100
AcDbLine
10
82.944
20
304.202
30
0
11
82.987
21
304.164
31
0
0
LINE
5
9F7
330
C
100
AcDbEntity
8
0
100
AcDbLine
10
82.987
20
304.164
30
0
11
83.036
21
304.129
31
0
0
LINE
5
9F8
330
C
100
AcDbEntity
8
0
100
AcDbLine
10
83.036
20
304.129
30
0
11
83.093
21
304.097
31
0
0
LINE
5
9F9
330
C
100
AcDbEntity
8
0
100
AcDbLine
10
83.093
20
304.097
30
0
11
83.157
21
304.069
31
0
0
LINE
5
9FA
330
C
100
AcDbEntity
8
0
100
AcDbLine
10
83.157
20
304.069
30
0
11
83.229
21
304.045
31
0
0
LINE
5
9FB
330
C
100
AcDbEntity
8
0
100
AcDbLine
10
83.229
20
304.045
30
0
11
83.308
21
304.024
31
0
0
LINE
5
9FC
330
C
100
AcDbEntity
8
0
100
AcDbLine
10
83.308
20
304.024
30
0
11
83.395
21
304.008
31
0
0
LINE
5
9FD
330
C
100
AcDbEntity
8
0
100
AcDbLine
10
83.395
20
304.008
30
0
11
83.488
21
303.995
31
0
0
LINE
5
9FE
330
C
100
AcDbEntity
8
0
100
AcDbLine
10
83.488
20
303.995
30
0
11
83.59
21
303.985
31
0
0
LINE
5
9FF
330
C
100
AcDbEntity
8
0
100
AcDbLine
10
83.59
20
303.985
30
0
11
83.699
21
303.98
31
0
0
LINE
5
A00
330
C
100
AcDbEntity
8
0
100
AcDbLine
10
83.699
20
303.98
30
0
11
83.815
21
303.978
31
0
0
LINE
5
A01
330
C
100
AcDbEntity
8
0
100
AcDbLine
10
83.815
20
303.978
30
0
11
83.815
21
303.978
31
0
0
LINE
5
A02
330
C
100
AcDbEntity
8
0
100
AcDbLine
10
83.815
20
303.978
30
0
11
86.047
21
303.978
31
0
0
LINE
5
A03
330
C
100
AcDbEntity
8
0
100
AcDbLine
10
86.047
20
303.978
30
0
11
86.206
21
303.975
31
0
0
LINE
5
A04
330
C
100
AcDbEntity
8
0
100
AcDbLine
10
86.206
20
303.975
30
0
11
86.357
21
303.964
31
0
0
LINE
5
A05
330
C
100
AcDbEntity
8
0
100
AcDbLine
10
86.357
20
303.964
30
0
11
86.502
21
303.947
31
0
0
LINE
5
A06
330
C
100
AcDbEntity
8
0
100
AcDbLine
10
86.502
20
303.947
30
0
11
86.64
21
303.923
31
0
0
LINE
5
A07
330
C
100
AcDbEntity
8
0
100
AcDbLine
10
86.64
20
303.923
30
0
11
86.771
21
303.892
31
0
0
LINE
5
A08
330
C
100
AcDbEntity
8
0
100
AcDbLine
10
86.771
20
303.892
30
0
11
86.895
21
303.855
31
0
0
LINE
5
A09
330
C
100
AcDbEntity
8
0
100
AcDbLine
10
86.895
20
303.855
30
0
11
87.012
21
303.81
31
0
0
LINE
5
A0A
330
C
100
AcDbEntity
8
0
100
AcDbLine
10
87.012
20
303.81
30
0
11
87.122
21
303.759
31
0
0
LINE
5
A0B
330
C
100
AcDbEntity
8
0
100
AcDbLine
10
87.122
20
303.759
30
0
11
87.226
21
303.701
31
0
0
LINE
5
A0C
330
C
100
AcDbEntity
8
0
100
AcDbLine
10
87.226
20
303.701
30
0
11
87.322
21
303.636
31
0
0
LINE
5
A0D
330
C
100
AcDbEntity
8
0
100
AcDbLine
10
87.322
20
303.636
30
0
11
87.41
21
303.565
31
0
0
LINE
5
A0E
330
C
100
AcDbEntity
8
0
100
AcDbLine
10
87.41
20
303.565
30
0
11
87.489
21
303.488
31
0
0
LINE
5
A0F
330
C
100
AcDbEntity
8
0
100
AcDbLine
10
87.489
20
303.488
30
0
11
87.559
21
303.406
31
0
0
LINE
5
A10
330
C
100
AcDbEntity
8
0
100
AcDbLine
10
87.559
20
303.406
30
0
11
87.62
21
303.319
31
0
0
LINE
5
A11
330
C
100
AcDbEntity
8
0
100
AcDbLine
10
87.62
20
303.319
30
0
11
87.671
21
303.226
31
0
0
LINE
5
A12
330
C
100
AcDbEntity
8
0
100
AcDbLine
10
87.671
20
303.226
30
0
11
87.713
21
303.128
31
0
0
LINE
5
A13
330
C
100
AcDbEntity
8
0
100
AcDbLine
10
87.713
20
303.128
30
0
11
87.745
21
303.025
31
0
0
LINE
5
A14
330
C
100
AcDbEntity
8
0
100
AcDbLine
10
87.745
20
303.025
30
0
11
87.768
21
302.916
31
0
0
LINE
5
A15
330
C
100
AcDbEntity
8
0
100
AcDbLine
10
87.768
20
302.916
30
0
11
87.782
21
302.802
31
0
0
LINE
5
A16
330
C
100
AcDbEntity
8
0
100
AcDbLine
10
87.782
20
302.802
30
0
11
87.787
21
302.682
31
0
0
LINE
5
A17
330
C
100
AcDbEntity
8
0
100
AcDbLine
10
87.787
20
302.682
30
0
11
87.787
21
302.682
31
0
0
LINE
5
A18
330
C
100
AcDbEntity
8
0
100
AcDbLine
10
87.787
20
302.682
30
0
11
87.783
21
302.57
31
0
0
LINE
5
A19
330
C
100
AcDbEntity
8
0
100
AcDbLine
10
87.783
20
302.57
30
0
11
87.771
21
302.458
31
0
0
LINE
5
A1A
330
C
100
AcDbEntity
8
0
100
AcDbLine
10
87.771
20
302.458
30
0
11
87.751
21
302.348
31
0
0
LINE
5
A1B
330
C
100
AcDbEntity
8
0
100
AcDbLine
10
87.751
20
302.348
30
0
11
87.723
21
302.238
31
0
0
LINE
5
A1C
330
C
100
AcDbEntity
8
0
100
AcDbLine
10
87.723
20
302.238
30
0
11
87.686
21
302.129
31
0
0
LINE
5
A1D
330
C
100
AcDbEntity
8
0
100
AcDbLine
10
87.686
20
302.129
30
0
11
87.642
21
302.021
31
0
0
LINE
5
A1E
330
C
100
AcDbEntity
8
0
100
AcDbLine
10
87.642
20
302.021
30
0
11
87.59
21
301.914
31
0
0
LINE
5
A1F
330
C
100
AcDbEntity
8
0
100
AcDbLine
10
87.59
20
301.914
30
0
11
87.53
21
301.808
31
0
0
LINE
5
A20
330
C
100
AcDbEntity
8
0
100
AcDbLine
10
87.53
20
301.808
30
0
11
87.461
21
301.703
31
0
0
LINE
5
A21
330
C
100
AcDbEntity
8
0
100
AcDbLine
10
87.461
20
301.703
30
0
11
87.385
21
301.599
31
0
0
LINE
5
A22
330
C
100
AcDbEntity
8
0
100
AcDbLine
10
87.385
20
301.599
30
0
11
87.301
21
301.497
31
0
0
LINE
5
A23
330
C
100
AcDbEntity
8
0
100
AcDbLine
10
87.301
20
301.497
30
0
11
87.21
21
301.399
31
0
0
LINE
5
A24
330
C
100
AcDbEntity
8
0
100
AcDbLine
10
87.21
20
301.399
30
0
11
87.112
21
301.304
31
0
0
LINE
5
A25
330
C
100
AcDbEntity
8
0
100
AcDbLine
10
87.112
20
301.304
30
0
11
87.008
21
301.214
31
0
0
LINE
5
A26
330
C
100
AcDbEntity
8
0
100
AcDbLine
10
87.008
20
301.214
30
0
11
86.896
21
301.127
31
0
0
LINE
5
A27
330
C
100
AcDbEntity
8
0
100
AcDbLine
10
86.896
20
301.127
30
0
11
86.777
21
301.043
31
0
0
LINE
5
A28
330
C
100
AcDbEntity
8
0
100
AcDbLine
10
86.777
20
301.043
30
0
11
86.652
21
300.964
31
0
0
LINE
5
A29
330
C
100
AcDbEntity
8
0
100
AcDbLine
10
86.652
20
300.964
30
0
11
86.519
21
300.888
31
0
0
LINE
5
A2A
330
C
100
AcDbEntity
8
0
100
AcDbLine
10
86.519
20
300.888
30
0
11
86.38
21
300.815
31
0
0
LINE
5
A2B
330
C
100
AcDbEntity
8
0
100
AcDbLine
10
86.38
20
300.815
30
0
11
86.233
21
300.747
31
0
0
LINE
5
A2C
330
C
100
AcDbEntity
8
0
100
AcDbLine
10
86.233
20
300.747
30
0
11
86.08
21
300.684
31
0
0
LINE
5
A2D
330
C
100
AcDbEntity
8
0
100
AcDbLine
10
86.08
20
300.684
30
0
11
85.921
21
300.627
31
0
0
LINE
5
A2E
330
C
100
AcDbEntity
8
0
100
AcDbLine
10
85.921
20
300.627
30
0
11
85.757
21
300.577
31
0
0
LINE
5
A2F
330
C
100
AcDbEntity
8
0
100
AcDbLine
10
85.757
20
300.577
30
0
11
85.586
21
300.534
31
0
0
LINE
5
A30
330
C
100
AcDbEntity
8
0
100
AcDbLine
10
85.586
20
300.534
30
0
11
85.409
21
300.497
31
0
0
LINE
5
A31
330
C
100
AcDbEntity
8
0
100
AcDbLine
10
85.409
20
300.497
30
0
11
85.227
21
300.467
31
0
0
LINE
5
A32
330
C
100
AcDbEntity
8
0
100
AcDbLine
10
85.227
20
300.467
30
0
11
85.039
21
300.444
31
0
0
LINE
5
A33
330
C
100
AcDbEntity
8
0
100
AcDbLine
10
85.039
20
300.444
30
0
11
84.845
21
300.427
31
0
0
LINE
5
A34
330
C
100
AcDbEntity
8
0
100
AcDbLine
10
84.845
20
300.427
30
0
11
84.645
21
300.417
31
0
0
LINE
5
A35
330
C
100
AcDbEntity
8
0
100
AcDbLine
10
84.645
20
300.417
30
0
11
84.439
21
300.414
31
0
0
LINE
5
A36
330
C
100
AcDbEntity
8
0
100
AcDbLine
10
84.439
20
300.414
30
0
11
84.439
21
300.414
31
0
0
LINE
5
A37
330
C
100
AcDbEntity
8
0
100
AcDbLine
10
84.607
20
305.046
30
0
11
84.607
21
305.046
31
0
0
LINE
5
A38
330
C
100
AcDbEntity
8
0
100
AcDbLine
10
84.607
20
305.046
30
0
11
84.476
21
305.049
31
0
0
LINE
5
A39
330
C
100
AcDbEntity
8
0
100
AcDbLine
10
84.476
20
305.049
30
0
11
84.348
21
305.057
31
0
0
LINE
5
A3A
330
C
100
AcDbEntity
8
0
100
AcDbLine
10
84.348
20
305.057
30
0
11
84.223
21
305.07
31
0
0
LINE
5
A3B
330
C
100
AcDbEntity
8
0
100
AcDbLine
10
84.223
20
305.07
30
0
11
84.1
21
305.088
31
0
0
LINE
5
A3C
330
C
100
AcDbEntity
8
0
100
AcDbLine
10
84.1
20
305.088
30
0
11
83.979
21
305.112
31
0
0
LINE
5
A3D
330
C
100
AcDbEntity
8
0
100
AcDbLine
10
83.979
20
305.112
30
0
11
83.861
21
305.141
31
0
0
LINE
5
A3E
330
C
100
AcDbEntity
8
0
100
AcDbLine
10
83.861
20
305.141
30
0
11
83.746
21
305.175
31
0
0
LINE
5
A3F
330
C
100
AcDbEntity
8
0
100
AcDbLine
10
83.746
20
305.175
30
0
11
83.634
21
305.215
31
0
0
LINE
5
A40
330
C
100
AcDbEntity
8
0
100
AcDbLine
10
83.634
20
305.215
30
0
11
83.523
21
305.26
31
0
0
LINE
5
A41
330
C
100
AcDbEntity
8
0
100
AcDbLine
10
83.523
20
305.26
30
0
11
83.416
21
305.31
31
0
0
LINE
5
A42
330
C
100
AcDbEntity
8
0
100
AcDbLine
10
83.416
20
305.31
30
0
11
83.312
21
305.365
31
0
0
LINE
5
A43
330
C
100
AcDbEntity
8
0
100
AcDbLine
10
83.312
20
305.365
30
0
11
83.212
21
305.424
31
0
0
LINE
5
A44
330
C
100
AcDbEntity
8
0
100
AcDbLine
10
83.212
20
305.424
30
0
11
83.117
21
305.487
31
0
0
LINE
5
A45
330
C
100
AcDbEntity
8
0
100
AcDbLine
10
83.117
20
305.487
30
0
11
83.027
21
305.555
31
0
0
LINE
5
A46
330
C
100
AcDbEntity
8
0
100
AcDbLine
10
83.027
20
305.555
30
0
11
82.941
21
305.627
31
0
0
LINE
5
A47
330
C
100
AcDbEntity
8
0
100
AcDbLine
10
82.941
20
305.627
30
0
11
82.859
21
305.702
31
0
0
LINE
5
A48
330
C
100
AcDbEntity
8
0
100
AcDbLine
10
82.859
20
305.702
30
0
11
82.781
21
305.783
31
0
0
LINE
5
A49
330
C
100
AcDbEntity
8
0
100
AcDbLine
10
82.781
20
305.783
30
0
11
82.708
21
305.867
31
0
0
LINE
5
A4A
330
C
100
AcDbEntity
8
0
100
AcDbLine
10
82.708
20
305.867
30
0
11
82.64
21
305.955
31
0
0
LINE
5
A4B
330
C
100
AcDbEntity
8
0
100
AcDbLine
10
82.64
20
305.955
30
0
11
82.576
21
306.048
31
0
0
LINE
5
A4C
330
C
100
AcDbEntity
8
0
100
AcDbLine
10
82.576
20
306.048
30
0
11
82.517
21
306.144
31
0
0
LINE
5
A4D
330
C
100
AcDbEntity
8
0
100
AcDbLine
10
82.517
20
306.144
30
0
11
82.465
21
306.244
31
0
0
LINE
5
A4E
330
C
100
AcDbEntity
8
0
100
AcDbLine
10
82.465
20
306.244
30
0
11
82.418
21
306.346
31
0
0
LINE
5
A4F
330
C
100
AcDbEntity
8
0
100
AcDbLine
10
82.418
20
306.346
30
0
11
82.378
21
306.451
31
0
0
LINE
5
A50
330
C
100
AcDbEntity
8
0
100
AcDbLine
10
82.378
20
306.451
30
0
11
82.344
21
306.56
31
0
0
LINE
5
A51
330
C
100
AcDbEntity
8
0
100
AcDbLine
10
82.344
20
306.56
30
0
11
82.316
21
306.671
31
0
0
LINE
5
A52
330
C
100
AcDbEntity
8
0
100
AcDbLine
10
82.316
20
306.671
30
0
11
82.295
21
306.785
31
0
0
LINE
5
A53
330
C
100
AcDbEntity
8
0
100
AcDbLine
10
82.295
20
306.785
30
0
11
82.279
21
306.902
31
0
0
LINE
5
A54
330
C
100
AcDbEntity
8
0
100
AcDbLine
10
82.279
20
306.902
30
0
11
82.27
21
307.023
31
0
0
LINE
5
A55
330
C
100
AcDbEntity
8
0
100
AcDbLine
10
82.27
20
307.023
30
0
11
82.267
21
307.146
31
0
0
LINE
5
A56
330
C
100
AcDbEntity
8
0
100
AcDbLine
10
82.267
20
307.146
30
0
11
82.267
21
307.146
31
0
0
LINE
5
A57
330
C
100
AcDbEntity
8
0
100
AcDbLine
10
82.267
20
307.146
30
0
11
82.27
21
307.27
31
0
0
LINE
5
A58
330
C
100
AcDbEntity
8
0
100
AcDbLine
10
82.27
20
307.27
30
0
11
82.279
21
307.392
31
0
0
LINE
5
A59
330
C
100
AcDbEntity
8
0
100
AcDbLine
10
82.279
20
307.392
30
0
11
82.295
21
307.51
31
0
0
LINE
5
A5A
330
C
100
AcDbEntity
8
0
100
AcDbLine
10
82.295
20
307.51
30
0
11
82.316
21
307.625
31
0
0
LINE
5
A5B
330
C
100
AcDbEntity
8
0
100
AcDbLine
10
82.316
20
307.625
30
0
11
82.344
21
307.737
31
0
0
LINE
5
A5C
330
C
100
AcDbEntity
8
0
100
AcDbLine
10
82.344
20
307.737
30
0
11
82.378
21
307.846
31
0
0
LINE
5
A5D
330
C
100
AcDbEntity
8
0
100
AcDbLine
10
82.378
20
307.846
30
0
11
82.418
21
307.952
31
0
0
LINE
5
A5E
330
C
100
AcDbEntity
8
0
100
AcDbLine
10
82.418
20
307.952
30
0
11
82.465
21
308.054
31
0
0
LINE
5
A5F
330
C
100
AcDbEntity
8
0
100
AcDbLine
10
82.465
20
308.054
30
0
11
82.517
21
308.154
31
0
0
LINE
5
A60
330
C
100
AcDbEntity
8
0
100
AcDbLine
10
82.517
20
308.154
30
0
11
82.576
21
308.25
31
0
0
LINE
5
A61
330
C
100
AcDbEntity
8
0
100
AcDbLine
10
82.576
20
308.25
30
0
11
82.64
21
308.343
31
0
0
LINE
5
A62
330
C
100
AcDbEntity
8
0
100
AcDbLine
10
82.64
20
308.343
30
0
11
82.708
21
308.431
31
0
0
LINE
5
A63
330
C
100
AcDbEntity
8
0
100
AcDbLine
10
82.708
20
308.431
30
0
11
82.781
21
308.515
31
0
0
LINE
5
A64
330
C
100
AcDbEntity
8
0
100
AcDbLine
10
82.781
20
308.515
30
0
11
82.859
21
308.595
31
0
0
LINE
5
A65
330
C
100
AcDbEntity
8
0
100
AcDbLine
10
82.859
20
308.595
30
0
11
82.941
21
308.671
31
0
0
LINE
5
A66
330
C
100
AcDbEntity
8
0
100
AcDbLine
10
82.941
20
308.671
30
0
11
83.027
21
308.742
31
0
0
LINE
5
A67
330
C
100
AcDbEntity
8
0
100
AcDbLine
10
83.027
20
308.742
30
0
11
83.117
21
308.809
31
0
0
LINE
5
A68
330
C
100
AcDbEntity
8
0
100
AcDbLine
10
83.117
20
308.809
30
0
11
83.212
21
308.872
31
0
0
LINE
5
A69
330
C
100
AcDbEntity
8
0
100
AcDbLine
10
83.212
20
308.872
30
0
11
83.312
21
308.931
31
0
0
LINE
5
A6A
330
C
100
AcDbEntity
8
0
100
AcDbLine
10
83.312
20
308.931
30
0
11
83.416
21
308.985
31
0
0
LINE
5
A6B
330
C
100
AcDbEntity
8
0
100
AcDbLine
10
83.416
20
308.985
30
0
11
83.523
21
309.035
31
0
0
LINE
5
A6C
330
C
100
AcDbEntity
8
0
100
AcDbLine
10
83.523
20
309.035
30
0
11
83.634
21
309.079
31
0
0
LINE
5
A6D
330
C
100
AcDbEntity
8
0
100
AcDbLine
10
83.634
20
309.079
30
0
11
83.746
21
309.118
31
0
0
LINE
5
A6E
330
C
100
AcDbEntity
8
0
100
AcDbLine
10
83.746
20
309.118
30
0
11
83.861
21
309.152
31
0
0
LINE
5
A6F
330
C
100
AcDbEntity
8
0
100
AcDbLine
10
83.861
20
309.152
30
0
11
83.979
21
309.181
31
0
0
LINE
5
A70
330
C
100
AcDbEntity
8
0
100
AcDbLine
10
83.979
20
309.181
30
0
11
84.1
21
309.204
31
0
0
LINE
5
A71
330
C
100
AcDbEntity
8
0
100
AcDbLine
10
84.1
20
309.204
30
0
11
84.223
21
309.223
31
0
0
LINE
5
A72
330
C
100
AcDbEntity
8
0
100
AcDbLine
10
84.223
20
309.223
30
0
11
84.348
21
309.236
31
0
0
LINE
5
A73
330
C
100
AcDbEntity
8
0
100
AcDbLine
10
84.348
20
309.236
30
0
11
84.476
21
309.243
31
0
0
LINE
5
A74
330
C
100
AcDbEntity
8
0
100
AcDbLine
10
84.476
20
309.243
30
0
11
84.607
21
309.246
31
0
0
LINE
5
A75
330
C
100
AcDbEntity
8
0
100
AcDbLine
10
84.607
20
309.246
30
0
11
84.607
21
309.246
31
0
0
LINE
5
A76
330
C
100
AcDbEntity
8
0
100
AcDbLine
10
84.607
20
309.246
30
0
11
84.734
21
309.243
31
0
0
LINE
5
A77
330
C
100
AcDbEntity
8
0
100
AcDbLine
10
84.734
20
309.243
30
0
11
84.859
21
309.236
31
0
0
LINE
5
A78
330
C
100
AcDbEntity
8
0
100
AcDbLine
10
84.859
20
309.236
30
0
11
84.982
21
309.223
31
0
0
LINE
5
A79
330
C
100
AcDbEntity
8
0
100
AcDbLine
10
84.982
20
309.223
30
0
11
85.102
21
309.204
31
0
0
LINE
5
A7A
330
C
100
AcDbEntity
8
0
100
AcDbLine
10
85.102
20
309.204
30
0
11
85.22
21
309.181
31
0
0
LINE
5
A7B
330
C
100
AcDbEntity
8
0
100
AcDbLine
10
85.22
20
309.181
30
0
11
85.335
21
309.152
31
0
0
LINE
5
A7C
330
C
100
AcDbEntity
8
0
100
AcDbLine
10
85.335
20
309.152
30
0
11
85.448
21
309.118
31
0
0
LINE
5
A7D
330
C
100
AcDbEntity
8
0
100
AcDbLine
10
85.448
20
309.118
30
0
11
85.559
21
309.079
31
0
0
LINE
5
A7E
330
C
100
AcDbEntity
8
0
100
AcDbLine
10
85.559
20
309.079
30
0
11
85.668
21
309.035
31
0
0
LINE
5
A7F
330
C
100
AcDbEntity
8
0
100
AcDbLine
10
85.668
20
309.035
30
0
11
85.774
21
308.985
31
0
0
LINE
5
A80
330
C
100
AcDbEntity
8
0
100
AcDbLine
10
85.774
20
308.985
30
0
11
85.877
21
308.931
31
0
0
LINE
5
A81
330
C
100
AcDbEntity
8
0
100
AcDbLine
10
85.877
20
308.931
30
0
11
85.975
21
308.872
31
0
0
LINE
5
A82
330
C
100
AcDbEntity
8
0
100
AcDbLine
10
85.975
20
308.872
30
0
11
86.07
21
308.809
31
0
0
LINE
5
A83
330
C
100
AcDbEntity
8
0
100
AcDbLine
10
86.07
20
308.809
30
0
11
86.16
21
308.742
31
0
0
LINE
5
A84
330
C
100
AcDbEntity
8
0
100
AcDbLine
10
86.16
20
308.742
30
0
11
86.246
21
308.671
31
0
0
LINE
5
A85
330
C
100
AcDbEntity
8
0
100
AcDbLine
10
86.246
20
308.671
30
0
11
86.327
21
308.595
31
0
0
LINE
5
A86
330
C
100
AcDbEntity
8
0
100
AcDbLine
10
86.327
20
308.595
30
0
11
86.405
21
308.515
31
0
0
LINE
5
A87
330
C
100
AcDbEntity
8
0
100
AcDbLine
10
86.405
20
308.515
30
0
11
86.478
21
308.431
31
0
0
LINE
5
A88
330
C
100
AcDbEntity
8
0
100
AcDbLine
10
86.478
20
308.431
30
0
11
86.546
21
308.343
31
0
0
LINE
5
A89
330
C
100
AcDbEntity
8
0
100
AcDbLine
10
86.546
20
308.343
30
0
11
86.611
21
308.25
31
0
0
LINE
5
A8A
330
C
100
AcDbEntity
8
0
100
AcDbLine
10
86.611
20
308.25
30
0
11
86.67
21
308.154
31
0
0
LINE
5
A8B
330
C
100
AcDbEntity
8
0
100
AcDbLine
10
86.67
20
308.154
30
0
11
86.723
21
308.054
31
0
0
LINE
5
A8C
330
C
100
AcDbEntity
8
0
100
AcDbLine
10
86.723
20
308.054
30
0
11
86.77
21
307.952
31
0
0
LINE
5
A8D
330
C
100
AcDbEntity
8
0
100
AcDbLine
10
86.77
20
307.952
30
0
11
86.811
21
307.846
31
0
0
LINE
5
A8E
330
C
100
AcDbEntity
8
0
100
AcDbLine
10
86.811
20
307.846
30
0
11
86.845
21
307.737
31
0
0
LINE
5
A8F
330
C
100
AcDbEntity
8
0
100
AcDbLine
10
86.845
20
307.737
30
0
11
86.873
21
307.625
31
0
0
LINE
5
A90
330
C
100
AcDbEntity
8
0
100
AcDbLine
10
86.873
20
307.625
30
0
11
86.895
21
307.51
31
0
0
LINE
5
A91
330
C
100
AcDbEntity
8
0
100
AcDbLine
10
86.895
20
307.51
30
0
11
86.911
21
307.392
31
0
0
LINE
5
A92
330
C
100
AcDbEntity
8
0
100
AcDbLine
10
86.911
20
307.392
30
0
11
86.92
21
307.27
31
0
0
LINE
5
A93
330
C
100
AcDbEntity
8
0
100
AcDbLine
10
86.92
20
307.27
30
0
11
86.923
21
307.146
31
0
0
LINE
5
A94
330
C
100
AcDbEntity
8
0
100
AcDbLine
10
86.923
20
307.146
30
0
11
86.923
21
307.146
31
0
0
LINE
5
A95
330
C
100
AcDbEntity
8
0
100
AcDbLine
10
86.923
20
307.146
30
0
11
86.92
21
307.023
31
0
0
LINE
5
A96
330
C
100
AcDbEntity
8
0
100
AcDbLine
10
86.92
20
307.023
30
0
11
86.911
21
306.902
31
0
0
LINE
5
A97
330
C
100
AcDbEntity
8
0
100
AcDbLine
10
86.911
20
306.902
30
0
11
86.895
21
306.785
31
0
0
LINE
5
A98
330
C
100
AcDbEntity
8
0
100
AcDbLine
10
86.895
20
306.785
30
0
11
86.873
21
306.671
31
0
0
LINE
5
A99
330
C
100
AcDbEntity
8
0
100
AcDbLine
10
86.873
20
306.671
30
0
11
86.845
21
306.56
31
0
0
LINE
5
A9A
330
C
100
AcDbEntity
8
0
100
AcDbLine
10
86.845
20
306.56
30
0
11
86.811
21
306.451
31
0
0
LINE
5
A9B
330
C
100
AcDbEntity
8
0
100
AcDbLine
10
86.811
20
306.451
30
0
11
86.77
21
306.346
31
0
0
LINE
5
A9C
330
C
100
AcDbEntity
8
0
100
AcDbLine
10
86.77
20
306.346
30
0
11
86.723
21
306.244
31
0
0
LINE
5
A9D
330
C
100
AcDbEntity
8
0
100
AcDbLine
10
86.723
20
306.244
30
0
11
86.67
21
306.144
31
0
0
LINE
5
A9E
330
C
100
AcDbEntity
8
0
100
AcDbLine
10
86.67
20
306.144
30
0
11
86.611
21
306.048
31
0
0
LINE
5
A9F
330
C
100
AcDbEntity
8
0
100
AcDbLine
10
86.611
20
306.048
30
0
11
86.546
21
305.955
31
0
0
LINE
5
AA0
330
C
100
AcDbEntity
8
0
100
AcDbLine
10
86.546
20
305.955
30
0
11
86.478
21
305.867
31
0
0
LINE
5
AA1
330
C
100
AcDbEntity
8
0
100
AcDbLine
10
86.478
20
305.867
30
0
11
86.405
21
305.783
31
0
0
LINE
5
AA2
330
C
100
AcDbEntity
8
0
100
AcDbLine
10
86.405
20
305.783
30
0
11
86.327
21
305.702
31
0
0
LINE
5
AA3
330
C
100
AcDbEntity
8
0
100
AcDbLine
10
86.327
20
305.702
30
0
11
86.246
21
305.627
31
0
0
LINE
5
AA4
330
C
100
AcDbEntity
8
0
100
AcDbLine
10
86.246
20
305.627
30
0
11
86.16
21
305.555
31
0
0
LINE
5
AA5
330
C
100
AcDbEntity
8
0
100
AcDbLine
10
86.16
20
305.555
30
0
11
86.07
21
305.487
31
0
0
LINE
5
AA6
330
C
100
AcDbEntity
8
0
100
AcDbLine
10
86.07
20
305.487
30
0
11
85.975
21
305.424
31
0
0
LINE
5
AA7
330
C
100
AcDbEntity
8
0
100
AcDbLine
10
85.975
20
305.424
30
0
11
85.877
21
305.365
31
0
0
LINE
5
AA8
330
C
100
AcDbEntity
8
0
100
AcDbLine
10
85.877
20
305.365
30
0
11
85.774
21
305.31
31
0
0
LINE
5
AA9
330
C
100
AcDbEntity
8
0
100
AcDbLine
10
85.774
20
305.31
30
0
11
85.668
21
305.26
31
0
0
LINE
5
AAA
330
C
100
AcDbEntity
8
0
100
AcDbLine
10
85.668
20
305.26
30
0
11
85.559
21
305.215
31
0
0
LINE
5
AAB
330
C
100
AcDbEntity
8
0
100
AcDbLine
10
85.559
20
305.215
30
0
11
85.448
21
305.175
31
0
0
LINE
5
AAC
330
C
100
AcDbEntity
8
0
100
AcDbLine
10
85.448
20
305.175
30
0
11
85.335
21
305.141
31
0
0
LINE
5
AAD
330
C
100
AcDbEntity
8
0
100
AcDbLine
10
85.335
20
305.141
30
0
11
85.22
21
305.112
31
0
0
LINE
5
AAE
330
C
100
AcDbEntity
8
0
100
AcDbLine
10
85.22
20
305.112
30
0
11
85.102
21
305.088
31
0
0
LINE
5
AAF
330
C
100
AcDbEntity
8
0
100
AcDbLine
10
85.102
20
305.088
30
0
11
84.982
21
305.07
31
0
0
LINE
5
AB0
330
C
100
AcDbEntity
8
0
100
AcDbLine
10
84.982
20
305.07
30
0
11
84.859
21
305.057
31
0
0
LINE
5
AB1
330
C
100
AcDbEntity
8
0
100
AcDbLine
10
84.859
20
305.057
30
0
11
84.734
21
305.049
31
0
0
LINE
5
AB2
330
C
100
AcDbEntity
8
0
100
AcDbLine
10
84.734
20
305.049
30
0
11
84.607
21
305.046
31
0
0
LINE
5
AB3
330
C
100
AcDbEntity
8
0
100
AcDbLine
10
84.607
20
305.046
30
0
11
84.607
21
305.046
31
0
0
LINE
5
AB4
330
C
100
AcDbEntity
8
0
100
AcDbLine
10
84.607
20
305.718
30
0
11
84.607
21
305.718
31
0
0
LINE
5
AB5
330
C
100
AcDbEntity
8
0
100
AcDbLine
10
84.607
20
305.718
30
0
11
84.736
21
305.722
31
0
0
LINE
5
AB6
330
C
100
AcDbEntity
8
0
100
AcDbLine
10
84.736
20
305.722
30
0
11
84.859
21
305.734
31
0
0
LINE
5
AB7
330
C
100
AcDbEntity
8
0
100
AcDbLine
10
84.859
20
305.734
30
0
11
84.977
21
305.755
31
0
0
LINE
5
AB8
330
C
100
AcDbEntity
8
0
100
AcDbLine
10
84.977
20
305.755
30
0
11
85.088
21
305.783
31
0
0
LINE
5
AB9
330
C
100
AcDbEntity
8
0
100
AcDbLine
10
85.088
20
305.783
30
0
11
85.194
21
305.82
31
0
0
LINE
5
ABA
330
C
100
AcDbEntity
8
0
100
AcDbLine
10
85.194
20
305.82
30
0
11
85.293
21
305.865
31
0
0
LINE
5
ABB
330
C
100
AcDbEntity
8
0
100
AcDbLine
10
85.293
20
305.865
30
0
11
85.387
21
305.918
31
0
0
LINE
5
ABC
330
C
100
AcDbEntity
8
0
100
AcDbLine
10
85.387
20
305.918
30
0
11
85.475
21
305.979
31
0
0
LINE
5
ABD
330
C
100
AcDbEntity
8
0
100
AcDbLine
10
85.475
20
305.979
30
0
11
85.557
21
306.048
31
0
0
LINE
5
ABE
330
C
100
AcDbEntity
8
0
100
AcDbLine
10
85.557
20
306.048
30
0
11
85.633
21
306.126
31
0
0
LINE
5
ABF
330
C
100
AcDbEntity
8
0
100
AcDbLine
10
85.633
20
306.126
30
0
11
85.703
21
306.21
31
0
0
LINE
5
AC0
330
C
100
AcDbEntity
8
0
100
AcDbLine
10
85.703
20
306.21
30
0
11
85.765
21
306.297
31
0
0
LINE
5
AC1
330
C
100
AcDbEntity
8
0
100
AcDbLine
10
85.765
20
306.297
30
0
11
85.82
21
306.389
31
0
0
LINE
5
AC2
330
C
100
AcDbEntity
8
0
100
AcDbLine
10
85.82
20
306.389
30
0
11
85.867
21
306.485
31
0
0
LINE
5
AC3
330
C
100
AcDbEntity
8
0
100
AcDbLine
10
85.867
20
306.485
30
0
11
85.907
21
306.585
31
0
0
LINE
5
AC4
330
C
100
AcDbEntity
8
0
100
AcDbLine
10
85.907
20
306.585
30
0
11
85.94
21
306.689
31
0
0
LINE
5
AC5
330
C
100
AcDbEntity
8
0
100
AcDbLine
10
85.94
20
306.689
30
0
11
85.966
21
306.797
31
0
0
LINE
5
AC6
330
C
100
AcDbEntity
8
0
100
AcDbLine
10
85.966
20
306.797
30
0
11
85.984
21
306.909
31
0
0
LINE
5
AC7
330
C
100
AcDbEntity
8
0
100
AcDbLine
10
85.984
20
306.909
30
0
11
85.995
21
307.026
31
0
0
LINE
5
AC8
330
C
100
AcDbEntity
8
0
100
AcDbLine
10
85.995
20
307.026
30
0
11
85.999
21
307.146
31
0
0
LINE
5
AC9
330
C
100
AcDbEntity
8
0
100
AcDbLine
10
85.999
20
307.146
30
0
11
85.999
21
307.146
31
0
0
LINE
5
ACA
330
C
100
AcDbEntity
8
0
100
AcDbLine
10
85.999
20
307.146
30
0
11
85.995
21
307.27
31
0
0
LINE
5
ACB
330
C
100
AcDbEntity
8
0
100
AcDbLine
10
85.995
20
307.27
30
0
11
85.984
21
307.389
31
0
0
LINE
5
ACC
330
C
100
AcDbEntity
8
0
100
AcDbLine
10
85.984
20
307.389
30
0
11
85.966
21
307.503
31
0
0
LINE
5
ACD
330
C
100
AcDbEntity
8
0
100
AcDbLine
10
85.966
20
307.503
30
0
11
85.94
21
307.612
31
0
0
LINE
5
ACE
330
C
100
AcDbEntity
8
0
100
AcDbLine
10
85.94
20
307.612
30
0
11
85.907
21
307.717
31
0
0
LINE
5
ACF
330
C
100
AcDbEntity
8
0
100
AcDbLine
10
85.907
20
307.717
30
0
11
85.867
21
307.817
31
0
0
LINE
5
AD0
330
C
100
AcDbEntity
8
0
100
AcDbLine
10
85.867
20
307.817
30
0
11
85.82
21
307.912
31
0
0
LINE
5
AD1
330
C
100
AcDbEntity
8
0
100
AcDbLine
10
85.82
20
307.912
30
0
11
85.765
21
308.002
31
0
0
LINE
5
AD2
330
C
100
AcDbEntity
8
0
100
AcDbLine
10
85.765
20
308.002
30
0
11
85.703
21
308.088
31
0
0
LINE
5
AD3
330
C
100
AcDbEntity
8
0
100
AcDbLine
10
85.703
20
308.088
30
0
11
85.633
21
308.169
31
0
0
LINE
5
AD4
330
C
100
AcDbEntity
8
0
100
AcDbLine
10
85.633
20
308.169
30
0
11
85.557
21
308.244
31
0
0
LINE
5
AD5
330
C
100
AcDbEntity
8
0
100
AcDbLine
10
85.557
20
308.244
30
0
11
85.475
21
308.31
31
0
0
LINE
5
AD6
330
C
100
AcDbEntity
8
0
100
AcDbLine
10
85.475
20
308.31
30
0
11
85.387
21
308.369
31
0
0
LINE
5
AD7
330
C
100
AcDbEntity
8
0
100
AcDbLine
10
85.387
20
308.369
30
0
11
85.293
21
308.421
31
0
0
LINE
5
AD8
330
C
100
AcDbEntity
8
0
100
AcDbLine
10
85.293
20
308.421
30
0
11
85.194
21
308.464
31
0
0
LINE
5
AD9
330
C
100
AcDbEntity
8
0
100
AcDbLine
10
85.194
20
308.464
30
0
11
85.088
21
308.499
31
0
0
LINE
5
ADA
330
C
100
AcDbEntity
8
0
100
AcDbLine
10
85.088
20
308.499
30
0
11
84.977
21
308.527
31
0
0
LINE
5
ADB
330
C
100
AcDbEntity
8
0
100
AcDbLine
10
84.977
20
308.527
30
0
11
84.859
21
308.546
31
0
0
LINE
5
ADC
330
C
100
AcDbEntity
8
0
100
AcDbLine
10
84.859
20
308.546
30
0
11
84.736
21
308.558
31
0
0
LINE
5
ADD
330
C
100
AcDbEntity
8
0
100
AcDbLine
10
84.736
20
308.558
30
0
11
84.607
21
308.562
31
0
0
LINE
5
ADE
330
C
100
AcDbEntity
8
0
100
AcDbLine
10
84.607
20
308.562
30
0
11
84.607
21
308.562
31
0
0
LINE
5
ADF
330
C
100
AcDbEntity
8
0
100
AcDbLine
10
84.607
20
308.562
30
0
11
84.479
21
308.558
31
0
0
LINE
5
AE0
330
C
100
AcDbEntity
8
0
100
AcDbLine
10
84.479
20
308.558
30
0
11
84.357
21
308.546
31
0
0
LINE
5
AE1
330
C
100
AcDbEntity
8
0
100
AcDbLine
10
84.357
20
308.546
30
0
11
84.24
21
308.527
31
0
0
LINE
5
AE2
330
C
100
AcDbEntity
8
0
100
AcDbLine
10
84.24
20
308.527
30
0
11
84.128
21
308.499
31
0
0
LINE
5
AE3
330
C
100
AcDbEntity
8
0
100
AcDbLine
10
84.128
20
308.499
30
0
11
84.023
21
308.464
31
0
0
LINE
5
AE4
330
C
100
AcDbEntity
8
0
100
AcDbLine
10
84.023
20
308.464
30
0
11
83.923
21
308.421
31
0
0
LINE
5
AE5
330
C
100
AcDbEntity
8
0
100
AcDbLine
10
83.923
20
308.421
30
0
11
83.828
21
308.369
31
0
0
LINE
5
AE6
330
C
100
AcDbEntity
8
0
100
AcDbLine
10
83.828
20
308.369
30
0
11
83.739
21
308.31
31
0
0
LINE
5
AE7
330
C
100
AcDbEntity
8
0
100
AcDbLine
10
83.739
20
308.31
30
0
11
83.656
21
308.244
31
0
0
LINE
5
AE8
330
C
100
AcDbEntity
8
0
100
AcDbLine
10
83.656
20
308.244
30
0
11
83.578
21
308.169
31
0
0
LINE
5
AE9
330
C
100
AcDbEntity
8
0
100
AcDbLine
10
83.578
20
308.169
30
0
11
83.507
21
308.088
31
0
0
LINE
5
AEA
330
C
100
AcDbEntity
8
0
100
AcDbLine
10
83.507
20
308.088
30
0
11
83.443
21
308.002
31
0
0
LINE
5
AEB
330
C
100
AcDbEntity
8
0
100
AcDbLine
10
83.443
20
308.002
30
0
11
83.387
21
307.912
31
0
0
LINE
5
AEC
330
C
100
AcDbEntity
8
0
100
AcDbLine
10
83.387
20
307.912
30
0
11
83.338
21
307.817
31
0
0
LINE
5
AED
330
C
100
AcDbEntity
8
0
100
AcDbLine
10
83.338
20
307.817
30
0
11
83.297
21
307.717
31
0
0
LINE
5
AEE
330
C
100
AcDbEntity
8
0
100
AcDbLine
10
83.297
20
307.717
30
0
11
83.263
21
307.612
31
0
0
LINE
5
AEF
330
C
100
AcDbEntity
8
0
100
AcDbLine
10
83.263
20
307.612
30
0
11
83.237
21
307.503
31
0
0
LINE
5
AF0
330
C
100
AcDbEntity
8
0
100
AcDbLine
10
83.237
20
307.503
30
0
11
83.218
21
307.389
31
0
0
LINE
5
AF1
330
C
100
AcDbEntity
8
0
100
AcDbLine
10
83.218
20
307.389
30
0
11
83.207
21
307.27
31
0
0
LINE
5
AF2
330
C
100
AcDbEntity
8
0
100
AcDbLine
10
83.207
20
307.27
30
0
11
83.203
21
307.146
31
0
0
LINE
5
AF3
330
C
100
AcDbEntity
8
0
100
AcDbLine
10
83.203
20
307.146
30
0
11
83.203
21
307.146
31
0
0
LINE
5
AF4
330
C
100
AcDbEntity
8
0
100
AcDbLine
10
83.203
20
307.146
30
0
11
83.207
21
307.026
31
0
0
LINE
5
AF5
330
C
100
AcDbEntity
8
0
100
AcDbLine
10
83.207
20
307.026
30
0
11
83.218
21
306.909
31
0
0
LINE
5
AF6
330
C
100
AcDbEntity
8
0
100
AcDbLine
10
83.218
20
306.909
30
0
11
83.237
21
306.797
31
0
0
LINE
5
AF7
330
C
100
AcDbEntity
8
0
100
AcDbLine
10
83.237
20
306.797
30
0
11
83.263
21
306.689
31
0
0
LINE
5
AF8
330
C
100
AcDbEntity
8
0
100
AcDbLine
10
83.263
20
306.689
30
0
11
83.297
21
306.585
31
0
0
LINE
5
AF9
330
C
100
AcDbEntity
8
0
100
AcDbLine
10
83.297
20
306.585
30
0
11
83.338
21
306.485
31
0
0
LINE
5
AFA
330
C
100
AcDbEntity
8
0
100
AcDbLine
10
83.338
20
306.485
30
0
11
83.387
21
306.389
31
0
0
LINE
5
AFB
330
C
100
AcDbEntity
8
0
100
AcDbLine
10
83.387
20
306.389
30
0
11
83.443
21
306.297
31
0
0
LINE
5
AFC
330
C
100
AcDbEntity
8
0
100
AcDbLine
10
83.443
20
306.297
30
0
11
83.507
21
306.21
31
0
0
LINE
5
AFD
330
C
100
AcDbEntity
8
0
100
AcDbLine
10
83.507
20
306.21
30
0
11
83.578
21
306.126
31
0
0
LINE
5
AFE
330
C
100
AcDbEntity
8
0
100
AcDbLine
10
83.578
20
306.126
30
0
11
83.656
21
306.048
31
0
0
LINE
5
AFF
330
C
100
AcDbEntity
8
0
100
AcDbLine
10
83.656
20
306.048
30
0
11
83.739
21
305.979
31
0
0
LINE
5
B00
330
C
100
AcDbEntity
8
0
100
AcDbLine
10
83.739
20
305.979
30
0
11
83.828
21
305.918
31
0
0
LINE
5
B01
330
C
100
AcDbEntity
8
0
100
AcDbLine
10
83.828
20
305.918
30
0
11
83.923
21
305.865
31
0
0
LINE
5
B02
330
C
100
AcDbEntity
8
0
100
AcDbLine
10
83.923
20
305.865
30
0
11
84.023
21
305.82
31
0
0
LINE
5
B03
330
C
100
AcDbEntity
8
0
100
AcDbLine
10
84.023
20
305.82
30
0
11
84.128
21
305.783
31
0
0
LINE
5
B04
330
C
100
AcDbEntity
8
0
100
AcDbLine
10
84.128
20
305.783
30
0
11
84.24
21
305.755
31
0
0
LINE
5
B05
330
C
100
AcDbEntity
8
0
100
AcDbLine
10
84.24
20
305.755
30
0
11
84.357
21
305.734
31
0
0
LINE
5
B06
330
C
100
AcDbEntity
8
0
100
AcDbLine
10
84.357
20
305.734
30
0
11
84.479
21
305.722
31
0
0
LINE
5
B07
330
C
100
AcDbEntity
8
0
100
AcDbLine
10
84.479
20
305.722
30
0
11
84.607
21
305.718
31
0
0
LINE
5
B08
330
C
100
AcDbEntity
8
0
100
AcDbLine
10
84.607
20
305.718
30
0
11
84.607
21
305.718
31
0
0
LINE
5
B09
330
C
100
AcDbEntity
8
0
100
AcDbLine
10
86.491
20
308.334
30
0
11
86.491
21
308.334
31
0
0
LINE
5
B0A
330
C
100
AcDbEntity
8
0
100
AcDbLine
10
86.491
20
308.334
30
0
11
86.047
21
308.514
31
0
0
LINE
5
B0B
330
C
100
AcDbEntity
8
0
100
AcDbLine
10
86.047
20
308.514
30
0
11
86.049
21
308.614
31
0
0
LINE
5
B0C
330
C
100
AcDbEntity
8
0
100
AcDbLine
10
86.049
20
308.614
30
0
11
86.055
21
308.711
31
0
0
LINE
5
B0D
330
C
100
AcDbEntity
8
0
100
AcDbLine
10
86.055
20
308.711
30
0
11
86.065
21
308.805
31
0
0
LINE
5
B0E
330
C
100
AcDbEntity
8
0
100
AcDbLine
10
86.065
20
308.805
30
0
11
86.079
21
308.898
31
0
0
LINE
5
B0F
330
C
100
AcDbEntity
8
0
100
AcDbLine
10
86.079
20
308.898
30
0
11
86.097
21
308.987
31
0
0
LINE
5
B10
330
C
100
AcDbEntity
8
0
100
AcDbLine
10
86.097
20
308.987
30
0
11
86.118
21
309.075
31
0
0
LINE
5
B11
330
C
100
AcDbEntity
8
0
100
AcDbLine
10
86.118
20
309.075
30
0
11
86.144
21
309.159
31
0
0
LINE
5
B12
330
C
100
AcDbEntity
8
0
100
AcDbLine
10
86.144
20
309.159
30
0
11
86.174
21
309.242
31
0
0
LINE
5
B13
330
C
100
AcDbEntity
8
0
100
AcDbLine
10
86.174
20
309.242
30
0
11
86.207
21
309.322
31
0
0
LINE
5
B14
330
C
100
AcDbEntity
8
0
100
AcDbLine
10
86.207
20
309.322
30
0
11
86.245
21
309.399
31
0
0
LINE
5
B15
330
C
100
AcDbEntity
8
0
100
AcDbLine
10
86.245
20
309.399
30
0
11
86.286
21
309.474
31
0
0
LINE
5
B16
330
C
100
AcDbEntity
8
0
100
AcDbLine
10
86.286
20
309.474
30
0
11
86.331
21
309.545
31
0
0
LINE
5
B17
330
C
100
AcDbEntity
8
0
100
AcDbLine
10
86.331
20
309.545
30
0
11
86.379
21
309.612
31
0
0
LINE
5
B18
330
C
100
AcDbEntity
8
0
100
AcDbLine
10
86.379
20
309.612
30
0
11
86.43
21
309.677
31
0
0
LINE
5
B19
330
C
100
AcDbEntity
8
0
100
AcDbLine
10
86.43
20
309.677
30
0
11
86.485
21
309.738
31
0
0
LINE
5
B1A
330
C
100
AcDbEntity
8
0
100
AcDbLine
10
86.485
20
309.738
30
0
11
86.543
21
309.796
31
0
0
LINE
5
B1B
330
C
100
AcDbEntity
8
0
100
AcDbLine
10
86.543
20
309.796
30
0
11
86.605
21
309.85
31
0
0
LINE
5
B1C
330
C
100
AcDbEntity
8
0
100
AcDbLine
10
86.605
20
309.85
30
0
11
86.669
21
309.901
31
0
0
LINE
5
B1D
330
C
100
AcDbEntity
8
0
100
AcDbLine
10
86.669
20
309.901
30
0
11
86.737
21
309.949
31
0
0
LINE
5
B1E
330
C
100
AcDbEntity
8
0
100
AcDbLine
10
86.737
20
309.949
30
0
11
86.809
21
309.993
31
0
0
LINE
5
B1F
330
C
100
AcDbEntity
8
0
100
AcDbLine
10
86.809
20
309.993
30
0
11
86.884
21
310.033
31
0
0
LINE
5
B20
330
C
100
AcDbEntity
8
0
100
AcDbLine
10
86.884
20
310.033
30
0
11
86.961
21
310.07
31
0
0
LINE
5
B21
330
C
100
AcDbEntity
8
0
100
AcDbLine
10
86.961
20
310.07
30
0
11
87.041
21
310.102
31
0
0
LINE
5
B22
330
C
100
AcDbEntity
8
0
100
AcDbLine
10
87.041
20
310.102
30
0
11
87.124
21
310.129
31
0
0
LINE
5
B23
330
C
100
AcDbEntity
8
0
100
AcDbLine
10
87.124
20
310.129
30
0
11
87.21
21
310.153
31
0
0
LINE
5
B24
330
C
100
AcDbEntity
8
0
100
AcDbLine
10
87.21
20
310.153
30
0
11
87.298
21
310.172
31
0
0
LINE
5
B25
330
C
100
AcDbEntity
8
0
100
AcDbLine
10
87.298
20
310.172
30
0
11
87.389
21
310.187
31
0
0
LINE
5
B26
330
C
100
AcDbEntity
8
0
100
AcDbLine
10
87.389
20
310.187
30
0
11
87.483
21
310.197
31
0
0
LINE
5
B27
330
C
100
AcDbEntity
8
0
100
AcDbLine
10
87.483
20
310.197
30
0
11
87.58
21
310.204
31
0
0
LINE
5
B28
330
C
100
AcDbEntity
8
0
100
AcDbLine
10
87.58
20
310.204
30
0
11
87.679
21
310.206
31
0
0
LINE
5
B29
330
C
100
AcDbEntity
8
0
100
AcDbLine
10
87.679
20
310.206
30
0
11
87.679
21
310.206
31
0
0
LINE
5
B2A
330
C
100
AcDbEntity
8
0
100
AcDbLine
10
87.679
20
310.206
30
0
11
87.607
21
309.282
31
0
0
LINE
5
B2B
330
C
100
AcDbEntity
8
0
100
AcDbLine
10
87.607
20
309.282
30
0
11
87.502
21
309.28
31
0
0
LINE
5
B2C
330
C
100
AcDbEntity
8
0
100
AcDbLine
10
87.502
20
309.28
30
0
11
87.401
21
309.273
31
0
0
LINE
5
B2D
330
C
100
AcDbEntity
8
0
100
AcDbLine
10
87.401
20
309.273
30
0
11
87.306
21
309.261
31
0
0
LINE
5
B2E
330
C
100
AcDbEntity
8
0
100
AcDbLine
10
87.306
20
309.261
30
0
11
87.215
21
309.245
31
0
0
LINE
5
B2F
330
C
100
AcDbEntity
8
0
100
AcDbLine
10
87.215
20
309.245
30
0
11
87.13
21
309.224
31
0
0
LINE
5
B30
330
C
100
AcDbEntity
8
0
100
AcDbLine
10
87.13
20
309.224
30
0
11
87.05
21
309.199
31
0
0
LINE
5
B31
330
C
100
AcDbEntity
8
0
100
AcDbLine
10
87.05
20
309.199
30
0
11
86.974
21
309.169
31
0
0
LINE
5
B32
330
C
100
AcDbEntity
8
0
100
AcDbLine
10
86.974
20
309.169
30
0
11
86.904
21
309.134
31
0
0
LINE
5
B33
330
C
100
AcDbEntity
8
0
100
AcDbLine
10
86.904
20
309.134
30
0
11
86.839
21
309.095
31
0
0
LINE
5
B34
330
C
100
AcDbEntity
8
0
100
AcDbLine
10
86.839
20
309.095
30
0
11
86.779
21
309.051
31
0
0
LINE
5
B35
330
C
100
AcDbEntity
8
0
100
AcDbLine
10
86.779
20
309.051
30
0
11
86.724
21
309.002
31
0
0
LINE
5
B36
330
C
100
AcDbEntity
8
0
100
AcDbLine
10
86.724
20
309.002
30
0
11
86.675
21
308.948
31
0
0
LINE
5
B37
330
C
100
AcDbEntity
8
0
100
AcDbLine
10
86.675
20
308.948
30
0
11
86.632
21
308.889
31
0
0
LINE
5
B38
330
C
100
AcDbEntity
8
0
100
AcDbLine
10
86.632
20
308.889
30
0
11
86.595
21
308.825
31
0
0
LINE
5
B39
330
C
100
AcDbEntity
8
0
100
AcDbLine
10
86.595
20
308.825
30
0
11
86.563
21
308.756
31
0
0
LINE
5
B3A
330
C
100
AcDbEntity
8
0
100
AcDbLine
10
86.563
20
308.756
30
0
11
86.537
21
308.682
31
0
0
LINE
5
B3B
330
C
100
AcDbEntity
8
0
100
AcDbLine
10
86.537
20
308.682
30
0
11
86.517
21
308.603
31
0
0
LINE
5
B3C
330
C
100
AcDbEntity
8
0
100
AcDbLine
10
86.517
20
308.603
30
0
11
86.503
21
308.518
31
0
0
LINE
5
B3D
330
C
100
AcDbEntity
8
0
100
AcDbLine
10
86.503
20
308.518
30
0
11
86.494
21
308.429
31
0
0
LINE
5
B3E
330
C
100
AcDbEntity
8
0
100
AcDbLine
10
86.494
20
308.429
30
0
11
86.491
21
308.334
31
0
0
LINE
5
B3F
330
C
100
AcDbEntity
8
0
100
AcDbLine
10
86.491
20
308.334
30
0
11
86.491
21
308.334
31
0
0
LINE
5
B40
330
C
100
AcDbEntity
8
0
100
AcDbLine
10
94.189
20
303.366
30
0
11
93.265
21
303.366
31
0
0
LINE
5
B41
330
C
100
AcDbEntity
8
0
100
AcDbLine
10
93.265
20
303.366
30
0
11
93.265
21
306.738
31
0
0
LINE
5
B42
330
C
100
AcDbEntity
8
0
100
AcDbLine
10
93.265
20
306.738
30
0
11
93.261
21
306.898
31
0
0
LINE
5
B43
330
C
100
AcDbEntity
8
0
100
AcDbLine
10
93.261
20
306.898
30
0
11
93.249
21
307.051
31
0
0
LINE
5
B44
330
C
100
AcDbEntity
8
0
100
AcDbLine
10
93.249
20
307.051
30
0
11
93.23
21
307.196
31
0
0
LINE
5
B45
330
C
100
AcDbEntity
8
0
100
AcDbLine
10
93.23
20
307.196
30
0
11
93.202
21
307.333
31
0
0
LINE
5
B46
330
C
100
AcDbEntity
8
0
100
AcDbLine
10
93.202
20
307.333
30
0
11
93.167
21
307.462
31
0
0
LINE
5
B47
330
C
100
AcDbEntity
8
0
100
AcDbLine
10
93.167
20
307.462
30
0
11
93.124
21
307.583
31
0
0
LINE
5
B48
330
C
100
AcDbEntity
8
0
100
AcDbLine
10
93.124
20
307.583
30
0
11
93.072
21
307.696
31
0
0
LINE
5
B49
330
C
100
AcDbEntity
8
0
100
AcDbLine
10
93.072
20
307.696
30
0
11
93.013
21
307.802
31
0
0
LINE
5
B4A
330
C
100
AcDbEntity
8
0
100
AcDbLine
10
93.013
20
307.802
30
0
11
92.947
21
307.899
31
0
0
LINE
5
B4B
330
C
100
AcDbEntity
8
0
100
AcDbLine
10
92.947
20
307.899
30
0
11
92.872
21
307.989
31
0
0
LINE
5
B4C
330
C
100
AcDbEntity
8
0
100
AcDbLine
10
92.872
20
307.989
30
0
11
92.791
21
308.071
31
0
0
LINE
5
B4D
330
C
100
AcDbEntity
8
0
100
AcDbLine
10
92.791
20
308.071
30
0
11
92.703
21
308.143
31
0
0
LINE
5
B4E
330
C
100
AcDbEntity
8
0
100
AcDbLine
10
92.703
20
308.143
30
0
11
92.611
21
308.208
31
0
0
LINE
5
B4F
330
C
100
AcDbEntity
8
0
100
AcDbLine
10
92.611
20
308.208
30
0
11
92.512
21
308.264
31
0
0
LINE
5
B50
330
C
100
AcDbEntity
8
0
100
AcDbLine
10
92.512
20
308.264
30
0
11
92.408
21
308.311
31
0
0
LINE
5
B51
330
C
100
AcDbEntity
8
0
100
AcDbLine
10
92.408
20
308.311
30
0
11
92.298
21
308.349
31
0
0
LINE
5
B52
330
C
100
AcDbEntity
8
0
100
AcDbLine
10
92.298
20
308.349
30
0
11
92.182
21
308.379
31
0
0
LINE
5
B53
330
C
100
AcDbEntity
8
0
100
AcDbLine
10
92.182
20
308.379
30
0
11
92.061
21
308.401
31
0
0
LINE
5
B54
330
C
100
AcDbEntity
8
0
100
AcDbLine
10
92.061
20
308.401
30
0
11
91.934
21
308.414
31
0
0
LINE
5
B55
330
C
100
AcDbEntity
8
0
100
AcDbLine
10
91.934
20
308.414
30
0
11
91.801
21
308.418
31
0
0
LINE
5
B56
330
C
100
AcDbEntity
8
0
100
AcDbLine
10
91.801
20
308.418
30
0
11
91.801
21
308.418
31
0
0
LINE
5
B57
330
C
100
AcDbEntity
8
0
100
AcDbLine
10
91.801
20
308.418
30
0
11
91.699
21
308.415
31
0
0
LINE
5
B58
330
C
100
AcDbEntity
8
0
100
AcDbLine
10
91.699
20
308.415
30
0
11
91.6
21
308.407
31
0
0
LINE
5
B59
330
C
100
AcDbEntity
8
0
100
AcDbLine
10
91.6
20
308.407
30
0
11
91.504
21
308.393
31
0
0
LINE
5
B5A
330
C
100
AcDbEntity
8
0
100
AcDbLine
10
91.504
20
308.393
30
0
11
91.41
21
308.373
31
0
0
LINE
5
B5B
330
C
100
AcDbEntity
8
0
100
AcDbLine
10
91.41
20
308.373
30
0
11
91.32
21
308.348
31
0
0
LINE
5
B5C
330
C
100
AcDbEntity
8
0
100
AcDbLine
10
91.32
20
308.348
30
0
11
91.231
21
308.316
31
0
0
LINE
5
B5D
330
C
100
AcDbEntity
8
0
100
AcDbLine
10
91.231
20
308.316
30
0
11
91.146
21
308.28
31
0
0
LINE
5
B5E
330
C
100
AcDbEntity
8
0
100
AcDbLine
10
91.146
20
308.28
30
0
11
91.064
21
308.238
31
0
0
LINE
5
B5F
330
C
100
AcDbEntity
8
0
100
AcDbLine
10
91.064
20
308.238
30
0
11
90.984
21
308.19
31
0
0
LINE
5
B60
330
C
100
AcDbEntity
8
0
100
AcDbLine
10
90.984
20
308.19
30
0
11
90.907
21
308.136
31
0
0
LINE
5
B61
330
C
100
AcDbEntity
8
0
100
AcDbLine
10
90.907
20
308.136
30
0
11
90.833
21
308.077
31
0
0
LINE
5
B62
330
C
100
AcDbEntity
8
0
100
AcDbLine
10
90.833
20
308.077
30
0
11
90.763
21
308.013
31
0
0
LINE
5
B63
330
C
100
AcDbEntity
8
0
100
AcDbLine
10
90.763
20
308.013
30
0
11
90.696
21
307.945
31
0
0
LINE
5
B64
330
C
100
AcDbEntity
8
0
100
AcDbLine
10
90.696
20
307.945
30
0
11
90.632
21
307.872
31
0
0
LINE
5
B65
330
C
100
AcDbEntity
8
0
100
AcDbLine
10
90.632
20
307.872
30
0
11
90.573
21
307.793
31
0
0
LINE
5
B66
330
C
100
AcDbEntity
8
0
100
AcDbLine
10
90.573
20
307.793
30
0
11
90.516
21
307.71
31
0
0
LINE
5
B67
330
C
100
AcDbEntity
8
0
100
AcDbLine
10
90.516
20
307.71
30
0
11
90.463
21
307.622
31
0
0
LINE
5
B68
330
C
100
AcDbEntity
8
0
100
AcDbLine
10
90.463
20
307.622
30
0
11
90.414
21
307.529
31
0
0
LINE
5
B69
330
C
100
AcDbEntity
8
0
100
AcDbLine
10
90.414
20
307.529
30
0
11
90.368
21
307.432
31
0
0
LINE
5
B6A
330
C
100
AcDbEntity
8
0
100
AcDbLine
10
90.368
20
307.432
30
0
11
90.325
21
307.329
31
0
0
LINE
5
B6B
330
C
100
AcDbEntity
8
0
100
AcDbLine
10
90.325
20
307.329
30
0
11
90.286
21
307.222
31
0
0
LINE
5
B6C
330
C
100
AcDbEntity
8
0
100
AcDbLine
10
90.286
20
307.222
30
0
11
90.252
21
307.111
31
0
0
LINE
5
B6D
330
C
100
AcDbEntity
8
0
100
AcDbLine
10
90.252
20
307.111
30
0
11
90.221
21
306.996
31
0
0
LINE
5
B6E
330
C
100
AcDbEntity
8
0
100
AcDbLine
10
90.221
20
306.996
30
0
11
90.194
21
306.877
31
0
0
LINE
5
B6F
330
C
100
AcDbEntity
8
0
100
AcDbLine
10
90.194
20
306.877
30
0
11
90.172
21
306.754
31
0
0
LINE
5
B70
330
C
100
AcDbEntity
8
0
100
AcDbLine
10
90.172
20
306.754
30
0
11
90.154
21
306.627
31
0
0
LINE
5
B71
330
C
100
AcDbEntity
8
0
100
AcDbLine
10
90.154
20
306.627
30
0
11
90.139
21
306.496
31
0
0
LINE
5
B72
330
C
100
AcDbEntity
8
0
100
AcDbLine
10
90.139
20
306.496
30
0
11
90.129
21
306.36
31
0
0
LINE
5
B73
330
C
100
AcDbEntity
8
0
100
AcDbLine
10
90.129
20
306.36
30
0
11
90.123
21
306.221
31
0
0
LINE
5
B74
330
C
100
AcDbEntity
8
0
100
AcDbLine
10
90.123
20
306.221
30
0
11
90.121
21
306.078
31
0
0
LINE
5
B75
330
C
100
AcDbEntity
8
0
100
AcDbLine
10
90.121
20
306.078
30
0
11
90.121
21
306.078
31
0
0
LINE
5
B76
330
C
100
AcDbEntity
8
0
100
AcDbLine
10
90.121
20
306.078
30
0
11
89.761
21
306.078
31
0
0
LINE
5
B77
330
C
100
AcDbEntity
8
0
100
AcDbLine
10
89.761
20
306.078
30
0
11
89.764
21
306.275
31
0
0
LINE
5
B78
330
C
100
AcDbEntity
8
0
100
AcDbLine
10
89.764
20
306.275
30
0
11
89.772
21
306.467
31
0
0
LINE
5
B79
330
C
100
AcDbEntity
8
0
100
AcDbLine
10
89.772
20
306.467
30
0
11
89.785
21
306.653
31
0
0
LINE
5
B7A
330
C
100
AcDbEntity
8
0
100
AcDbLine
10
89.785
20
306.653
30
0
11
89.803
21
306.833
31
0
0
LINE
5
B7B
330
C
100
AcDbEntity
8
0
100
AcDbLine
10
89.803
20
306.833
30
0
11
89.827
21
307.007
31
0
0
LINE
5
B7C
330
C
100
AcDbEntity
8
0
100
AcDbLine
10
89.827
20
307.007
30
0
11
89.856
21
307.175
31
0
0
LINE
5
B7D
330
C
100
AcDbEntity
8
0
100
AcDbLine
10
89.856
20
307.175
30
0
11
89.89
21
307.337
31
0
0
LINE
5
B7E
330
C
100
AcDbEntity
8
0
100
AcDbLine
10
89.89
20
307.337
30
0
11
89.93
21
307.493
31
0
0
LINE
5
B7F
330
C
100
AcDbEntity
8
0
100
AcDbLine
10
89.93
20
307.493
30
0
11
89.975
21
307.643
31
0
0
LINE
5
B80
330
C
100
AcDbEntity
8
0
100
AcDbLine
10
89.975
20
307.643
30
0
11
90.025
21
307.788
31
0
0
LINE
5
B81
330
C
100
AcDbEntity
8
0
100
AcDbLine
10
90.025
20
307.788
30
0
11
90.08
21
307.926
31
0
0
LINE
5
B82
330
C
100
AcDbEntity
8
0
100
AcDbLine
10
90.08
20
307.926
30
0
11
90.14
21
308.058
31
0
0
LINE
5
B83
330
C
100
AcDbEntity
8
0
100
AcDbLine
10
90.14
20
308.058
30
0
11
90.205
21
308.183
31
0
0
LINE
5
B84
330
C
100
AcDbEntity
8
0
100
AcDbLine
10
90.205
20
308.183
30
0
11
90.275
21
308.301
31
0
0
LINE
5
B85
330
C
100
AcDbEntity
8
0
100
AcDbLine
10
90.275
20
308.301
30
0
11
90.35
21
308.413
31
0
0
LINE
5
B86
330
C
100
AcDbEntity
8
0
100
AcDbLine
10
90.35
20
308.413
30
0
11
90.429
21
308.518
31
0
0
LINE
5
B87
330
C
100
AcDbEntity
8
0
100
AcDbLine
10
90.429
20
308.518
30
0
11
90.514
21
308.616
31
0
0
LINE
5
B88
330
C
100
AcDbEntity
8
0
100
AcDbLine
10
90.514
20
308.616
30
0
11
90.603
21
308.708
31
0
0
LINE
5
B89
330
C
100
AcDbEntity
8
0
100
AcDbLine
10
90.603
20
308.708
30
0
11
90.697
21
308.793
31
0
0
LINE
5
B8A
330
C
100
AcDbEntity
8
0
100
AcDbLine
10
90.697
20
308.793
30
0
11
90.796
21
308.871
31
0
0
LINE
5
B8B
330
C
100
AcDbEntity
8
0
100
AcDbLine
10
90.796
20
308.871
30
0
11
90.9
21
308.942
31
0
0
LINE
5
B8C
330
C
100
AcDbEntity
8
0
100
AcDbLine
10
90.9
20
308.942
30
0
11
91.008
21
309.006
31
0
0
LINE
5
B8D
330
C
100
AcDbEntity
8
0
100
AcDbLine
10
91.008
20
309.006
30
0
11
91.12
21
309.062
31
0
0
LINE
5
B8E
330
C
100
AcDbEntity
8
0
100
AcDbLine
10
91.12
20
309.062
30
0
11
91.237
21
309.111
31
0
0
LINE
5
B8F
330
C
100
AcDbEntity
8
0
100
AcDbLine
10
91.237
20
309.111
30
0
11
91.358
21
309.152
31
0
0
LINE
5
B90
330
C
100
AcDbEntity
8
0
100
AcDbLine
10
91.358
20
309.152
30
0
11
91.483
21
309.186
31
0
0
LINE
5
B91
330
C
100
AcDbEntity
8
0
100
AcDbLine
10
91.483
20
309.186
30
0
11
91.613
21
309.212
31
0
0
LINE
5
B92
330
C
100
AcDbEntity
8
0
100
AcDbLine
10
91.613
20
309.212
30
0
11
91.747
21
309.231
31
0
0
LINE
5
B93
330
C
100
AcDbEntity
8
0
100
AcDbLine
10
91.747
20
309.231
30
0
11
91.886
21
309.242
31
0
0
LINE
5
B94
330
C
100
AcDbEntity
8
0
100
AcDbLine
10
91.886
20
309.242
30
0
11
92.029
21
309.246
31
0
0
LINE
5
B95
330
C
100
AcDbEntity
8
0
100
AcDbLine
10
92.029
20
309.246
30
0
11
92.029
21
309.246
31
0
0
LINE
5
B96
330
C
100
AcDbEntity
8
0
100
AcDbLine
10
92.029
20
309.246
30
0
11
92.163
21
309.243
31
0
0
LINE
5
B97
330
C
100
AcDbEntity
8
0
100
AcDbLine
10
92.163
20
309.243
30
0
11
92.292
21
309.234
31
0
0
LINE
5
B98
330
C
100
AcDbEntity
8
0
100
AcDbLine
10
92.292
20
309.234
30
0
11
92.418
21
309.219
31
0
0
LINE
5
B99
330
C
100
AcDbEntity
8
0
100
AcDbLine
10
92.418
20
309.219
30
0
11
92.54
21
309.198
31
0
0
LINE
5
B9A
330
C
100
AcDbEntity
8
0
100
AcDbLine
10
92.54
20
309.198
30
0
11
92.658
21
309.17
31
0
0
LINE
5
B9B
330
C
100
AcDbEntity
8
0
100
AcDbLine
10
92.658
20
309.17
30
0
11
92.772
21
309.137
31
0
0
LINE
5
B9C
330
C
100
AcDbEntity
8
0
100
AcDbLine
10
92.772
20
309.137
30
0
11
92.883
21
309.098
31
0
0
LINE
5
B9D
330
C
100
AcDbEntity
8
0
100
AcDbLine
10
92.883
20
309.098
30
0
11
92.989
21
309.052
31
0
0
LINE
5
B9E
330
C
100
AcDbEntity
8
0
100
AcDbLine
10
92.989
20
309.052
30
0
11
93.091
21
309.001
31
0
0
LINE
5
B9F
330
C
100
AcDbEntity
8
0
100
AcDbLine
10
93.091
20
309.001
30
0
11
93.19
21
308.943
31
0
0
LINE
5
BA0
330
C
100
AcDbEntity
8
0
100
AcDbLine
10
93.19
20
308.943
30
0
11
93.284
21
308.88
31
0
0
LINE
5
BA1
330
C
100
AcDbEntity
8
0
100
AcDbLine
10
93.284
20
308.88
30
0
11
93.374
21
308.811
31
0
0
LINE
5
BA2
330
C
100
AcDbEntity
8
0
100
AcDbLine
10
93.374
20
308.811
30
0
11
93.46
21
308.738
31
0
0
LINE
5
BA3
330
C
100
AcDbEntity
8
0
100
AcDbLine
10
93.46
20
308.738
30
0
11
93.54
21
308.659
31
0
0
LINE
5
BA4
330
C
100
AcDbEntity
8
0
100
AcDbLine
10
93.54
20
308.659
30
0
11
93.617
21
308.575
31
0
0
LINE
5
BA5
330
C
100
AcDbEntity
8
0
100
AcDbLine
10
93.617
20
308.575
30
0
11
93.689
21
308.485
31
0
0
LINE
5
BA6
330
C
100
AcDbEntity
8
0
100
AcDbLine
10
93.689
20
308.485
30
0
11
93.756
21
308.391
31
0
0
LINE
5
BA7
330
C
100
AcDbEntity
8
0
100
AcDbLine
10
93.756
20
308.391
30
0
11
93.819
21
308.291
31
0
0
LINE
5
BA8
330
C
100
AcDbEntity
8
0
100
AcDbLine
10
93.819
20
308.291
30
0
11
93.877
21
308.186
31
0
0
LINE
5
BA9
330
C
100
AcDbEntity
8
0
100
AcDbLine
10
93.877
20
308.186
30
0
11
93.931
21
308.076
31
0
0
LINE
5
BAA
330
C
100
AcDbEntity
8
0
100
AcDbLine
10
93.931
20
308.076
30
0
11
93.98
21
307.961
31
0
0
LINE
5
BAB
330
C
100
AcDbEntity
8
0
100
AcDbLine
10
93.98
20
307.961
30
0
11
94.024
21
307.842
31
0
0
LINE
5
BAC
330
C
100
AcDbEntity
8
0
100
AcDbLine
10
94.024
20
307.842
30
0
11
94.063
21
307.719
31
0
0
LINE
5
BAD
330
C
100
AcDbEntity
8
0
100
AcDbLine
10
94.063
20
307.719
30
0
11
94.096
21
307.591
31
0
0
LINE
5
BAE
330
C
100
AcDbEntity
8
0
100
AcDbLine
10
94.096
20
307.591
30
0
11
94.124
21
307.459
31
0
0
LINE
5
BAF
330
C
100
AcDbEntity
8
0
100
AcDbLine
10
94.124
20
307.459
30
0
11
94.148
21
307.324
31
0
0
LINE
5
BB0
330
C
100
AcDbEntity
8
0
100
AcDbLine
10
94.148
20
307.324
30
0
11
94.166
21
307.183
31
0
0
LINE
5
BB1
330
C
100
AcDbEntity
8
0
100
AcDbLine
10
94.166
20
307.183
30
0
11
94.179
21
307.039
31
0
0
LINE
5
BB2
330
C
100
AcDbEntity
8
0
100
AcDbLine
10
94.179
20
307.039
30
0
11
94.186
21
306.891
31
0
0
LINE
5
BB3
330
C
100
AcDbEntity
8
0
100
AcDbLine
10
94.186
20
306.891
30
0
11
94.189
21
306.738
31
0
0
LINE
5
BB4
330
C
100
AcDbEntity
8
0
100
AcDbLine
10
94.189
20
306.738
30
0
11
94.189
21
306.738
31
0
0
LINE
5
BB5
330
C
100
AcDbEntity
8
0
100
AcDbLine
10
94.189
20
306.738
30
0
11
94.189
21
303.366
31
0
0
LINE
5
BB6
330
C
100
AcDbEntity
8
0
100
AcDbLine
10
94.189
20
303.366
30
0
11
94.189
21
303.366
31
0
0
LINE
5
BB7
330
C
100
AcDbEntity
8
0
100
AcDbLine
10
90.121
20
303.366
30
0
11
89.185
21
303.366
31
0
0
LINE
5
BB8
330
C
100
AcDbEntity
8
0
100
AcDbLine
10
89.185
20
303.366
30
0
11
89.185
21
311.55
31
0
0
LINE
5
BB9
330
C
100
AcDbEntity
8
0
100
AcDbLine
10
89.185
20
311.55
30
0
11
90.121
21
311.55
31
0
0
LINE
5
BBA
330
C
100
AcDbEntity
8
0
100
AcDbLine
10
90.121
20
311.55
30
0
11
90.121
21
303.366
31
0
0
LINE
5
BBB
330
C
100
AcDbEntity
8
0
100
AcDbLine
10
90.121
20
303.366
30
0
11
90.121
21
303.366
31
0
0
LINE
5
BBC
330
C
100
AcDbEntity
8
0
100
AcDbLine
10
98.191
20
303.222
30
0
11
98.191
21
303.222
31
0
0
LINE
5
BBD
330
C
100
AcDbEntity
8
0
100
AcDbLine
10
98.191
20
303.222
30
0
11
98.098
21
303.224
31
0
0
LINE
5
BBE
330
C
100
AcDbEntity
8
0
100
AcDbLine
10
98.098
20
303.224
30
0
11
98.008
21
303.229
31
0
0
LINE
5
BBF
330
C
100
AcDbEntity
8
0
100
AcDbLine
10
98.008
20
303.229
30
0
11
97.919
21
303.238
31
0
0
LINE
5
BC0
330
C
100
AcDbEntity
8
0
100
AcDbLine
10
97.919
20
303.238
30
0
11
97.832
21
303.251
31
0
0
LINE
5
BC1
330
C
100
AcDbEntity
8
0
100
AcDbLine
10
97.832
20
303.251
30
0
11
97.747
21
303.267
31
0
0
LINE
5
BC2
330
C
100
AcDbEntity
8
0
100
AcDbLine
10
97.747
20
303.267
30
0
11
97.664
21
303.287
31
0
0
LINE
5
BC3
330
C
100
AcDbEntity
8
0
100
AcDbLine
10
97.664
20
303.287
30
0
11
97.583
21
303.31
31
0
0
LINE
5
BC4
330
C
100
AcDbEntity
8
0
100
AcDbLine
10
97.583
20
303.31
30
0
11
97.504
21
303.337
31
0
0
LINE
5
BC5
330
C
100
AcDbEntity
8
0
100
AcDbLine
10
97.504
20
303.337
30
0
11
97.426
21
303.368
31
0
0
LINE
5
BC6
330
C
100
AcDbEntity
8
0
100
AcDbLine
10
97.426
20
303.368
30
0
11
97.351
21
303.402
31
0
0
LINE
5
BC7
330
C
100
AcDbEntity
8
0
100
AcDbLine
10
97.351
20
303.402
30
0
11
97.278
21
303.44
31
0
0
LINE
5
BC8
330
C
100
AcDbEntity
8
0
100
AcDbLine
10
97.278
20
303.44
30
0
11
97.208
21
303.481
31
0
0
LINE
5
BC9
330
C
100
AcDbEntity
8
0
100
AcDbLine
10
97.208
20
303.481
30
0
11
97.142
21
303.526
31
0
0
LINE
5
BCA
330
C
100
AcDbEntity
8
0
100
AcDbLine
10
97.142
20
303.526
30
0
11
97.078
21
303.575
31
0
0
LINE
5
BCB
330
C
100
AcDbEntity
8
0
100
AcDbLine
10
97.078
20
303.575
30
0
11
97.018
21
303.627
31
0
0
LINE
5
BCC
330
C
100
AcDbEntity
8
0
100
AcDbLine
10
97.018
20
303.627
30
0
11
96.961
21
303.683
31
0
0
LINE
5
BCD
330
C
100
AcDbEntity
8
0
100
AcDbLine
10
96.961
20
303.683
30
0
11
96.907
21
303.742
31
0
0
LINE
5
BCE
330
C
100
AcDbEntity
8
0
100
AcDbLine
10
96.907
20
303.742
30
0
11
96.856
21
303.805
31
0
0
LINE
5
BCF
330
C
100
AcDbEntity
8
0
100
AcDbLine
10
96.856
20
303.805
30
0
11
96.808
21
303.872
31
0
0
LINE
5
BD0
330
C
100
AcDbEntity
8
0
100
AcDbLine
10
96.808
20
303.872
30
0
11
96.763
21
303.942
31
0
0
LINE
5
BD1
330
C
100
AcDbEntity
8
0
100
AcDbLine
10
96.763
20
303.942
30
0
11
96.722
21
304.016
31
0
0
LINE
5
BD2
330
C
100
AcDbEntity
8
0
100
AcDbLine
10
96.722
20
304.016
30
0
11
96.685
21
304.093
31
0
0
LINE
5
BD3
330
C
100
AcDbEntity
8
0
100
AcDbLine
10
96.685
20
304.093
30
0
11
96.653
21
304.174
31
0
0
LINE
5
BD4
330
C
100
AcDbEntity
8
0
100
AcDbLine
10
96.653
20
304.174
30
0
11
96.625
21
304.259
31
0
0
LINE
5
BD5
330
C
100
AcDbEntity
8
0
100
AcDbLine
10
96.625
20
304.259
30
0
11
96.601
21
304.347
31
0
0
LINE
5
BD6
330
C
100
AcDbEntity
8
0
100
AcDbLine
10
96.601
20
304.347
30
0
11
96.582
21
304.439
31
0
0
LINE
5
BD7
330
C
100
AcDbEntity
8
0
100
AcDbLine
10
96.582
20
304.439
30
0
11
96.566
21
304.534
31
0
0
LINE
5
BD8
330
C
100
AcDbEntity
8
0
100
AcDbLine
10
96.566
20
304.534
30
0
11
96.556
21
304.633
31
0
0
LINE
5
BD9
330
C
100
AcDbEntity
8
0
100
AcDbLine
10
96.556
20
304.633
30
0
11
96.549
21
304.736
31
0
0
LINE
5
BDA
330
C
100
AcDbEntity
8
0
100
AcDbLine
10
96.549
20
304.736
30
0
11
96.547
21
304.842
31
0
0
LINE
5
BDB
330
C
100
AcDbEntity
8
0
100
AcDbLine
10
96.547
20
304.842
30
0
11
96.547
21
304.842
31
0
0
LINE
5
BDC
330
C
100
AcDbEntity
8
0
100
AcDbLine
10
96.547
20
304.842
30
0
11
96.547
21
310.698
31
0
0
LINE
5
BDD
330
C
100
AcDbEntity
8
0
100
AcDbLine
10
96.547
20
310.698
30
0
11
97.471
21
310.698
31
0
0
LINE
5
BDE
330
C
100
AcDbEntity
8
0
100
AcDbLine
10
97.471
20
310.698
30
0
11
97.471
21
304.866
31
0
0
LINE
5
BDF
330
C
100
AcDbEntity
8
0
100
AcDbLine
10
97.471
20
304.866
30
0
11
97.479
21
304.697
31
0
0
LINE
5
BE0
330
C
100
AcDbEntity
8
0
100
AcDbLine
10
97.479
20
304.697
30
0
11
97.504
21
304.546
31
0
0
LINE
5
BE1
330
C
100
AcDbEntity
8
0
100
AcDbLine
10
97.504
20
304.546
30
0
11
97.546
21
304.413
31
0
0
LINE
5
BE2
330
C
100
AcDbEntity
8
0
100
AcDbLine
10
97.546
20
304.413
30
0
11
97.603
21
304.298
31
0
0
LINE
5
BE3
330
C
100
AcDbEntity
8
0
100
AcDbLine
10
97.603
20
304.298
30
0
11
97.678
21
304.2
31
0
0
LINE
5
BE4
330
C
100
AcDbEntity
8
0
100
AcDbLine
10
97.678
20
304.2
30
0
11
97.769
21
304.12
31
0
0
LINE
5
BE5
330
C
100
AcDbEntity
8
0
100
AcDbLine
10
97.769
20
304.12
30
0
11
97.877
21
304.058
31
0
0
LINE
5
BE6
330
C
100
AcDbEntity
8
0
100
AcDbLine
10
97.877
20
304.058
30
0
11
98.001
21
304.014
31
0
0
LINE
5
BE7
330
C
100
AcDbEntity
8
0
100
AcDbLine
10
98.001
20
304.014
30
0
11
98.142
21
303.987
31
0
0
LINE
5
BE8
330
C
100
AcDbEntity
8
0
100
AcDbLine
10
98.142
20
303.987
30
0
11
98.299
21
303.978
31
0
0
LINE
5
BE9
330
C
100
AcDbEntity
8
0
100
AcDbLine
10
98.299
20
303.978
30
0
11
98.299
21
303.978
31
0
0
LINE
5
BEA
330
C
100
AcDbEntity
8
0
100
AcDbLine
10
98.299
20
303.978
30
0
11
98.348
21
303.979
31
0
0
LINE
5
BEB
330
C
100
AcDbEntity
8
0
100
AcDbLine
10
98.348
20
303.979
30
0
11
98.397
21
303.98
31
0
0
LINE
5
BEC
330
C
100
AcDbEntity
8
0
100
AcDbLine
10
98.397
20
303.98
30
0
11
98.445
21
303.983
31
0
0
LINE
5
BED
330
C
100
AcDbEntity
8
0
100
AcDbLine
10
98.445
20
303.983
30
0
11
98.493
21
303.987
31
0
0
LINE
5
BEE
330
C
100
AcDbEntity
8
0
100
AcDbLine
10
98.493
20
303.987
30
0
11
98.541
21
303.991
31
0
0
LINE
5
BEF
330
C
100
AcDbEntity
8
0
100
AcDbLine
10
98.541
20
303.991
30
0
11
98.589
21
303.997
31
0
0
LINE
5
BF0
330
C
100
AcDbEntity
8
0
100
AcDbLine
10
98.589
20
303.997
30
0
11
98.636
21
304.004
31
0
0
LINE
5
BF1
330
C
100
AcDbEntity
8
0
100
AcDbLine
10
98.636
20
304.004
30
0
11
98.683
21
304.013
31
0
0
LINE
5
BF2
330
C
100
AcDbEntity
8
0
100
AcDbLine
10
98.683
20
304.013
30
0
11
98.73
21
304.022
31
0
0
LINE
5
BF3
330
C
100
AcDbEntity
8
0
100
AcDbLine
10
98.73
20
304.022
30
0
11
98.776
21
304.032
31
0
0
LINE
5
BF4
330
C
100
AcDbEntity
8
0
100
AcDbLine
10
98.776
20
304.032
30
0
11
98.823
21
304.043
31
0
0
LINE
5
BF5
330
C
100
AcDbEntity
8
0
100
AcDbLine
10
98.823
20
304.043
30
0
11
98.871
21
304.056
31
0
0
LINE
5
BF6
330
C
100
AcDbEntity
8
0
100
AcDbLine
10
98.871
20
304.056
30
0
11
98.92
21
304.069
31
0
0
LINE
5
BF7
330
C
100
AcDbEntity
8
0
100
AcDbLine
10
98.92
20
304.069
30
0
11
98.97
21
304.084
31
0
0
LINE
5
BF8
330
C
100
AcDbEntity
8
0
100
AcDbLine
10
98.97
20
304.084
30
0
11
99.021
21
304.099
31
0
0
LINE
5
BF9
330
C
100
AcDbEntity
8
0
100
AcDbLine
10
99.021
20
304.099
30
0
11
99.074
21
304.116
31
0
0
LINE
5
BFA
330
C
100
AcDbEntity
8
0
100
AcDbLine
10
99.074
20
304.116
30
0
11
99.127
21
304.134
31
0
0
LINE
5
BFB
330
C
100
AcDbEntity
8
0
100
AcDbLine
10
99.127
20
304.134
30
0
11
99.182
21
304.153
31
0
0
LINE
5
BFC
330
C
100
AcDbEntity
8
0
100
AcDbLine
10
99.182
20
304.153
30
0
11
99.238
21
304.173
31
0
0
LINE
5
BFD
330
C
100
AcDbEntity
8
0
100
AcDbLine
10
99.238
20
304.173
30
0
11
99.295
21
304.194
31
0
0
LINE
5
BFE
330
C
100
AcDbEntity
8
0
100
AcDbLine
10
99.295
20
304.194
30
0
11
99.295
21
304.194
31
0
0
LINE
5
BFF
330
C
100
AcDbEntity
8
0
100
AcDbLine
10
99.295
20
304.194
30
0
11
99.427
21
303.522
31
0
0
LINE
5
C00
330
C
100
AcDbEntity
8
0
100
AcDbLine
10
99.427
20
303.522
30
0
11
99.366
21
303.496
31
0
0
LINE
5
C01
330
C
100
AcDbEntity
8
0
100
AcDbLine
10
99.366
20
303.496
30
0
11
99.305
21
303.471
31
0
0
LINE
5
C02
330
C
100
AcDbEntity
8
0
100
AcDbLine
10
99.305
20
303.471
30
0
11
99.244
21
303.447
31
0
0
LINE
5
C03
330
C
100
AcDbEntity
8
0
100
AcDbLine
10
99.244
20
303.447
30
0
11
99.183
21
303.424
31
0
0
LINE
5
C04
330
C
100
AcDbEntity
8
0
100
AcDbLine
10
99.183
20
303.424
30
0
11
99.122
21
303.402
31
0
0
LINE
5
C05
330
C
100
AcDbEntity
8
0
100
AcDbLine
10
99.122
20
303.402
30
0
11
99.061
21
303.381
31
0
0
LINE
5
C06
330
C
100
AcDbEntity
8
0
100
AcDbLine
10
99.061
20
303.381
30
0
11
99
21
303.361
31
0
0
LINE
5
C07
330
C
100
AcDbEntity
8
0
100
AcDbLine
10
99
20
303.361
30
0
11
98.939
21
303.342
31
0
0
LINE
5
C08
330
C
100
AcDbEntity
8
0
100
AcDbLine
10
98.939
20
303.342
30
0
11
98.879
21
303.323
31
0
0
LINE
5
C09
330
C
100
AcDbEntity
8
0
100
AcDbLine
10
98.879
20
303.323
30
0
11
98.818
21
303.306
31
0
0
LINE
5
C0A
330
C
100
AcDbEntity
8
0
100
AcDbLine
10
98.818
20
303.306
30
0
11
98.757
21
303.29
31
0
0
LINE
5
C0B
330
C
100
AcDbEntity
8
0
100
AcDbLine
10
98.757
20
303.29
30
0
11
98.696
21
303.276
31
0
0
LINE
5
C0C
330
C
100
AcDbEntity
8
0
100
AcDbLine
10
98.696
20
303.276
30
0
11
98.634
21
303.263
31
0
0
LINE
5
C0D
330
C
100
AcDbEntity
8
0
100
AcDbLine
10
98.634
20
303.263
30
0
11
98.572
21
303.252
31
0
0
LINE
5
C0E
330
C
100
AcDbEntity
8
0
100
AcDbLine
10
98.572
20
303.252
30
0
11
98.51
21
303.243
31
0
0
LINE
5
C0F
330
C
100
AcDbEntity
8
0
100
AcDbLine
10
98.51
20
303.243
30
0
11
98.447
21
303.235
31
0
0
LINE
5
C10
330
C
100
AcDbEntity
8
0
100
AcDbLine
10
98.447
20
303.235
30
0
11
98.384
21
303.23
31
0
0
LINE
5
C11
330
C
100
AcDbEntity
8
0
100
AcDbLine
10
98.384
20
303.23
30
0
11
98.32
21
303.225
31
0
0
LINE
5
C12
330
C
100
AcDbEntity
8
0
100
AcDbLine
10
98.32
20
303.225
30
0
11
98.256
21
303.223
31
0
0
LINE
5
C13
330
C
100
AcDbEntity
8
0
100
AcDbLine
10
98.256
20
303.223
30
0
11
98.191
21
303.222
31
0
0
LINE
5
C14
330
C
100
AcDbEntity
8
0
100
AcDbLine
10
98.191
20
303.222
30
0
11
98.191
21
303.222
31
0
0
LINE
5
C15
330
C
100
AcDbEntity
8
0
100
AcDbLine
10
99.283
20
308.454
30
0
11
95.623
21
308.454
31
0
0
LINE
5
C16
330
C
100
AcDbEntity
8
0
100
AcDbLine
10
95.623
20
308.454
30
0
11
95.623
21
309.102
31
0
0
LINE
5
C17
330
C
100
AcDbEntity
8
0
100
AcDbLine
10
95.623
20
309.102
30
0
11
99.283
21
309.102
31
0
0
LINE
5
C18
330
C
100
AcDbEntity
8
0
100
AcDbLine
10
99.283
20
309.102
30
0
11
99.283
21
308.454
31
0
0
LINE
5
C19
330
C
100
AcDbEntity
8
0
100
AcDbLine
10
99.283
20
308.454
30
0
11
99.283
21
308.454
31
0
0
LINE
5
C1A
330
C
100
AcDbEntity
8
0
100
AcDbLine
10
633
20
170
30
0
11
613
21
170
31
0
0
LINE
5
C1B
330
C
100
AcDbEntity
8
0
100
AcDbLine
10
613
20
170
30
0
11
613
21
167
31
0
0
LINE
5
C1C
330
C
100
AcDbEntity
8
0
100
AcDbLine
10
613
20
167
30
0
11
593
21
167
31
0
0
LINE
5
C1D
330
C
100
AcDbEntity
8
0
100
AcDbLine
10
593
20
167
30
0
11
593
21
170
31
0
0
LINE
5
C1E
330
C
100
AcDbEntity
8
0
100
AcDbLine
10
593
20
170
30
0
11
573
21
170
31
0
0
LINE
5
C1F
330
C
100
AcDbEntity
8
0
100
AcDbLine
10
573
20
170
30
0
11
573
21
167
31
0
0
LINE
5
C20
330
C
100
AcDbEntity
8
0
100
AcDbLine
10
573
20
167
30
0
11
553
21
167
31
0
0
LINE
5
C21
330
C
100
AcDbEntity
8
0
100
AcDbLine
10
553
20
167
30
0
11
553
21
170
31
0
0
LINE
5
C22
330
C
100
AcDbEntity
8
0
100
AcDbLine
10
553
20
170
30
0
11
533
21
170
31
0
0
LINE
5
C23
330
C
100
AcDbEntity
8
0
100
AcDbLine
10
533
20
170
30
0
11
533
21
167
31
0
0
LINE
5
C24
330
C
100
AcDbEntity
8
0
100
AcDbLine
10
533
20
167
30
0
11
513
21
167
31
0
0
LINE
5
C25
330
C
100
AcDbEntity
8
0
100
AcDbLine
10
513
20
167
30
0
11
513
21
170
31
0
0
LINE
5
C26
330
C
100
AcDbEntity
8
0
100
AcDbLine
10
513
20
170
30
0
11
493
21
170
31
0
0
LINE
5
C27
330
C
100
AcDbEntity
8
0
100
AcDbLine
10
493
20
170
30
0
11
493
21
167
31
0
0
LINE
5
C28
330
C
100
AcDbEntity
8
0
100
AcDbLine
10
493
20
167
30
0
11
473
21
167
31
0
0
LINE
5
C29
330
C
100
AcDbEntity
8
0
100
AcDbLine
10
473
20
167
30
0
11
473
21
170
31
0
0
LINE
5
C2A
330
C
100
AcDbEntity
8
0
100
AcDbLine
10
473
20
170
30
0
11
453
21
170
31
0
0
LINE
5
C2B
330
C
100
AcDbEntity
8
0
100
AcDbLine
10
453
20
170
30
0
11
453
21
167
31
0
0
LINE
5
C2C
330
C
100
AcDbEntity
8
0
100
AcDbLine
10
453
20
167
30
0
11
433
21
167
31
0
0
LINE
5
C2D
330
C
100
AcDbEntity
8
0
100
AcDbLine
10
433
20
167
30
0
11
433
21
170
31
0
0
LINE
5
C2E
330
C
100
AcDbEntity
8
0
100
AcDbLine
10
433
20
170
30
0
11
413
21
170
31
0
0
LINE
5
C2F
330
C
100
AcDbEntity
8
0
100
AcDbLine
10
413
20
170
30
0
11
413
21
167
31
0
0
LINE
5
C30
330
C
100
AcDbEntity
8
0
100
AcDbLine
10
413
20
167
30
0
11
393
21
167
31
0
0
LINE
5
C31
330
C
100
AcDbEntity
8
0
100
AcDbLine
10
393
20
167
30
0
11
393
21
170
31
0
0
LINE
5
C32
330
C
100
AcDbEntity
8
0
100
AcDbLine
10
393
20
170
30
0
11
373
21
170
31
0
0
LINE
5
C33
330
C
100
AcDbEntity
8
0
100
AcDbLine
10
373
20
170
30
0
11
373
21
167
31
0
0
LINE
5
C34
330
C
100
AcDbEntity
8
0
100
AcDbLine
10
373
20
167
30
0
11
353
21
167
31
0
0
LINE
5
C35
330
C
100
AcDbEntity
8
0
100
AcDbLine
10
353
20
167
30
0
11
353
21
170
31
0
0
LINE
5
C36
330
C
100
AcDbEntity
8
0
100
AcDbLine
10
353
20
170
30
0
11
333
21
170
31
0
0
LINE
5
C37
330
C
100
AcDbEntity
8
0
100
AcDbLine
10
333
20
170
30
0
11
333
21
167
31
0
0
LINE
5
C38
330
C
100
AcDbEntity
8
0
100
AcDbLine
10
333
20
167
30
0
11
326
21
167
31
0
0
LINE
5
C39
330
C
100
AcDbEntity
8
0
100
AcDbLine
10
326
20
167
30
0
11
326
21
155
31
0
0
LINE
5
C3A
330
C
100
AcDbEntity
8
0
100
AcDbLine
10
326
20
155
30
0
11
323
21
155
31
0
0
LINE
5
C3B
330
C
100
AcDbEntity
8
0
100
AcDbLine
10
323
20
155
30
0
11
323
21
135
31
0
0
LINE
5
C3C
330
C
100
AcDbEntity
8
0
100
AcDbLine
10
323
20
135
30
0
11
326
21
135
31
0
0
LINE
5
C3D
330
C
100
AcDbEntity
8
0
100
AcDbLine
10
326
20
135
30
0
11
326
21
115
31
0
0
LINE
5
C3E
330
C
100
AcDbEntity
8
0
100
AcDbLine
10
326
20
115
30
0
11
323
21
115
31
0
0
LINE
5
C3F
330
C
100
AcDbEntity
8
0
100
AcDbLine
10
323
20
115
30
0
11
323
21
95
31
0
0
LINE
5
C40
330
C
100
AcDbEntity
8
0
100
AcDbLine
10
323
20
95
30
0
11
326
21
95
31
0
0
LINE
5
C41
330
C
100
AcDbEntity
8
0
100
AcDbLine
10
326
20
95
30
0
11
326
21
75
31
0
0
LINE
5
C42
330
C
100
AcDbEntity
8
0
100
AcDbLine
10
326
20
75
30
0
11
323
21
75
31
0
0
LINE
5
C43
330
C
100
AcDbEntity
8
0
100
AcDbLine
10
323
20
75
30
0
11
323
21
55
31
0
0
LINE
5
C44
330
C
100
AcDbEntity
8
0
100
AcDbLine
10
323
20
55
30
0
11
326
21
55
31
0
0
LINE
5
C45
330
C
100
AcDbEntity
8
0
100
AcDbLine
10
326
20
55
30
0
11
326
21
35
31
0
0
LINE
5
C46
330
C
100
AcDbEntity
8
0
100
AcDbLine
10
326
20
35
30
0
11
323
21
35
31
0
0
LINE
5
C47
330
C
100
AcDbEntity
8
0
100
AcDbLine
10
323
20
35
30
0
11
323
21
15
31
0
0
LINE
5
C48
330
C
100
AcDbEntity
8
0
100
AcDbLine
10
323
20
15
30
0
11
326
21
15
31
0
0
LINE
5
C49
330
C
100
AcDbEntity
8
0
100
AcDbLine
10
326
20
15
30
0
11
326
21
3
31
0
0
LINE
5
C4A
330
C
100
AcDbEntity
8
0
100
AcDbLine
10
326
20
3
30
0
11
333
21
3
31
0
0
LINE
5
C4B
330
C
100
AcDbEntity
8
0
100
AcDbLine
10
333
20
3
30
0
11
333
21
0
31
0
0
LINE
5
C4C
330
C
100
AcDbEntity
8
0
100
AcDbLine
10
333
20
0
30
0
11
353
21
0
31
0
0
LINE
5
C4D
330
C
100
AcDbEntity
8
0
100
AcDbLine
10
353
20
0
30
0
11
353
21
3
31
0
0
LINE
5
C4E
330
C
100
AcDbEntity
8
0
100
AcDbLine
10
353
20
3
30
0
11
373
21
3
31
0
0
LINE
5
C4F
330
C
100
AcDbEntity
8
0
100
AcDbLine
10
373
20
3
30
0
11
373
21
0
31
0
0
LINE
5
C50
330
C
100
AcDbEntity
8
0
100
AcDbLine
10
373
20
0
30
0
11
393
21
0
31
0
0
LINE
5
C51
330
C
100
AcDbEntity
8
0
100
AcDbLine
10
393
20
0
30
0
11
393
21
3
31
0
0
LINE
5
C52
330
C
100
AcDbEntity
8
0
100
AcDbLine
10
393
20
3
30
0
11
413
21
3
31
0
0
LINE
5
C53
330
C
100
AcDbEntity
8
0
100
AcDbLine
10
413
20
3
30
0
11
413
21
0
31
0
0
LINE
5
C54
330
C
100
AcDbEntity
8
0
100
AcDbLine
10
413
20
0
30
0
11
433
21
0
31
0
0
LINE
5
C55
330
C
100
AcDbEntity
8
0
100
AcDbLine
10
433
20
0
30
0
11
433
21
3
31
0
0
LINE
5
C56
330
C
100
AcDbEntity
8
0
100
AcDbLine
10
433
20
3
30
0
11
453
21
3
31
0
0
LINE
5
C57
330
C
100
AcDbEntity
8
0
100
AcDbLine
10
453
20
3
30
0
11
453
21
0
31
0
0
LINE
5
C58
330
C
100
AcDbEntity
8
0
100
AcDbLine
10
453
20
0
30
0
11
473
21
0
31
0
0
LINE
5
C59
330
C
100
AcDbEntity
8
0
100
AcDbLine
10
473
20
0
30
0
11
473
21
3
31
0
0
LINE
5
C5A
330
C
100
AcDbEntity
8
0
100
AcDbLine
10
473
20
3
30
0
11
493
21
3
31
0
0
LINE
5
C5B
330
C
100
AcDbEntity
8
0
100
AcDbLine
10
493
20
3
30
0
11
493
21
0
31
0
0
LINE
5
C5C
330
C
100
AcDbEntity
8
0
100
AcDbLine
10
493
20
0
30
0
11
513
21
0
31
0
0
LINE
5
C5D
330
C
100
AcDbEntity
8
0
100
AcDbLine
10
513
20
0
30
0
11
513
21
3
31
0
0
LINE
5
C5E
330
C
100
AcDbEntity
8
0
100
AcDbLine
10
513
20
3
30
0
11
533
21
3
31
0
0
LINE
5
C5F
330
C
100
AcDbEntity
8
0
100
AcDbLine
10
533
20
3
30
0
11
533
21
0
31
0
0
LINE
5
C60
330
C
100
AcDbEntity
8
0
100
AcDbLine
10
533
20
0
30
0
11
553
21
0
31
0
0
LINE
5
C61
330
C
100
AcDbEntity
8
0
100
AcDbLine
10
553
20
0
30
0
11
553
21
3
31
0
0
LINE
5
C62
330
C
100
AcDbEntity
8
0
100
AcDbLine
10
553
20
3
30
0
11
573
21
3
31
0
0
LINE
5
C63
330
C
100
AcDbEntity
8
0
100
AcDbLine
10
573
20
3
30
0
11
573
21
0
31
0
0
LINE
5
C64
330
C
100
AcDbEntity
8
0
100
AcDbLine
10
573
20
0
30
0
11
593
21
0
31
0
0
LINE
5
C65
330
C
100
AcDbEntity
8
0
100
AcDbLine
10
593
20
0
30
0
11
593
21
3
31
0
0
LINE
5
C66
330
C
100
AcDbEntity
8
0
100
AcDbLine
10
593
20
3
30
0
11
613
21
3
31
0
0
LINE
5
C67
330
C
100
AcDbEntity
8
0
100
AcDbLine
10
613
20
3
30
0
11
613
21
0
31
0
0
LINE
5
C68
330
C
100
AcDbEntity
8
0
100
AcDbLine
10
613
20
0
30
0
11
633
21
0
31
0
0
LINE
5
C69
330
C
100
AcDbEntity
8
0
100
AcDbLine
10
633
20
0
30
0
11
633
21
3
31
0
0
LINE
5
C6A
330
C
100
AcDbEntity
8
0
100
AcDbLine
10
633
20
3
30
0
11
640
21
3
31
0
0
LINE
5
C6B
330
C
100
AcDbEntity
8
0
100
AcDbLine
10
640
20
3
30
0
11
640
21
15
31
0
0
LINE
5
C6C
330
C
100
AcDbEntity
8
0
100
AcDbLine
10
640
20
15
30
0
11
643
21
15
31
0
0
LINE
5
C6D
330
C
100
AcDbEntity
8
0
100
AcDbLine
10
643
20
15
30
0
11
643
21
35
31
0
0
LINE
5
C6E
330
C
100
AcDbEntity
8
0
100
AcDbLine
10
643
20
35
30
0
11
640
21
35
31
0
0
LINE
5
C6F
330
C
100
AcDbEntity
8
0
100
AcDbLine
10
640
20
35
30
0
11
640
21
55
31
0
0
LINE
5
C70
330
C
100
AcDbEntity
8
0
100
AcDbLine
10
640
20
55
30
0
11
643
21
55
31
0
0
LINE
5
C71
330
C
100
AcDbEntity
8
0
100
AcDbLine
10
643
20
55
30
0
11
643
21
75
31
0
0
LINE
5
C72
330
C
100
AcDbEntity
8
0
100
AcDbLine
10
643
20
75
30
0
11
640
21
75
31
0
0
LINE
5
C73
330
C
100
AcDbEntity
8
0
100
AcDbLine
10
640
20
75
30
0
11
640
21
95
31
0
0
LINE
5
C74
330
C
100
AcDbEntity
8
0
100
AcDbLine
10
640
20
95
30
0
11
643
21
95
31
0
0
LINE
5
C75
330
C
100
AcDbEntity
8
0
100
AcDbLine
10
643
20
95
30
0
11
643
21
115
31
0
0
LINE
5
C76
330
C
100
AcDbEntity
8
0
100
AcDbLine
10
643
20
115
30
0
11
640
21
115
31
0
0
LINE
5
C77
330
C
100
AcDbEntity
8
0
100
AcDbLine
10
640
20
115
30
0
11
640
21
135
31
0
0
LINE
5
C78
330
C
100
AcDbEntity
8
0
100
AcDbLine
10
640
20
135
30
0
11
643
21
135
31
0
0
LINE
5
C79
330
C
100
AcDbEntity
8
0
100
AcDbLine
10
643
20
135
30
0
11
643
21
155
31
0
0
LINE
5
C7A
330
C
100
AcDbEntity
8
0
100
AcDbLine
10
643
20
155
30
0
11
640
21
155
31
0
0
LINE
5
C7B
330
C
100
AcDbEntity
8
0
100
AcDbLine
10
640
20
155
30
0
11
640
21
167
31
0
0
LINE
5
C7C
330
C
100
AcDbEntity
8
0
100
AcDbLine
10
640
20
167
30
0
11
633
21
167
31
0
0
LINE
5
C7D
330
C
100
AcDbEntity
8
0
100
AcDbLine
10
633
20
167
30
0
11
633
21
170
31
0
0
LINE
5
C7E
330
C
100
AcDbEntity
8
0
100
AcDbLine
10
466.62
20
81.232
30
0
11
463.8
21
81.232
31
0
0
LINE
5
C7F
330
C
100
AcDbEntity
8
0
100
AcDbLine
10
463.8
20
81.232
30
0
11
463.8
21
88.768
31
0
0
LINE
5
C80
330
C
100
AcDbEntity
8
0
100
AcDbLine
10
463.8
20
88.768
30
0
11
466.62
21
88.768
31
0
0
LINE
5
C81
330
C
100
AcDbEntity
8
0
100
AcDbLine
10
466.62
20
88.768
30
0
11
466.783
21
88.765
31
0
0
LINE
5
C82
330
C
100
AcDbEntity
8
0
100
AcDbLine
10
466.783
20
88.765
30
0
11
466.94
21
88.757
31
0
0
LINE
5
C83
330
C
100
AcDbEntity
8
0
100
AcDbLine
10
466.94
20
88.757
30
0
11
467.091
21
88.743
31
0
0
LINE
5
C84
330
C
100
AcDbEntity
8
0
100
AcDbLine
10
467.091
20
88.743
30
0
11
467.237
21
88.724
31
0
0
LINE
5
C85
330
C
100
AcDbEntity
8
0
100
AcDbLine
10
467.237
20
88.724
30
0
11
467.377
21
88.7
31
0
0
LINE
5
C86
330
C
100
AcDbEntity
8
0
100
AcDbLine
10
467.377
20
88.7
30
0
11
467.512
21
88.67
31
0
0
LINE
5
C87
330
C
100
AcDbEntity
8
0
100
AcDbLine
10
467.512
20
88.67
30
0
11
467.641
21
88.634
31
0
0
LINE
5
C88
330
C
100
AcDbEntity
8
0
100
AcDbLine
10
467.641
20
88.634
30
0
11
467.764
21
88.593
31
0
0
LINE
5
C89
330
C
100
AcDbEntity
8
0
100
AcDbLine
10
467.764
20
88.593
30
0
11
467.882
21
88.547
31
0
0
LINE
5
C8A
330
C
100
AcDbEntity
8
0
100
AcDbLine
10
467.882
20
88.547
30
0
11
467.994
21
88.495
31
0
0
LINE
5
C8B
330
C
100
AcDbEntity
8
0
100
AcDbLine
10
467.994
20
88.495
30
0
11
468.1
21
88.439
31
0
0
LINE
5
C8C
330
C
100
AcDbEntity
8
0
100
AcDbLine
10
468.1
20
88.439
30
0
11
468.201
21
88.379
31
0
0
LINE
5
C8D
330
C
100
AcDbEntity
8
0
100
AcDbLine
10
468.201
20
88.379
30
0
11
468.297
21
88.316
31
0
0
LINE
5
C8E
330
C
100
AcDbEntity
8
0
100
AcDbLine
10
468.297
20
88.316
30
0
11
468.387
21
88.249
31
0
0
LINE
5
C8F
330
C
100
AcDbEntity
8
0
100
AcDbLine
10
468.387
20
88.249
30
0
11
468.471
21
88.178
31
0
0
LINE
5
C90
330
C
100
AcDbEntity
8
0
100
AcDbLine
10
468.471
20
88.178
30
0
11
468.55
21
88.105
31
0
0
LINE
5
C91
330
C
100
AcDbEntity
8
0
100
AcDbLine
10
468.55
20
88.105
30
0
11
468.623
21
88.028
31
0
0
LINE
5
C92
330
C
100
AcDbEntity
8
0
100
AcDbLine
10
468.623
20
88.028
30
0
11
468.691
21
87.947
31
0
0
LINE
5
C93
330
C
100
AcDbEntity
8
0
100
AcDbLine
10
468.691
20
87.947
30
0
11
468.753
21
87.863
31
0
0
LINE
5
C94
330
C
100
AcDbEntity
8
0
100
AcDbLine
10
468.753
20
87.863
30
0
11
468.81
21
87.775
31
0
0
LINE
5
C95
330
C
100
AcDbEntity
8
0
100
AcDbLine
10
468.81
20
87.775
30
0
11
468.861
21
87.685
31
0
0
LINE
5
C96
330
C
100
AcDbEntity
8
0
100
AcDbLine
10
468.861
20
87.685
30
0
11
468.907
21
87.593
31
0
0
LINE
5
C97
330
C
100
AcDbEntity
8
0
100
AcDbLine
10
468.907
20
87.593
30
0
11
468.948
21
87.5
31
0
0
LINE
5
C98
330
C
100
AcDbEntity
8
0
100
AcDbLine
10
468.948
20
87.5
30
0
11
468.983
21
87.404
31
0
0
LINE
5
C99
330
C
100
AcDbEntity
8
0
100
AcDbLine
10
468.983
20
87.404
30
0
11
469.012
21
87.308
31
0
0
LINE
5
C9A
330
C
100
AcDbEntity
8
0
100
AcDbLine
10
469.012
20
87.308
30
0
11
469.037
21
87.209
31
0
0
LINE
5
C9B
330
C
100
AcDbEntity
8
0
100
AcDbLine
10
469.037
20
87.209
30
0
11
469.056
21
87.11
31
0
0
LINE
5
C9C
330
C
100
AcDbEntity
8
0
100
AcDbLine
10
469.056
20
87.11
30
0
11
469.069
21
87.008
31
0
0
LINE
5
C9D
330
C
100
AcDbEntity
8
0
100
AcDbLine
10
469.069
20
87.008
30
0
11
469.077
21
86.905
31
0
0
LINE
5
C9E
330
C
100
AcDbEntity
8
0
100
AcDbLine
10
469.077
20
86.905
30
0
11
469.08
21
86.8
31
0
0
LINE
5
C9F
330
C
100
AcDbEntity
8
0
100
AcDbLine
10
469.08
20
86.8
30
0
11
469.08
21
86.8
31
0
0
LINE
5
CA0
330
C
100
AcDbEntity
8
0
100
AcDbLine
10
469.08
20
86.8
30
0
11
469.076
21
86.672
31
0
0
LINE
5
CA1
330
C
100
AcDbEntity
8
0
100
AcDbLine
10
469.076
20
86.672
30
0
11
469.066
21
86.548
31
0
0
LINE
5
CA2
330
C
100
AcDbEntity
8
0
100
AcDbLine
10
469.066
20
86.548
30
0
11
469.048
21
86.427
31
0
0
LINE
5
CA3
330
C
100
AcDbEntity
8
0
100
AcDbLine
10
469.048
20
86.427
30
0
11
469.023
21
86.309
31
0
0
LINE
5
CA4
330
C
100
AcDbEntity
8
0
100
AcDbLine
10
469.023
20
86.309
30
0
11
468.991
21
86.195
31
0
0
LINE
5
CA5
330
C
100
AcDbEntity
8
0
100
AcDbLine
10
468.991
20
86.195
30
0
11
468.951
21
86.084
31
0
0
LINE
5
CA6
330
C
100
AcDbEntity
8
0
100
AcDbLine
10
468.951
20
86.084
30
0
11
468.905
21
85.977
31
0
0
LINE
5
CA7
330
C
100
AcDbEntity
8
0
100
AcDbLine
10
468.905
20
85.977
30
0
11
468.852
21
85.873
31
0
0
LINE
5
CA8
330
C
100
AcDbEntity
8
0
100
AcDbLine
10
468.852
20
85.873
30
0
11
468.791
21
85.772
31
0
0
LINE
5
CA9
330
C
100
AcDbEntity
8
0
100
AcDbLine
10
468.791
20
85.772
30
0
11
468.723
21
85.675
31
0
0
LINE
5
CAA
330
C
100
AcDbEntity
8
0
100
AcDbLine
10
468.723
20
85.675
30
0
11
468.648
21
85.583
31
0
0
LINE
5
CAB
330
C
100
AcDbEntity
8
0
100
AcDbLine
10
468.648
20
85.583
30
0
11
468.566
21
85.496
31
0
0
LINE
5
CAC
330
C
100
AcDbEntity
8
0
100
AcDbLine
10
468.566
20
85.496
30
0
11
468.477
21
85.416
31
0
0
LINE
5
CAD
330
C
100
AcDbEntity
8
0
100
AcDbLine
10
468.477
20
85.416
30
0
11
468.38
21
85.342
31
0
0
LINE
5
CAE
330
C
100
AcDbEntity
8
0
100
AcDbLine
10
468.38
20
85.342
30
0
11
468.277
21
85.274
31
0
0
LINE
5
CAF
330
C
100
AcDbEntity
8
0
100
AcDbLine
10
468.277
20
85.274
30
0
11
468.166
21
85.212
31
0
0
LINE
5
CB0
330
C
100
AcDbEntity
8
0
100
AcDbLine
10
468.166
20
85.212
30
0
11
468.048
21
85.156
31
0
0
LINE
5
CB1
330
C
100
AcDbEntity
8
0
100
AcDbLine
10
468.048
20
85.156
30
0
11
467.923
21
85.106
31
0
0
LINE
5
CB2
330
C
100
AcDbEntity
8
0
100
AcDbLine
10
467.923
20
85.106
30
0
11
467.791
21
85.062
31
0
0
LINE
5
CB3
330
C
100
AcDbEntity
8
0
100
AcDbLine
10
467.791
20
85.062
30
0
11
467.652
21
85.024
31
0
0
LINE
5
CB4
330
C
100
AcDbEntity
8
0
100
AcDbLine
10
467.652
20
85.024
30
0
11
467.652
21
85.024
31
0
0
LINE
5
CB5
330
C
100
AcDbEntity
8
0
100
AcDbLine
10
467.652
20
85.024
30
0
11
467.743
21
85.008
31
0
0
LINE
5
CB6
330
C
100
AcDbEntity
8
0
100
AcDbLine
10
467.743
20
85.008
30
0
11
467.832
21
84.988
31
0
0
LINE
5
CB7
330
C
100
AcDbEntity
8
0
100
AcDbLine
10
467.832
20
84.988
30
0
11
467.919
21
84.964
31
0
0
LINE
5
CB8
330
C
100
AcDbEntity
8
0
100
AcDbLine
10
467.919
20
84.964
30
0
11
468.004
21
84.937
31
0
0
LINE
5
CB9
330
C
100
AcDbEntity
8
0
100
AcDbLine
10
468.004
20
84.937
30
0
11
468.086
21
84.906
31
0
0
LINE
5
CBA
330
C
100
AcDbEntity
8
0
100
AcDbLine
10
468.086
20
84.906
30
0
11
468.166
21
84.872
31
0
0
LINE
5
CBB
330
C
100
AcDbEntity
8
0
100
AcDbLine
10
468.166
20
84.872
30
0
11
468.244
21
84.834
31
0
0
LINE
5
CBC
330
C
100
AcDbEntity
8
0
100
AcDbLine
10
468.244
20
84.834
30
0
11
468.32
21
84.792
31
0
0
LINE
5
CBD
330
C
100
AcDbEntity
8
0
100
AcDbLine
10
468.32
20
84.792
30
0
11
468.394
21
84.746
31
0
0
LINE
5
CBE
330
C
100
AcDbEntity
8
0
100
AcDbLine
10
468.394
20
84.746
30
0
11
468.465
21
84.697
31
0
0
LINE
5
CBF
330
C
100
AcDbEntity
8
0
100
AcDbLine
10
468.465
20
84.697
30
0
11
468.534
21
84.645
31
0
0
LINE
5
CC0
330
C
100
AcDbEntity
8
0
100
AcDbLine
10
468.534
20
84.645
30
0
11
468.599
21
84.59
31
0
0
LINE
5
CC1
330
C
100
AcDbEntity
8
0
100
AcDbLine
10
468.599
20
84.59
30
0
11
468.662
21
84.534
31
0
0
LINE
5
CC2
330
C
100
AcDbEntity
8
0
100
AcDbLine
10
468.662
20
84.534
30
0
11
468.721
21
84.475
31
0
0
LINE
5
CC3
330
C
100
AcDbEntity
8
0
100
AcDbLine
10
468.721
20
84.475
30
0
11
468.778
21
84.413
31
0
0
LINE
5
CC4
330
C
100
AcDbEntity
8
0
100
AcDbLine
10
468.778
20
84.413
30
0
11
468.831
21
84.35
31
0
0
LINE
5
CC5
330
C
100
AcDbEntity
8
0
100
AcDbLine
10
468.831
20
84.35
30
0
11
468.881
21
84.284
31
0
0
LINE
5
CC6
330
C
100
AcDbEntity
8
0
100
AcDbLine
10
468.881
20
84.284
30
0
11
468.929
21
84.216
31
0
0
LINE
5
CC7
330
C
100
AcDbEntity
8
0
100
AcDbLine
10
468.929
20
84.216
30
0
11
468.973
21
84.146
31
0
0
LINE
5
CC8
330
C
100
AcDbEntity
8
0
100
AcDbLine
10
468.973
20
84.146
30
0
11
469.014
21
84.073
31
0
0
LINE
5
CC9
330
C
100
AcDbEntity
8
0
100
AcDbLine
10
469.014
20
84.073
30
0
11
469.052
21
83.999
31
0
0
LINE
5
CCA
330
C
100
AcDbEntity
8
0
100
AcDbLine
10
469.052
20
83.999
30
0
11
469.085
21
83.923
31
0
0
LINE
5
CCB
330
C
100
AcDbEntity
8
0
100
AcDbLine
10
469.085
20
83.923
30
0
11
469.115
21
83.847
31
0
0
LINE
5
CCC
330
C
100
AcDbEntity
8
0
100
AcDbLine
10
469.115
20
83.847
30
0
11
469.141
21
83.77
31
0
0
LINE
5
CCD
330
C
100
AcDbEntity
8
0
100
AcDbLine
10
469.141
20
83.77
30
0
11
469.163
21
83.691
31
0
0
LINE
5
CCE
330
C
100
AcDbEntity
8
0
100
AcDbLine
10
469.163
20
83.691
30
0
11
469.18
21
83.612
31
0
0
LINE
5
CCF
330
C
100
AcDbEntity
8
0
100
AcDbLine
10
469.18
20
83.612
30
0
11
469.194
21
83.531
31
0
0
LINE
5
CD0
330
C
100
AcDbEntity
8
0
100
AcDbLine
10
469.194
20
83.531
30
0
11
469.204
21
83.45
31
0
0
LINE
5
CD1
330
C
100
AcDbEntity
8
0
100
AcDbLine
10
469.204
20
83.45
30
0
11
469.21
21
83.367
31
0
0
LINE
5
CD2
330
C
100
AcDbEntity
8
0
100
AcDbLine
10
469.21
20
83.367
30
0
11
469.212
21
83.284
31
0
0
LINE
5
CD3
330
C
100
AcDbEntity
8
0
100
AcDbLine
10
469.212
20
83.284
30
0
11
469.212
21
83.284
31
0
0
LINE
5
CD4
330
C
100
AcDbEntity
8
0
100
AcDbLine
10
469.212
20
83.284
30
0
11
469.211
21
83.207
31
0
0
LINE
5
CD5
330
C
100
AcDbEntity
8
0
100
AcDbLine
10
469.211
20
83.207
30
0
11
469.207
21
83.131
31
0
0
LINE
5
CD6
330
C
100
AcDbEntity
8
0
100
AcDbLine
10
469.207
20
83.131
30
0
11
469.2
21
83.055
31
0
0
LINE
5
CD7
330
C
100
AcDbEntity
8
0
100
AcDbLine
10
469.2
20
83.055
30
0
11
469.191
21
82.98
31
0
0
LINE
5
CD8
330
C
100
AcDbEntity
8
0
100
AcDbLine
10
469.191
20
82.98
30
0
11
469.18
21
82.904
31
0
0
LINE
5
CD9
330
C
100
AcDbEntity
8
0
100
AcDbLine
10
469.18
20
82.904
30
0
11
469.166
21
82.83
31
0
0
LINE
5
CDA
330
C
100
AcDbEntity
8
0
100
AcDbLine
10
469.166
20
82.83
30
0
11
469.149
21
82.755
31
0
0
LINE
5
CDB
330
C
100
AcDbEntity
8
0
100
AcDbLine
10
469.149
20
82.755
30
0
11
469.129
21
82.681
31
0
0
LINE
5
CDC
330
C
100
AcDbEntity
8
0
100
AcDbLine
10
469.129
20
82.681
30
0
11
469.108
21
82.607
31
0
0
LINE
5
CDD
330
C
100
AcDbEntity
8
0
100
AcDbLine
10
469.108
20
82.607
30
0
11
469.083
21
82.534
31
0
0
LINE
5
CDE
330
C
100
AcDbEntity
8
0
100
AcDbLine
10
469.083
20
82.534
30
0
11
469.055
21
82.462
31
0
0
LINE
5
CDF
330
C
100
AcDbEntity
8
0
100
AcDbLine
10
469.055
20
82.462
30
0
11
469.025
21
82.39
31
0
0
LINE
5
CE0
330
C
100
AcDbEntity
8
0
100
AcDbLine
10
469.025
20
82.39
30
0
11
468.99
21
82.321
31
0
0
LINE
5
CE1
330
C
100
AcDbEntity
8
0
100
AcDbLine
10
468.99
20
82.321
30
0
11
468.952
21
82.253
31
0
0
LINE
5
CE2
330
C
100
AcDbEntity
8
0
100
AcDbLine
10
468.952
20
82.253
30
0
11
468.911
21
82.186
31
0
0
LINE
5
CE3
330
C
100
AcDbEntity
8
0
100
AcDbLine
10
468.911
20
82.186
30
0
11
468.867
21
82.121
31
0
0
LINE
5
CE4
330
C
100
AcDbEntity
8
0
100
AcDbLine
10
468.867
20
82.121
30
0
11
468.819
21
82.057
31
0
0
LINE
5
CE5
330
C
100
AcDbEntity
8
0
100
AcDbLine
10
468.819
20
82.057
30
0
11
468.767
21
81.994
31
0
0
LINE
5
CE6
330
C
100
AcDbEntity
8
0
100
AcDbLine
10
468.767
20
81.994
30
0
11
468.712
21
81.934
31
0
0
LINE
5
CE7
330
C
100
AcDbEntity
8
0
100
AcDbLine
10
468.712
20
81.934
30
0
11
468.654
21
81.874
31
0
0
LINE
5
CE8
330
C
100
AcDbEntity
8
0
100
AcDbLine
10
468.654
20
81.874
30
0
11
468.592
21
81.816
31
0
0
LINE
5
CE9
330
C
100
AcDbEntity
8
0
100
AcDbLine
10
468.592
20
81.816
30
0
11
468.526
21
81.761
31
0
0
LINE
5
CEA
330
C
100
AcDbEntity
8
0
100
AcDbLine
10
468.526
20
81.761
30
0
11
468.456
21
81.708
31
0
0
LINE
5
CEB
330
C
100
AcDbEntity
8
0
100
AcDbLine
10
468.456
20
81.708
30
0
11
468.382
21
81.658
31
0
0
LINE
5
CEC
330
C
100
AcDbEntity
8
0
100
AcDbLine
10
468.382
20
81.658
30
0
11
468.305
21
81.61
31
0
0
LINE
5
CED
330
C
100
AcDbEntity
8
0
100
AcDbLine
10
468.305
20
81.61
30
0
11
468.223
21
81.564
31
0
0
LINE
5
CEE
330
C
100
AcDbEntity
8
0
100
AcDbLine
10
468.223
20
81.564
30
0
11
468.137
21
81.521
31
0
0
LINE
5
CEF
330
C
100
AcDbEntity
8
0
100
AcDbLine
10
468.137
20
81.521
30
0
11
468.047
21
81.48
31
0
0
LINE
5
CF0
330
C
100
AcDbEntity
8
0
100
AcDbLine
10
468.047
20
81.48
30
0
11
467.954
21
81.442
31
0
0
LINE
5
CF1
330
C
100
AcDbEntity
8
0
100
AcDbLine
10
467.954
20
81.442
30
0
11
467.856
21
81.406
31
0
0
LINE
5
CF2
330
C
100
AcDbEntity
8
0
100
AcDbLine
10
467.856
20
81.406
30
0
11
467.754
21
81.373
31
0
0
LINE
5
CF3
330
C
100
AcDbEntity
8
0
100
AcDbLine
10
467.754
20
81.373
30
0
11
467.647
21
81.343
31
0
0
LINE
5
CF4
330
C
100
AcDbEntity
8
0
100
AcDbLine
10
467.647
20
81.343
30
0
11
467.536
21
81.317
31
0
0
LINE
5
CF5
330
C
100
AcDbEntity
8
0
100
AcDbLine
10
467.536
20
81.317
30
0
11
467.419
21
81.295
31
0
0
LINE
5
CF6
330
C
100
AcDbEntity
8
0
100
AcDbLine
10
467.419
20
81.295
30
0
11
467.298
21
81.275
31
0
0
LINE
5
CF7
330
C
100
AcDbEntity
8
0
100
AcDbLine
10
467.298
20
81.275
30
0
11
467.172
21
81.26
31
0
0
LINE
5
CF8
330
C
100
AcDbEntity
8
0
100
AcDbLine
10
467.172
20
81.26
30
0
11
467.041
21
81.248
31
0
0
LINE
5
CF9
330
C
100
AcDbEntity
8
0
100
AcDbLine
10
467.041
20
81.248
30
0
11
466.906
21
81.239
31
0
0
LINE
5
CFA
330
C
100
AcDbEntity
8
0
100
AcDbLine
10
466.906
20
81.239
30
0
11
466.765
21
81.234
31
0
0
LINE
5
CFB
330
C
100
AcDbEntity
8
0
100
AcDbLine
10
466.765
20
81.234
30
0
11
466.62
21
81.232
31
0
0
LINE
5
CFC
330
C
100
AcDbEntity
8
0
100
AcDbLine
10
466.62
20
81.232
30
0
11
466.62
21
81.232
31
0
0
LINE
5
CFD
330
C
100
AcDbEntity
8
0
100
AcDbLine
10
466.62
20
81.232
30
0
11
466.62
21
81.232
31
0
0
LINE
5
CFE
330
C
100
AcDbEntity
8
0
100
AcDbLine
10
464.736
20
84.592
30
0
11
464.736
21
82.048
31
0
0
LINE
5
CFF
330
C
100
AcDbEntity
8
0
100
AcDbLine
10
464.736
20
82.048
30
0
11
466.608
21
82.048
31
0
0
LINE
5
D00
330
C
100
AcDbEntity
8
0
100
AcDbLine
10
466.608
20
82.048
30
0
11
466.775
21
82.052
31
0
0
LINE
5
D01
330
C
100
AcDbEntity
8
0
100
AcDbLine
10
466.775
20
82.052
30
0
11
466.932
21
82.062
31
0
0
LINE
5
D02
330
C
100
AcDbEntity
8
0
100
AcDbLine
10
466.932
20
82.062
30
0
11
467.079
21
82.08
31
0
0
LINE
5
D03
330
C
100
AcDbEntity
8
0
100
AcDbLine
10
467.079
20
82.08
30
0
11
467.217
21
82.106
31
0
0
LINE
5
D04
330
C
100
AcDbEntity
8
0
100
AcDbLine
10
467.217
20
82.106
30
0
11
467.345
21
82.138
31
0
0
LINE
5
D05
330
C
100
AcDbEntity
8
0
100
AcDbLine
10
467.345
20
82.138
30
0
11
467.464
21
82.178
31
0
0
LINE
5
D06
330
C
100
AcDbEntity
8
0
100
AcDbLine
10
467.464
20
82.178
30
0
11
467.573
21
82.224
31
0
0
LINE
5
D07
330
C
100
AcDbEntity
8
0
100
AcDbLine
10
467.573
20
82.224
30
0
11
467.672
21
82.278
31
0
0
LINE
5
D08
330
C
100
AcDbEntity
8
0
100
AcDbLine
10
467.672
20
82.278
30
0
11
467.761
21
82.34
31
0
0
LINE
5
D09
330
C
100
AcDbEntity
8
0
100
AcDbLine
10
467.761
20
82.34
30
0
11
467.841
21
82.408
31
0
0
LINE
5
D0A
330
C
100
AcDbEntity
8
0
100
AcDbLine
10
467.841
20
82.408
30
0
11
467.912
21
82.482
31
0
0
LINE
5
D0B
330
C
100
AcDbEntity
8
0
100
AcDbLine
10
467.912
20
82.482
30
0
11
467.976
21
82.56
31
0
0
LINE
5
D0C
330
C
100
AcDbEntity
8
0
100
AcDbLine
10
467.976
20
82.56
30
0
11
468.032
21
82.642
31
0
0
LINE
5
D0D
330
C
100
AcDbEntity
8
0
100
AcDbLine
10
468.032
20
82.642
30
0
11
468.081
21
82.729
31
0
0
LINE
5
D0E
330
C
100
AcDbEntity
8
0
100
AcDbLine
10
468.081
20
82.729
30
0
11
468.122
21
82.819
31
0
0
LINE
5
D0F
330
C
100
AcDbEntity
8
0
100
AcDbLine
10
468.122
20
82.819
30
0
11
468.156
21
82.913
31
0
0
LINE
5
D10
330
C
100
AcDbEntity
8
0
100
AcDbLine
10
468.156
20
82.913
30
0
11
468.182
21
83.012
31
0
0
LINE
5
D11
330
C
100
AcDbEntity
8
0
100
AcDbLine
10
468.182
20
83.012
30
0
11
468.201
21
83.115
31
0
0
LINE
5
D12
330
C
100
AcDbEntity
8
0
100
AcDbLine
10
468.201
20
83.115
30
0
11
468.212
21
83.221
31
0
0
LINE
5
D13
330
C
100
AcDbEntity
8
0
100
AcDbLine
10
468.212
20
83.221
30
0
11
468.216
21
83.332
31
0
0
LINE
5
D14
330
C
100
AcDbEntity
8
0
100
AcDbLine
10
468.216
20
83.332
30
0
11
468.216
21
83.332
31
0
0
LINE
5
D15
330
C
100
AcDbEntity
8
0
100
AcDbLine
10
468.216
20
83.332
30
0
11
468.212
21
83.444
31
0
0
LINE
5
D16
330
C
100
AcDbEntity
8
0
100
AcDbLine
10
468.212
20
83.444
30
0
11
468.2
21
83.551
31
0
0
LINE
5
D17
330
C
100
AcDbEntity
8
0
100
AcDbLine
10
468.2
20
83.551
30
0
11
468.179
21
83.654
31
0
0
LINE
5
D18
330
C
100
AcDbEntity
8
0
100
AcDbLine
10
468.179
20
83.654
30
0
11
468.151
21
83.752
31
0
0
LINE
5
D19
330
C
100
AcDbEntity
8
0
100
AcDbLine
10
468.151
20
83.752
30
0
11
468.114
21
83.846
31
0
0
LINE
5
D1A
330
C
100
AcDbEntity
8
0
100
AcDbLine
10
468.114
20
83.846
30
0
11
468.069
21
83.935
31
0
0
LINE
5
D1B
330
C
100
AcDbEntity
8
0
100
AcDbLine
10
468.069
20
83.935
30
0
11
468.016
21
84.02
31
0
0
LINE
5
D1C
330
C
100
AcDbEntity
8
0
100
AcDbLine
10
468.016
20
84.02
30
0
11
467.955
21
84.1
31
0
0
LINE
5
D1D
330
C
100
AcDbEntity
8
0
100
AcDbLine
10
467.955
20
84.1
30
0
11
467.886
21
84.176
31
0
0
LINE
5
D1E
330
C
100
AcDbEntity
8
0
100
AcDbLine
10
467.886
20
84.176
30
0
11
467.808
21
84.247
31
0
0
LINE
5
D1F
330
C
100
AcDbEntity
8
0
100
AcDbLine
10
467.808
20
84.247
30
0
11
467.723
21
84.313
31
0
0
LINE
5
D20
330
C
100
AcDbEntity
8
0
100
AcDbLine
10
467.723
20
84.313
30
0
11
467.629
21
84.371
31
0
0
LINE
5
D21
330
C
100
AcDbEntity
8
0
100
AcDbLine
10
467.629
20
84.371
30
0
11
467.529
21
84.423
31
0
0
LINE
5
D22
330
C
100
AcDbEntity
8
0
100
AcDbLine
10
467.529
20
84.423
30
0
11
467.42
21
84.468
31
0
0
LINE
5
D23
330
C
100
AcDbEntity
8
0
100
AcDbLine
10
467.42
20
84.468
30
0
11
467.304
21
84.506
31
0
0
LINE
5
D24
330
C
100
AcDbEntity
8
0
100
AcDbLine
10
467.304
20
84.506
30
0
11
467.18
21
84.537
31
0
0
LINE
5
D25
330
C
100
AcDbEntity
8
0
100
AcDbLine
10
467.18
20
84.537
30
0
11
467.049
21
84.561
31
0
0
LINE
5
D26
330
C
100
AcDbEntity
8
0
100
AcDbLine
10
467.049
20
84.561
30
0
11
466.909
21
84.578
31
0
0
LINE
5
D27
330
C
100
AcDbEntity
8
0
100
AcDbLine
10
466.909
20
84.578
30
0
11
466.763
21
84.589
31
0
0
LINE
5
D28
330
C
100
AcDbEntity
8
0
100
AcDbLine
10
466.763
20
84.589
30
0
11
466.608
21
84.592
31
0
0
LINE
5
D29
330
C
100
AcDbEntity
8
0
100
AcDbLine
10
466.608
20
84.592
30
0
11
466.608
21
84.592
31
0
0
LINE
5
D2A
330
C
100
AcDbEntity
8
0
100
AcDbLine
10
466.608
20
84.592
30
0
11
464.736
21
84.592
31
0
0
LINE
5
D2B
330
C
100
AcDbEntity
8
0
100
AcDbLine
10
464.736
20
84.592
30
0
11
464.736
21
84.592
31
0
0
LINE
5
D2C
330
C
100
AcDbEntity
8
0
100
AcDbLine
10
466.596
20
87.964
30
0
11
464.736
21
87.964
31
0
0
LINE
5
D2D
330
C
100
AcDbEntity
8
0
100
AcDbLine
10
464.736
20
87.964
30
0
11
464.736
21
85.396
31
0
0
LINE
5
D2E
330
C
100
AcDbEntity
8
0
100
AcDbLine
10
464.736
20
85.396
30
0
11
466.584
21
85.396
31
0
0
LINE
5
D2F
330
C
100
AcDbEntity
8
0
100
AcDbLine
10
466.584
20
85.396
30
0
11
466.722
21
85.399
31
0
0
LINE
5
D30
330
C
100
AcDbEntity
8
0
100
AcDbLine
10
466.722
20
85.399
30
0
11
466.853
21
85.41
31
0
0
LINE
5
D31
330
C
100
AcDbEntity
8
0
100
AcDbLine
10
466.853
20
85.41
30
0
11
466.98
21
85.427
31
0
0
LINE
5
D32
330
C
100
AcDbEntity
8
0
100
AcDbLine
10
466.98
20
85.427
30
0
11
467.1
21
85.451
31
0
0
LINE
5
D33
330
C
100
AcDbEntity
8
0
100
AcDbLine
10
467.1
20
85.451
30
0
11
467.215
21
85.482
31
0
0
LINE
5
D34
330
C
100
AcDbEntity
8
0
100
AcDbLine
10
467.215
20
85.482
30
0
11
467.324
21
85.52
31
0
0
LINE
5
D35
330
C
100
AcDbEntity
8
0
100
AcDbLine
10
467.324
20
85.52
30
0
11
467.427
21
85.565
31
0
0
LINE
5
D36
330
C
100
AcDbEntity
8
0
100
AcDbLine
10
467.427
20
85.565
30
0
11
467.525
21
85.617
31
0
0
LINE
5
D37
330
C
100
AcDbEntity
8
0
100
AcDbLine
10
467.525
20
85.617
30
0
11
467.617
21
85.675
31
0
0
LINE
5
D38
330
C
100
AcDbEntity
8
0
100
AcDbLine
10
467.617
20
85.675
30
0
11
467.703
21
85.741
31
0
0
LINE
5
D39
330
C
100
AcDbEntity
8
0
100
AcDbLine
10
467.703
20
85.741
30
0
11
467.782
21
85.813
31
0
0
LINE
5
D3A
330
C
100
AcDbEntity
8
0
100
AcDbLine
10
467.782
20
85.813
30
0
11
467.853
21
85.89
31
0
0
LINE
5
D3B
330
C
100
AcDbEntity
8
0
100
AcDbLine
10
467.853
20
85.89
30
0
11
467.916
21
85.974
31
0
0
LINE
5
D3C
330
C
100
AcDbEntity
8
0
100
AcDbLine
10
467.916
20
85.974
30
0
11
467.97
21
86.063
31
0
0
LINE
5
D3D
330
C
100
AcDbEntity
8
0
100
AcDbLine
10
467.97
20
86.063
30
0
11
468.016
21
86.157
31
0
0
LINE
5
D3E
330
C
100
AcDbEntity
8
0
100
AcDbLine
10
468.016
20
86.157
30
0
11
468.053
21
86.258
31
0
0
LINE
5
D3F
330
C
100
AcDbEntity
8
0
100
AcDbLine
10
468.053
20
86.258
30
0
11
468.082
21
86.364
31
0
0
LINE
5
D40
330
C
100
AcDbEntity
8
0
100
AcDbLine
10
468.082
20
86.364
30
0
11
468.103
21
86.475
31
0
0
LINE
5
D41
330
C
100
AcDbEntity
8
0
100
AcDbLine
10
468.103
20
86.475
30
0
11
468.116
21
86.593
31
0
0
LINE
5
D42
330
C
100
AcDbEntity
8
0
100
AcDbLine
10
468.116
20
86.593
30
0
11
468.12
21
86.716
31
0
0
LINE
5
D43
330
C
100
AcDbEntity
8
0
100
AcDbLine
10
468.12
20
86.716
30
0
11
468.12
21
86.716
31
0
0
LINE
5
D44
330
C
100
AcDbEntity
8
0
100
AcDbLine
10
468.12
20
86.716
30
0
11
468.116
21
86.831
31
0
0
LINE
5
D45
330
C
100
AcDbEntity
8
0
100
AcDbLine
10
468.116
20
86.831
30
0
11
468.104
21
86.941
31
0
0
LINE
5
D46
330
C
100
AcDbEntity
8
0
100
AcDbLine
10
468.104
20
86.941
30
0
11
468.084
21
87.046
31
0
0
LINE
5
D47
330
C
100
AcDbEntity
8
0
100
AcDbLine
10
468.084
20
87.046
30
0
11
468.055
21
87.145
31
0
0
LINE
5
D48
330
C
100
AcDbEntity
8
0
100
AcDbLine
10
468.055
20
87.145
30
0
11
468.019
21
87.24
31
0
0
LINE
5
D49
330
C
100
AcDbEntity
8
0
100
AcDbLine
10
468.019
20
87.24
30
0
11
467.974
21
87.329
31
0
0
LINE
5
D4A
330
C
100
AcDbEntity
8
0
100
AcDbLine
10
467.974
20
87.329
30
0
11
467.922
21
87.413
31
0
0
LINE
5
D4B
330
C
100
AcDbEntity
8
0
100
AcDbLine
10
467.922
20
87.413
30
0
11
467.861
21
87.492
31
0
0
LINE
5
D4C
330
C
100
AcDbEntity
8
0
100
AcDbLine
10
467.861
20
87.492
30
0
11
467.792
21
87.565
31
0
0
LINE
5
D4D
330
C
100
AcDbEntity
8
0
100
AcDbLine
10
467.792
20
87.565
30
0
11
467.715
21
87.634
31
0
0
LINE
5
D4E
330
C
100
AcDbEntity
8
0
100
AcDbLine
10
467.715
20
87.634
30
0
11
467.631
21
87.697
31
0
0
LINE
5
D4F
330
C
100
AcDbEntity
8
0
100
AcDbLine
10
467.631
20
87.697
30
0
11
467.541
21
87.753
31
0
0
LINE
5
D50
330
C
100
AcDbEntity
8
0
100
AcDbLine
10
467.541
20
87.753
30
0
11
467.444
21
87.802
31
0
0
LINE
5
D51
330
C
100
AcDbEntity
8
0
100
AcDbLine
10
467.444
20
87.802
30
0
11
467.342
21
87.845
31
0
0
LINE
5
D52
330
C
100
AcDbEntity
8
0
100
AcDbLine
10
467.342
20
87.845
30
0
11
467.233
21
87.882
31
0
0
LINE
5
D53
330
C
100
AcDbEntity
8
0
100
AcDbLine
10
467.233
20
87.882
30
0
11
467.118
21
87.911
31
0
0
LINE
5
D54
330
C
100
AcDbEntity
8
0
100
AcDbLine
10
467.118
20
87.911
30
0
11
466.997
21
87.934
31
0
0
LINE
5
D55
330
C
100
AcDbEntity
8
0
100
AcDbLine
10
466.997
20
87.934
30
0
11
466.869
21
87.951
31
0
0
LINE
5
D56
330
C
100
AcDbEntity
8
0
100
AcDbLine
10
466.869
20
87.951
30
0
11
466.736
21
87.961
31
0
0
LINE
5
D57
330
C
100
AcDbEntity
8
0
100
AcDbLine
10
466.736
20
87.961
30
0
11
466.596
21
87.964
31
0
0
LINE
5
D58
330
C
100
AcDbEntity
8
0
100
AcDbLine
10
466.596
20
87.964
30
0
11
466.596
21
87.964
31
0
0
LINE
5
D59
330
C
100
AcDbEntity
8
0
100
AcDbLine
10
466.596
20
87.964
30
0
11
466.596
21
87.964
31
0
0
LINE
5
D5A
330
C
100
AcDbEntity
8
0
100
AcDbLine
10
473.334
20
81.088
30
0
11
473.334
21
81.088
31
0
0
LINE
5
D5B
330
C
100
AcDbEntity
8
0
100
AcDbLine
10
473.334
20
81.088
30
0
11
473.181
21
81.091
31
0
0
LINE
5
D5C
330
C
100
AcDbEntity
8
0
100
AcDbLine
10
473.181
20
81.091
30
0
11
473.031
21
81.102
31
0
0
LINE
5
D5D
330
C
100
AcDbEntity
8
0
100
AcDbLine
10
473.031
20
81.102
30
0
11
472.885
21
81.119
31
0
0
LINE
5
D5E
330
C
100
AcDbEntity
8
0
100
AcDbLine
10
472.885
20
81.119
30
0
11
472.742
21
81.143
31
0
0
LINE
5
D5F
330
C
100
AcDbEntity
8
0
100
AcDbLine
10
472.742
20
81.143
30
0
11
472.603
21
81.174
31
0
0
LINE
5
D60
330
C
100
AcDbEntity
8
0
100
AcDbLine
10
472.603
20
81.174
30
0
11
472.467
21
81.211
31
0
0
LINE
5
D61
330
C
100
AcDbEntity
8
0
100
AcDbLine
10
472.467
20
81.211
30
0
11
472.334
21
81.256
31
0
0
LINE
5
D62
330
C
100
AcDbEntity
8
0
100
AcDbLine
10
472.334
20
81.256
30
0
11
472.205
21
81.307
31
0
0
LINE
5
D63
330
C
100
AcDbEntity
8
0
100
AcDbLine
10
472.205
20
81.307
30
0
11
472.079
21
81.365
31
0
0
LINE
5
D64
330
C
100
AcDbEntity
8
0
100
AcDbLine
10
472.079
20
81.365
30
0
11
471.957
21
81.43
31
0
0
LINE
5
D65
330
C
100
AcDbEntity
8
0
100
AcDbLine
10
471.957
20
81.43
30
0
11
471.839
21
81.502
31
0
0
LINE
5
D66
330
C
100
AcDbEntity
8
0
100
AcDbLine
10
471.839
20
81.502
30
0
11
471.726
21
81.58
31
0
0
LINE
5
D67
330
C
100
AcDbEntity
8
0
100
AcDbLine
10
471.726
20
81.58
30
0
11
471.618
21
81.665
31
0
0
LINE
5
D68
330
C
100
AcDbEntity
8
0
100
AcDbLine
10
471.618
20
81.665
30
0
11
471.515
21
81.756
31
0
0
LINE
5
D69
330
C
100
AcDbEntity
8
0
100
AcDbLine
10
471.515
20
81.756
30
0
11
471.418
21
81.855
31
0
0
LINE
5
D6A
330
C
100
AcDbEntity
8
0
100
AcDbLine
10
471.418
20
81.855
30
0
11
471.325
21
81.959
31
0
0
LINE
5
D6B
330
C
100
AcDbEntity
8
0
100
AcDbLine
10
471.325
20
81.959
30
0
11
471.238
21
82.07
31
0
0
LINE
5
D6C
330
C
100
AcDbEntity
8
0
100
AcDbLine
10
471.238
20
82.07
30
0
11
471.155
21
82.188
31
0
0
LINE
5
D6D
330
C
100
AcDbEntity
8
0
100
AcDbLine
10
471.155
20
82.188
30
0
11
471.078
21
82.313
31
0
0
LINE
5
D6E
330
C
100
AcDbEntity
8
0
100
AcDbLine
10
471.078
20
82.313
30
0
11
471.006
21
82.444
31
0
0
LINE
5
D6F
330
C
100
AcDbEntity
8
0
100
AcDbLine
10
471.006
20
82.444
30
0
11
470.94
21
82.582
31
0
0
LINE
5
D70
330
C
100
AcDbEntity
8
0
100
AcDbLine
10
470.94
20
82.582
30
0
11
470.881
21
82.725
31
0
0
LINE
5
D71
330
C
100
AcDbEntity
8
0
100
AcDbLine
10
470.881
20
82.725
30
0
11
470.829
21
82.875
31
0
0
LINE
5
D72
330
C
100
AcDbEntity
8
0
100
AcDbLine
10
470.829
20
82.875
30
0
11
470.783
21
83.032
31
0
0
LINE
5
D73
330
C
100
AcDbEntity
8
0
100
AcDbLine
10
470.783
20
83.032
30
0
11
470.745
21
83.194
31
0
0
LINE
5
D74
330
C
100
AcDbEntity
8
0
100
AcDbLine
10
470.745
20
83.194
30
0
11
470.714
21
83.363
31
0
0
LINE
5
D75
330
C
100
AcDbEntity
8
0
100
AcDbLine
10
470.714
20
83.363
30
0
11
470.689
21
83.538
31
0
0
LINE
5
D76
330
C
100
AcDbEntity
8
0
100
AcDbLine
10
470.689
20
83.538
30
0
11
470.672
21
83.719
31
0
0
LINE
5
D77
330
C
100
AcDbEntity
8
0
100
AcDbLine
10
470.672
20
83.719
30
0
11
470.661
21
83.906
31
0
0
LINE
5
D78
330
C
100
AcDbEntity
8
0
100
AcDbLine
10
470.661
20
83.906
30
0
11
470.658
21
84.1
31
0
0
LINE
5
D79
330
C
100
AcDbEntity
8
0
100
AcDbLine
10
470.658
20
84.1
30
0
11
470.658
21
84.1
31
0
0
LINE
5
D7A
330
C
100
AcDbEntity
8
0
100
AcDbLine
10
470.658
20
84.1
30
0
11
470.661
21
84.295
31
0
0
LINE
5
D7B
330
C
100
AcDbEntity
8
0
100
AcDbLine
10
470.661
20
84.295
30
0
11
470.672
21
84.483
31
0
0
LINE
5
D7C
330
C
100
AcDbEntity
8
0
100
AcDbLine
10
470.672
20
84.483
30
0
11
470.689
21
84.665
31
0
0
LINE
5
D7D
330
C
100
AcDbEntity
8
0
100
AcDbLine
10
470.689
20
84.665
30
0
11
470.714
21
84.841
31
0
0
LINE
5
D7E
330
C
100
AcDbEntity
8
0
100
AcDbLine
10
470.714
20
84.841
30
0
11
470.745
21
85.01
31
0
0
LINE
5
D7F
330
C
100
AcDbEntity
8
0
100
AcDbLine
10
470.745
20
85.01
30
0
11
470.783
21
85.172
31
0
0
LINE
5
D80
330
C
100
AcDbEntity
8
0
100
AcDbLine
10
470.783
20
85.172
30
0
11
470.829
21
85.329
31
0
0
LINE
5
D81
330
C
100
AcDbEntity
8
0
100
AcDbLine
10
470.829
20
85.329
30
0
11
470.881
21
85.479
31
0
0
LINE
5
D82
330
C
100
AcDbEntity
8
0
100
AcDbLine
10
470.881
20
85.479
30
0
11
470.94
21
85.622
31
0
0
LINE
5
D83
330
C
100
AcDbEntity
8
0
100
AcDbLine
10
470.94
20
85.622
30
0
11
471.006
21
85.759
31
0
0
LINE
5
D84
330
C
100
AcDbEntity
8
0
100
AcDbLine
10
471.006
20
85.759
30
0
11
471.078
21
85.89
31
0
0
LINE
5
D85
330
C
100
AcDbEntity
8
0
100
AcDbLine
10
471.078
20
85.89
30
0
11
471.155
21
86.014
31
0
0
LINE
5
D86
330
C
100
AcDbEntity
8
0
100
AcDbLine
10
471.155
20
86.014
30
0
11
471.238
21
86.131
31
0
0
LINE
5
D87
330
C
100
AcDbEntity
8
0
100
AcDbLine
10
471.238
20
86.131
30
0
11
471.325
21
86.242
31
0
0
LINE
5
D88
330
C
100
AcDbEntity
8
0
100
AcDbLine
10
471.325
20
86.242
30
0
11
471.418
21
86.346
31
0
0
LINE
5
D89
330
C
100
AcDbEntity
8
0
100
AcDbLine
10
471.418
20
86.346
30
0
11
471.515
21
86.444
31
0
0
LINE
5
D8A
330
C
100
AcDbEntity
8
0
100
AcDbLine
10
471.515
20
86.444
30
0
11
471.618
21
86.535
31
0
0
LINE
5
D8B
330
C
100
AcDbEntity
8
0
100
AcDbLine
10
471.618
20
86.535
30
0
11
471.726
21
86.62
31
0
0
LINE
5
D8C
330
C
100
AcDbEntity
8
0
100
AcDbLine
10
471.726
20
86.62
30
0
11
471.839
21
86.698
31
0
0
LINE
5
D8D
330
C
100
AcDbEntity
8
0
100
AcDbLine
10
471.839
20
86.698
30
0
11
471.957
21
86.77
31
0
0
LINE
5
D8E
330
C
100
AcDbEntity
8
0
100
AcDbLine
10
471.957
20
86.77
30
0
11
472.079
21
86.835
31
0
0
LINE
5
D8F
330
C
100
AcDbEntity
8
0
100
AcDbLine
10
472.079
20
86.835
30
0
11
472.205
21
86.893
31
0
0
LINE
5
D90
330
C
100
AcDbEntity
8
0
100
AcDbLine
10
472.205
20
86.893
30
0
11
472.334
21
86.944
31
0
0
LINE
5
D91
330
C
100
AcDbEntity
8
0
100
AcDbLine
10
472.334
20
86.944
30
0
11
472.467
21
86.989
31
0
0
LINE
5
D92
330
C
100
AcDbEntity
8
0
100
AcDbLine
10
472.467
20
86.989
30
0
11
472.603
21
87.026
31
0
0
LINE
5
D93
330
C
100
AcDbEntity
8
0
100
AcDbLine
10
472.603
20
87.026
30
0
11
472.742
21
87.057
31
0
0
LINE
5
D94
330
C
100
AcDbEntity
8
0
100
AcDbLine
10
472.742
20
87.057
30
0
11
472.885
21
87.081
31
0
0
LINE
5
D95
330
C
100
AcDbEntity
8
0
100
AcDbLine
10
472.885
20
87.081
30
0
11
473.031
21
87.098
31
0
0
LINE
5
D96
330
C
100
AcDbEntity
8
0
100
AcDbLine
10
473.031
20
87.098
30
0
11
473.181
21
87.109
31
0
0
LINE
5
D97
330
C
100
AcDbEntity
8
0
100
AcDbLine
10
473.181
20
87.109
30
0
11
473.334
21
87.112
31
0
0
LINE
5
D98
330
C
100
AcDbEntity
8
0
100
AcDbLine
10
473.334
20
87.112
30
0
11
473.334
21
87.112
31
0
0
LINE
5
D99
330
C
100
AcDbEntity
8
0
100
AcDbLine
10
473.334
20
87.112
30
0
11
473.486
21
87.109
31
0
0
LINE
5
D9A
330
C
100
AcDbEntity
8
0
100
AcDbLine
10
473.486
20
87.109
30
0
11
473.635
21
87.098
31
0
0
LINE
5
D9B
330
C
100
AcDbEntity
8
0
100
AcDbLine
10
473.635
20
87.098
30
0
11
473.78
21
87.081
31
0
0
LINE
5
D9C
330
C
100
AcDbEntity
8
0
100
AcDbLine
10
473.78
20
87.081
30
0
11
473.922
21
87.057
31
0
0
LINE
5
D9D
330
C
100
AcDbEntity
8
0
100
AcDbLine
10
473.922
20
87.057
30
0
11
474.061
21
87.026
31
0
0
LINE
5
D9E
330
C
100
AcDbEntity
8
0
100
AcDbLine
10
474.061
20
87.026
30
0
11
474.196
21
86.989
31
0
0
LINE
5
D9F
330
C
100
AcDbEntity
8
0
100
AcDbLine
10
474.196
20
86.989
30
0
11
474.328
21
86.944
31
0
0
LINE
5
DA0
330
C
100
AcDbEntity
8
0
100
AcDbLine
10
474.328
20
86.944
30
0
11
474.457
21
86.893
31
0
0
LINE
5
DA1
330
C
100
AcDbEntity
8
0
100
AcDbLine
10
474.457
20
86.893
30
0
11
474.583
21
86.835
31
0
0
LINE
5
DA2
330
C
100
AcDbEntity
8
0
100
AcDbLine
10
474.583
20
86.835
30
0
11
474.705
21
86.77
31
0
0
LINE
5
DA3
330
C
100
AcDbEntity
8
0
100
AcDbLine
10
474.705
20
86.77
30
0
11
474.823
21
86.698
31
0
0
LINE
5
DA4
330
C
100
AcDbEntity
8
0
100
AcDbLine
10
474.823
20
86.698
30
0
11
474.936
21
86.62
31
0
0
LINE
5
DA5
330
C
100
AcDbEntity
8
0
100
AcDbLine
10
474.936
20
86.62
30
0
11
475.044
21
86.535
31
0
0
LINE
5
DA6
330
C
100
AcDbEntity
8
0
100
AcDbLine
10
475.044
20
86.535
30
0
11
475.146
21
86.444
31
0
0
LINE
5
DA7
330
C
100
AcDbEntity
8
0
100
AcDbLine
10
475.146
20
86.444
30
0
11
475.243
21
86.346
31
0
0
LINE
5
DA8
330
C
100
AcDbEntity
8
0
100
AcDbLine
10
475.243
20
86.346
30
0
11
475.336
21
86.242
31
0
0
LINE
5
DA9
330
C
100
AcDbEntity
8
0
100
AcDbLine
10
475.336
20
86.242
30
0
11
475.423
21
86.131
31
0
0
LINE
5
DAA
330
C
100
AcDbEntity
8
0
100
AcDbLine
10
475.423
20
86.131
30
0
11
475.505
21
86.014
31
0
0
LINE
5
DAB
330
C
100
AcDbEntity
8
0
100
AcDbLine
10
475.505
20
86.014
30
0
11
475.581
21
85.89
31
0
0
LINE
5
DAC
330
C
100
AcDbEntity
8
0
100
AcDbLine
10
475.581
20
85.89
30
0
11
475.653
21
85.759
31
0
0
LINE
5
DAD
330
C
100
AcDbEntity
8
0
100
AcDbLine
10
475.653
20
85.759
30
0
11
475.719
21
85.622
31
0
0
LINE
5
DAE
330
C
100
AcDbEntity
8
0
100
AcDbLine
10
475.719
20
85.622
30
0
11
475.777
21
85.479
31
0
0
LINE
5
DAF
330
C
100
AcDbEntity
8
0
100
AcDbLine
10
475.777
20
85.479
30
0
11
475.829
21
85.329
31
0
0
LINE
5
DB0
330
C
100
AcDbEntity
8
0
100
AcDbLine
10
475.829
20
85.329
30
0
11
475.874
21
85.172
31
0
0
LINE
5
DB1
330
C
100
AcDbEntity
8
0
100
AcDbLine
10
475.874
20
85.172
30
0
11
475.912
21
85.01
31
0
0
LINE
5
DB2
330
C
100
AcDbEntity
8
0
100
AcDbLine
10
475.912
20
85.01
30
0
11
475.943
21
84.841
31
0
0
LINE
5
DB3
330
C
100
AcDbEntity
8
0
100
AcDbLine
10
475.943
20
84.841
30
0
11
475.967
21
84.665
31
0
0
LINE
5
DB4
330
C
100
AcDbEntity
8
0
100
AcDbLine
10
475.967
20
84.665
30
0
11
475.984
21
84.483
31
0
0
LINE
5
DB5
330
C
100
AcDbEntity
8
0
100
AcDbLine
10
475.984
20
84.483
30
0
11
475.995
21
84.295
31
0
0
LINE
5
DB6
330
C
100
AcDbEntity
8
0
100
AcDbLine
10
475.995
20
84.295
30
0
11
475.998
21
84.1
31
0
0
LINE
5
DB7
330
C
100
AcDbEntity
8
0
100
AcDbLine
10
475.998
20
84.1
30
0
11
475.998
21
84.1
31
0
0
LINE
5
DB8
330
C
100
AcDbEntity
8
0
100
AcDbLine
10
475.998
20
84.1
30
0
11
475.995
21
83.906
31
0
0
LINE
5
DB9
330
C
100
AcDbEntity
8
0
100
AcDbLine
10
475.995
20
83.906
30
0
11
475.984
21
83.719
31
0
0
LINE
5
DBA
330
C
100
AcDbEntity
8
0
100
AcDbLine
10
475.984
20
83.719
30
0
11
475.967
21
83.538
31
0
0
LINE
5
DBB
330
C
100
AcDbEntity
8
0
100
AcDbLine
10
475.967
20
83.538
30
0
11
475.943
21
83.363
31
0
0
LINE
5
DBC
330
C
100
AcDbEntity
8
0
100
AcDbLine
10
475.943
20
83.363
30
0
11
475.912
21
83.194
31
0
0
LINE
5
DBD
330
C
100
AcDbEntity
8
0
100
AcDbLine
10
475.912
20
83.194
30
0
11
475.874
21
83.032
31
0
0
LINE
5
DBE
330
C
100
AcDbEntity
8
0
100
AcDbLine
10
475.874
20
83.032
30
0
11
475.829
21
82.875
31
0
0
LINE
5
DBF
330
C
100
AcDbEntity
8
0
100
AcDbLine
10
475.829
20
82.875
30
0
11
475.777
21
82.725
31
0
0
LINE
5
DC0
330
C
100
AcDbEntity
8
0
100
AcDbLine
10
475.777
20
82.725
30
0
11
475.719
21
82.582
31
0
0
LINE
5
DC1
330
C
100
AcDbEntity
8
0
100
AcDbLine
10
475.719
20
82.582
30
0
11
475.653
21
82.444
31
0
0
LINE
5
DC2
330
C
100
AcDbEntity
8
0
100
AcDbLine
10
475.653
20
82.444
30
0
11
475.581
21
82.313
31
0
0
LINE
5
DC3
330
C
100
AcDbEntity
8
0
100
AcDbLine
10
475.581
20
82.313
30
0
11
475.505
21
82.188
31
0
0
LINE
5
DC4
330
C
100
AcDbEntity
8
0
100
AcDbLine
10
475.505
20
82.188
30
0
11
475.423
21
82.07
31
0
0
LINE
5
DC5
330
C
100
AcDbEntity
8
0
100
AcDbLine
10
475.423
20
82.07
30
0
11
475.336
21
81.959
31
0
0
LINE
5
DC6
330
C
100
AcDbEntity
8
0
100
AcDbLine
10
475.336
20
81.959
30
0
11
475.243
21
81.855
31
0
0
LINE
5
DC7
330
C
100
AcDbEntity
8
0
100
AcDbLine
10
475.243
20
81.855
30
0
11
475.146
21
81.756
31
0
0
LINE
5
DC8
330
C
100
AcDbEntity
8
0
100
AcDbLine
10
475.146
20
81.756
30
0
11
475.044
21
81.665
31
0
0
LINE
5
DC9
330
C
100
AcDbEntity
8
0
100
AcDbLine
10
475.044
20
81.665
30
0
11
474.936
21
81.58
31
0
0
LINE
5
DCA
330
C
100
AcDbEntity
8
0
100
AcDbLine
10
474.936
20
81.58
30
0
11
474.823
21
81.502
31
0
0
LINE
5
DCB
330
C
100
AcDbEntity
8
0
100
AcDbLine
10
474.823
20
81.502
30
0
11
474.705
21
81.43
31
0
0
LINE
5
DCC
330
C
100
AcDbEntity
8
0
100
AcDbLine
10
474.705
20
81.43
30
0
11
474.583
21
81.365
31
0
0
LINE
5
DCD
330
C
100
AcDbEntity
8
0
100
AcDbLine
10
474.583
20
81.365
30
0
11
474.457
21
81.307
31
0
0
LINE
5
DCE
330
C
100
AcDbEntity
8
0
100
AcDbLine
10
474.457
20
81.307
30
0
11
474.328
21
81.256
31
0
0
LINE
5
DCF
330
C
100
AcDbEntity
8
0
100
AcDbLine
10
474.328
20
81.256
30
0
11
474.196
21
81.211
31
0
0
LINE
5
DD0
330
C
100
AcDbEntity
8
0
100
AcDbLine
10
474.196
20
81.211
30
0
11
474.061
21
81.174
31
0
0
LINE
5
DD1
330
C
100
AcDbEntity
8
0
100
AcDbLine
10
474.061
20
81.174
30
0
11
473.922
21
81.143
31
0
0
LINE
5
DD2
330
C
100
AcDbEntity
8
0
100
AcDbLine
10
473.922
20
81.143
30
0
11
473.78
21
81.119
31
0
0
LINE
5
DD3
330
C
100
AcDbEntity
8
0
100
AcDbLine
10
473.78
20
81.119
30
0
11
473.635
21
81.102
31
0
0
LINE
5
DD4
330
C
100
AcDbEntity
8
0
100
AcDbLine
10
473.635
20
81.102
30
0
11
473.486
21
81.091
31
0
0
LINE
5
DD5
330
C
100
AcDbEntity
8
0
100
AcDbLine
10
473.486
20
81.091
30
0
11
473.334
21
81.088
31
0
0
LINE
5
DD6
330
C
100
AcDbEntity
8
0
100
AcDbLine
10
473.334
20
81.088
30
0
11
473.334
21
81.088
31
0
0
LINE
5
DD7
330
C
100
AcDbEntity
8
0
100
AcDbLine
10
473.31
20
81.904
30
0
11
473.31
21
81.904
31
0
0
LINE
5
DD8
330
C
100
AcDbEntity
8
0
100
AcDbLine
10
473.31
20
81.904
30
0
11
473.42
21
81.907
31
0
0
LINE
5
DD9
330
C
100
AcDbEntity
8
0
100
AcDbLine
10
473.42
20
81.907
30
0
11
473.526
21
81.915
31
0
0
LINE
5
DDA
330
C
100
AcDbEntity
8
0
100
AcDbLine
10
473.526
20
81.915
30
0
11
473.63
21
81.928
31
0
0
LINE
5
DDB
330
C
100
AcDbEntity
8
0
100
AcDbLine
10
473.63
20
81.928
30
0
11
473.73
21
81.947
31
0
0
LINE
5
DDC
330
C
100
AcDbEntity
8
0
100
AcDbLine
10
473.73
20
81.947
30
0
11
473.826
21
81.971
31
0
0
LINE
5
DDD
330
C
100
AcDbEntity
8
0
100
AcDbLine
10
473.826
20
81.971
30
0
11
473.919
21
82
31
0
0
LINE
5
DDE
330
C
100
AcDbEntity
8
0
100
AcDbLine
10
473.919
20
82
30
0
11
474.009
21
82.035
31
0
0
LINE
5
DDF
330
C
100
AcDbEntity
8
0
100
AcDbLine
10
474.009
20
82.035
30
0
11
474.095
21
82.075
31
0
0
LINE
5
DE0
330
C
100
AcDbEntity
8
0
100
AcDbLine
10
474.095
20
82.075
30
0
11
474.178
21
82.12
31
0
0
LINE
5
DE1
330
C
100
AcDbEntity
8
0
100
AcDbLine
10
474.178
20
82.12
30
0
11
474.258
21
82.171
31
0
0
LINE
5
DE2
330
C
100
AcDbEntity
8
0
100
AcDbLine
10
474.258
20
82.171
30
0
11
474.334
21
82.227
31
0
0
LINE
5
DE3
330
C
100
AcDbEntity
8
0
100
AcDbLine
10
474.334
20
82.227
30
0
11
474.406
21
82.287
31
0
0
LINE
5
DE4
330
C
100
AcDbEntity
8
0
100
AcDbLine
10
474.406
20
82.287
30
0
11
474.475
21
82.351
31
0
0
LINE
5
DE5
330
C
100
AcDbEntity
8
0
100
AcDbLine
10
474.475
20
82.351
30
0
11
474.54
21
82.421
31
0
0
LINE
5
DE6
330
C
100
AcDbEntity
8
0
100
AcDbLine
10
474.54
20
82.421
30
0
11
474.601
21
82.494
31
0
0
LINE
5
DE7
330
C
100
AcDbEntity
8
0
100
AcDbLine
10
474.601
20
82.494
30
0
11
474.658
21
82.572
31
0
0
LINE
5
DE8
330
C
100
AcDbEntity
8
0
100
AcDbLine
10
474.658
20
82.572
30
0
11
474.711
21
82.655
31
0
0
LINE
5
DE9
330
C
100
AcDbEntity
8
0
100
AcDbLine
10
474.711
20
82.655
30
0
11
474.761
21
82.742
31
0
0
LINE
5
DEA
330
C
100
AcDbEntity
8
0
100
AcDbLine
10
474.761
20
82.742
30
0
11
474.807
21
82.834
31
0
0
LINE
5
DEB
330
C
100
AcDbEntity
8
0
100
AcDbLine
10
474.807
20
82.834
30
0
11
474.849
21
82.93
31
0
0
LINE
5
DEC
330
C
100
AcDbEntity
8
0
100
AcDbLine
10
474.849
20
82.93
30
0
11
474.887
21
83.03
31
0
0
LINE
5
DED
330
C
100
AcDbEntity
8
0
100
AcDbLine
10
474.887
20
83.03
30
0
11
474.921
21
83.134
31
0
0
LINE
5
DEE
330
C
100
AcDbEntity
8
0
100
AcDbLine
10
474.921
20
83.134
30
0
11
474.952
21
83.242
31
0
0
LINE
5
DEF
330
C
100
AcDbEntity
8
0
100
AcDbLine
10
474.952
20
83.242
30
0
11
474.978
21
83.353
31
0
0
LINE
5
DF0
330
C
100
AcDbEntity
8
0
100
AcDbLine
10
474.978
20
83.353
30
0
11
475
21
83.469
31
0
0
LINE
5
DF1
330
C
100
AcDbEntity
8
0
100
AcDbLine
10
475
20
83.469
30
0
11
475.018
21
83.587
31
0
0
LINE
5
DF2
330
C
100
AcDbEntity
8
0
100
AcDbLine
10
475.018
20
83.587
30
0
11
475.032
21
83.71
31
0
0
LINE
5
DF3
330
C
100
AcDbEntity
8
0
100
AcDbLine
10
475.032
20
83.71
30
0
11
475.042
21
83.836
31
0
0
LINE
5
DF4
330
C
100
AcDbEntity
8
0
100
AcDbLine
10
475.042
20
83.836
30
0
11
475.048
21
83.966
31
0
0
LINE
5
DF5
330
C
100
AcDbEntity
8
0
100
AcDbLine
10
475.048
20
83.966
30
0
11
475.05
21
84.1
31
0
0
LINE
5
DF6
330
C
100
AcDbEntity
8
0
100
AcDbLine
10
475.05
20
84.1
30
0
11
475.05
21
84.1
31
0
0
LINE
5
DF7
330
C
100
AcDbEntity
8
0
100
AcDbLine
10
475.05
20
84.1
30
0
11
475.046
21
84.301
31
0
0
LINE
5
DF8
330
C
100
AcDbEntity
8
0
100
AcDbLine
10
475.046
20
84.301
30
0
11
475.033
21
84.493
31
0
0
LINE
5
DF9
330
C
100
AcDbEntity
8
0
100
AcDbLine
10
475.033
20
84.493
30
0
11
475.012
21
84.676
31
0
0
LINE
5
DFA
330
C
100
AcDbEntity
8
0
100
AcDbLine
10
475.012
20
84.676
30
0
11
474.982
21
84.851
31
0
0
LINE
5
DFB
330
C
100
AcDbEntity
8
0
100
AcDbLine
10
474.982
20
84.851
30
0
11
474.943
21
85.017
31
0
0
LINE
5
DFC
330
C
100
AcDbEntity
8
0
100
AcDbLine
10
474.943
20
85.017
30
0
11
474.897
21
85.175
31
0
0
LINE
5
DFD
330
C
100
AcDbEntity
8
0
100
AcDbLine
10
474.897
20
85.175
30
0
11
474.841
21
85.323
31
0
0
LINE
5
DFE
330
C
100
AcDbEntity
8
0
100
AcDbLine
10
474.841
20
85.323
30
0
11
474.777
21
85.463
31
0
0
LINE
5
DFF
330
C
100
AcDbEntity
8
0
100
AcDbLine
10
474.777
20
85.463
30
0
11
474.705
21
85.594
31
0
0
LINE
5
E00
330
C
100
AcDbEntity
8
0
100
AcDbLine
10
474.705
20
85.594
30
0
11
474.624
21
85.717
31
0
0
LINE
5
E01
330
C
100
AcDbEntity
8
0
100
AcDbLine
10
474.624
20
85.717
30
0
11
474.535
21
85.829
31
0
0
LINE
5
E02
330
C
100
AcDbEntity
8
0
100
AcDbLine
10
474.535
20
85.829
30
0
11
474.437
21
85.93
31
0
0
LINE
5
E03
330
C
100
AcDbEntity
8
0
100
AcDbLine
10
474.437
20
85.93
30
0
11
474.331
21
86.018
31
0
0
LINE
5
E04
330
C
100
AcDbEntity
8
0
100
AcDbLine
10
474.331
20
86.018
30
0
11
474.217
21
86.095
31
0
0
LINE
5
E05
330
C
100
AcDbEntity
8
0
100
AcDbLine
10
474.217
20
86.095
30
0
11
474.094
21
86.16
31
0
0
LINE
5
E06
330
C
100
AcDbEntity
8
0
100
AcDbLine
10
474.094
20
86.16
30
0
11
473.964
21
86.213
31
0
0
LINE
5
E07
330
C
100
AcDbEntity
8
0
100
AcDbLine
10
473.964
20
86.213
30
0
11
473.825
21
86.255
31
0
0
LINE
5
E08
330
C
100
AcDbEntity
8
0
100
AcDbLine
10
473.825
20
86.255
30
0
11
473.677
21
86.284
31
0
0
LINE
5
E09
330
C
100
AcDbEntity
8
0
100
AcDbLine
10
473.677
20
86.284
30
0
11
473.522
21
86.302
31
0
0
LINE
5
E0A
330
C
100
AcDbEntity
8
0
100
AcDbLine
10
473.522
20
86.302
30
0
11
473.358
21
86.308
31
0
0
LINE
5
E0B
330
C
100
AcDbEntity
8
0
100
AcDbLine
10
473.358
20
86.308
30
0
11
473.358
21
86.308
31
0
0
LINE
5
E0C
330
C
100
AcDbEntity
8
0
100
AcDbLine
10
473.358
20
86.308
30
0
11
473.247
21
86.305
31
0
0
LINE
5
E0D
330
C
100
AcDbEntity
8
0
100
AcDbLine
10
473.247
20
86.305
30
0
11
473.139
21
86.297
31
0
0
LINE
5
E0E
330
C
100
AcDbEntity
8
0
100
AcDbLine
10
473.139
20
86.297
30
0
11
473.036
21
86.284
31
0
0
LINE
5
E0F
330
C
100
AcDbEntity
8
0
100
AcDbLine
10
473.036
20
86.284
30
0
11
472.935
21
86.265
31
0
0
LINE
5
E10
330
C
100
AcDbEntity
8
0
100
AcDbLine
10
472.935
20
86.265
30
0
11
472.838
21
86.241
31
0
0
LINE
5
E11
330
C
100
AcDbEntity
8
0
100
AcDbLine
10
472.838
20
86.241
30
0
11
472.745
21
86.212
31
0
0
LINE
5
E12
330
C
100
AcDbEntity
8
0
100
AcDbLine
10
472.745
20
86.212
30
0
11
472.655
21
86.177
31
0
0
LINE
5
E13
330
C
100
AcDbEntity
8
0
100
AcDbLine
10
472.655
20
86.177
30
0
11
472.569
21
86.137
31
0
0
LINE
5
E14
330
C
100
AcDbEntity
8
0
100
AcDbLine
10
472.569
20
86.137
30
0
11
472.486
21
86.092
31
0
0
LINE
5
E15
330
C
100
AcDbEntity
8
0
100
AcDbLine
10
472.486
20
86.092
30
0
11
472.407
21
86.041
31
0
0
LINE
5
E16
330
C
100
AcDbEntity
8
0
100
AcDbLine
10
472.407
20
86.041
30
0
11
472.331
21
85.985
31
0
0
LINE
5
E17
330
C
100
AcDbEntity
8
0
100
AcDbLine
10
472.331
20
85.985
30
0
11
472.26
21
85.925
31
0
0
LINE
5
E18
330
C
100
AcDbEntity
8
0
100
AcDbLine
10
472.26
20
85.925
30
0
11
472.192
21
85.86
31
0
0
LINE
5
E19
330
C
100
AcDbEntity
8
0
100
AcDbLine
10
472.192
20
85.86
30
0
11
472.127
21
85.791
31
0
0
LINE
5
E1A
330
C
100
AcDbEntity
8
0
100
AcDbLine
10
472.127
20
85.791
30
0
11
472.067
21
85.717
31
0
0
LINE
5
E1B
330
C
100
AcDbEntity
8
0
100
AcDbLine
10
472.067
20
85.717
30
0
11
472.01
21
85.639
31
0
0
LINE
5
E1C
330
C
100
AcDbEntity
8
0
100
AcDbLine
10
472.01
20
85.639
30
0
11
471.956
21
85.555
31
0
0
LINE
5
E1D
330
C
100
AcDbEntity
8
0
100
AcDbLine
10
471.956
20
85.555
30
0
11
471.907
21
85.468
31
0
0
LINE
5
E1E
330
C
100
AcDbEntity
8
0
100
AcDbLine
10
471.907
20
85.468
30
0
11
471.861
21
85.376
31
0
0
LINE
5
E1F
330
C
100
AcDbEntity
8
0
100
AcDbLine
10
471.861
20
85.376
30
0
11
471.819
21
85.279
31
0
0
LINE
5
E20
330
C
100
AcDbEntity
8
0
100
AcDbLine
10
471.819
20
85.279
30
0
11
471.781
21
85.178
31
0
0
LINE
5
E21
330
C
100
AcDbEntity
8
0
100
AcDbLine
10
471.781
20
85.178
30
0
11
471.747
21
85.073
31
0
0
LINE
5
E22
330
C
100
AcDbEntity
8
0
100
AcDbLine
10
471.747
20
85.073
30
0
11
471.716
21
84.965
31
0
0
LINE
5
E23
330
C
100
AcDbEntity
8
0
100
AcDbLine
10
471.716
20
84.965
30
0
11
471.69
21
84.853
31
0
0
LINE
5
E24
330
C
100
AcDbEntity
8
0
100
AcDbLine
10
471.69
20
84.853
30
0
11
471.668
21
84.737
31
0
0
LINE
5
E25
330
C
100
AcDbEntity
8
0
100
AcDbLine
10
471.668
20
84.737
30
0
11
471.65
21
84.617
31
0
0
LINE
5
E26
330
C
100
AcDbEntity
8
0
100
AcDbLine
10
471.65
20
84.617
30
0
11
471.636
21
84.493
31
0
0
LINE
5
E27
330
C
100
AcDbEntity
8
0
100
AcDbLine
10
471.636
20
84.493
30
0
11
471.626
21
84.366
31
0
0
LINE
5
E28
330
C
100
AcDbEntity
8
0
100
AcDbLine
10
471.626
20
84.366
30
0
11
471.62
21
84.235
31
0
0
LINE
5
E29
330
C
100
AcDbEntity
8
0
100
AcDbLine
10
471.62
20
84.235
30
0
11
471.618
21
84.1
31
0
0
LINE
5
E2A
330
C
100
AcDbEntity
8
0
100
AcDbLine
10
471.618
20
84.1
30
0
11
471.618
21
84.1
31
0
0
LINE
5
E2B
330
C
100
AcDbEntity
8
0
100
AcDbLine
10
471.618
20
84.1
30
0
11
471.622
21
83.901
31
0
0
LINE
5
E2C
330
C
100
AcDbEntity
8
0
100
AcDbLine
10
471.622
20
83.901
30
0
11
471.635
21
83.711
31
0
0
LINE
5
E2D
330
C
100
AcDbEntity
8
0
100
AcDbLine
10
471.635
20
83.711
30
0
11
471.657
21
83.53
31
0
0
LINE
5
E2E
330
C
100
AcDbEntity
8
0
100
AcDbLine
10
471.657
20
83.53
30
0
11
471.687
21
83.356
31
0
0
LINE
5
E2F
330
C
100
AcDbEntity
8
0
100
AcDbLine
10
471.687
20
83.356
30
0
11
471.725
21
83.192
31
0
0
LINE
5
E30
330
C
100
AcDbEntity
8
0
100
AcDbLine
10
471.725
20
83.192
30
0
11
471.772
21
83.035
31
0
0
LINE
5
E31
330
C
100
AcDbEntity
8
0
100
AcDbLine
10
471.772
20
83.035
30
0
11
471.828
21
82.888
31
0
0
LINE
5
E32
330
C
100
AcDbEntity
8
0
100
AcDbLine
10
471.828
20
82.888
30
0
11
471.893
21
82.748
31
0
0
LINE
5
E33
330
C
100
AcDbEntity
8
0
100
AcDbLine
10
471.893
20
82.748
30
0
11
471.965
21
82.617
31
0
0
LINE
5
E34
330
C
100
AcDbEntity
8
0
100
AcDbLine
10
471.965
20
82.617
30
0
11
472.047
21
82.495
31
0
0
LINE
5
E35
330
C
100
AcDbEntity
8
0
100
AcDbLine
10
472.047
20
82.495
30
0
11
472.137
21
82.383
31
0
0
LINE
5
E36
330
C
100
AcDbEntity
8
0
100
AcDbLine
10
472.137
20
82.383
30
0
11
472.235
21
82.282
31
0
0
LINE
5
E37
330
C
100
AcDbEntity
8
0
100
AcDbLine
10
472.235
20
82.282
30
0
11
472.341
21
82.194
31
0
0
LINE
5
E38
330
C
100
AcDbEntity
8
0
100
AcDbLine
10
472.341
20
82.194
30
0
11
472.455
21
82.117
31
0
0
LINE
5
E39
330
C
100
AcDbEntity
8
0
100
AcDbLine
10
472.455
20
82.117
30
0
11
472.577
21
82.052
31
0
0
LINE
5
E3A
330
C
100
AcDbEntity
8
0
100
AcDbLine
10
472.577
20
82.052
30
0
11
472.708
21
81.999
31
0
0
LINE
5
E3B
330
C
100
AcDbEntity
8
0
100
AcDbLine
10
472.708
20
81.999
30
0
11
472.846
21
81.957
31
0
0
LINE
5
E3C
330
C
100
AcDbEntity
8
0
100
AcDbLine
10
472.846
20
81.957
30
0
11
472.993
21
81.928
31
0
0
LINE
5
E3D
330
C
100
AcDbEntity
8
0
100
AcDbLine
10
472.993
20
81.928
30
0
11
473.147
21
81.91
31
0
0
LINE
5
E3E
330
C
100
AcDbEntity
8
0
100
AcDbLine
10
473.147
20
81.91
30
0
11
473.31
21
81.904
31
0
0
LINE
5
E3F
330
C
100
AcDbEntity
8
0
100
AcDbLine
10
473.31
20
81.904
30
0
11
473.31
21
81.904
31
0
0
LINE
5
E40
330
C
100
AcDbEntity
8
0
100
AcDbLine
10
479.58
20
81.088
30
0
11
479.58
21
81.088
31
0
0
LINE
5
E41
330
C
100
AcDbEntity
8
0
100
AcDbLine
10
479.58
20
81.088
30
0
11
479.487
21
81.09
31
0
0
LINE
5
E42
330
C
100
AcDbEntity
8
0
100
AcDbLine
10
479.487
20
81.09
30
0
11
479.397
21
81.095
31
0
0
LINE
5
E43
330
C
100
AcDbEntity
8
0
100
AcDbLine
10
479.397
20
81.095
30
0
11
479.308
21
81.104
31
0
0
LINE
5
E44
330
C
100
AcDbEntity
8
0
100
AcDbLine
10
479.308
20
81.104
30
0
11
479.221
21
81.117
31
0
0
LINE
5
E45
330
C
100
AcDbEntity
8
0
100
AcDbLine
10
479.221
20
81.117
30
0
11
479.136
21
81.133
31
0
0
LINE
5
E46
330
C
100
AcDbEntity
8
0
100
AcDbLine
10
479.136
20
81.133
30
0
11
479.053
21
81.153
31
0
0
LINE
5
E47
330
C
100
AcDbEntity
8
0
100
AcDbLine
10
479.053
20
81.153
30
0
11
478.972
21
81.176
31
0
0
LINE
5
E48
330
C
100
AcDbEntity
8
0
100
AcDbLine
10
478.972
20
81.176
30
0
11
478.893
21
81.203
31
0
0
LINE
5
E49
330
C
100
AcDbEntity
8
0
100
AcDbLine
10
478.893
20
81.203
30
0
11
478.815
21
81.234
31
0
0
LINE
5
E4A
330
C
100
AcDbEntity
8
0
100
AcDbLine
10
478.815
20
81.234
30
0
11
478.74
21
81.268
31
0
0
LINE
5
E4B
330
C
100
AcDbEntity
8
0
100
AcDbLine
10
478.74
20
81.268
30
0
11
478.667
21
81.306
31
0
0
LINE
5
E4C
330
C
100
AcDbEntity
8
0
100
AcDbLine
10
478.667
20
81.306
30
0
11
478.597
21
81.347
31
0
0
LINE
5
E4D
330
C
100
AcDbEntity
8
0
100
AcDbLine
10
478.597
20
81.347
30
0
11
478.531
21
81.392
31
0
0
LINE
5
E4E
330
C
100
AcDbEntity
8
0
100
AcDbLine
10
478.531
20
81.392
30
0
11
478.467
21
81.441
31
0
0
LINE
5
E4F
330
C
100
AcDbEntity
8
0
100
AcDbLine
10
478.467
20
81.441
30
0
11
478.407
21
81.493
31
0
0
LINE
5
E50
330
C
100
AcDbEntity
8
0
100
AcDbLine
10
478.407
20
81.493
30
0
11
478.35
21
81.549
31
0
0
LINE
5
E51
330
C
100
AcDbEntity
8
0
100
AcDbLine
10
478.35
20
81.549
30
0
11
478.296
21
81.608
31
0
0
LINE
5
E52
330
C
100
AcDbEntity
8
0
100
AcDbLine
10
478.296
20
81.608
30
0
11
478.245
21
81.671
31
0
0
LINE
5
E53
330
C
100
AcDbEntity
8
0
100
AcDbLine
10
478.245
20
81.671
30
0
11
478.197
21
81.738
31
0
0
LINE
5
E54
330
C
100
AcDbEntity
8
0
100
AcDbLine
10
478.197
20
81.738
30
0
11
478.152
21
81.808
31
0
0
LINE
5
E55
330
C
100
AcDbEntity
8
0
100
AcDbLine
10
478.152
20
81.808
30
0
11
478.111
21
81.882
31
0
0
LINE
5
E56
330
C
100
AcDbEntity
8
0
100
AcDbLine
10
478.111
20
81.882
30
0
11
478.074
21
81.959
31
0
0
LINE
5
E57
330
C
100
AcDbEntity
8
0
100
AcDbLine
10
478.074
20
81.959
30
0
11
478.042
21
82.04
31
0
0
LINE
5
E58
330
C
100
AcDbEntity
8
0
100
AcDbLine
10
478.042
20
82.04
30
0
11
478.014
21
82.125
31
0
0
LINE
5
E59
330
C
100
AcDbEntity
8
0
100
AcDbLine
10
478.014
20
82.125
30
0
11
477.99
21
82.213
31
0
0
LINE
5
E5A
330
C
100
AcDbEntity
8
0
100
AcDbLine
10
477.99
20
82.213
30
0
11
477.971
21
82.305
31
0
0
LINE
5
E5B
330
C
100
AcDbEntity
8
0
100
AcDbLine
10
477.971
20
82.305
30
0
11
477.955
21
82.4
31
0
0
LINE
5
E5C
330
C
100
AcDbEntity
8
0
100
AcDbLine
10
477.955
20
82.4
30
0
11
477.945
21
82.499
31
0
0
LINE
5
E5D
330
C
100
AcDbEntity
8
0
100
AcDbLine
10
477.945
20
82.499
30
0
11
477.938
21
82.602
31
0
0
LINE
5
E5E
330
C
100
AcDbEntity
8
0
100
AcDbLine
10
477.938
20
82.602
30
0
11
477.936
21
82.708
31
0
0
LINE
5
E5F
330
C
100
AcDbEntity
8
0
100
AcDbLine
10
477.936
20
82.708
30
0
11
477.936
21
82.708
31
0
0
LINE
5
E60
330
C
100
AcDbEntity
8
0
100
AcDbLine
10
477.936
20
82.708
30
0
11
477.936
21
88.564
31
0
0
LINE
5
E61
330
C
100
AcDbEntity
8
0
100
AcDbLine
10
477.936
20
88.564
30
0
11
478.86
21
88.564
31
0
0
LINE
5
E62
330
C
100
AcDbEntity
8
0
100
AcDbLine
10
478.86
20
88.564
30
0
11
478.86
21
82.732
31
0
0
LINE
5
E63
330
C
100
AcDbEntity
8
0
100
AcDbLine
10
478.86
20
82.732
30
0
11
478.868
21
82.563
31
0
0
LINE
5
E64
330
C
100
AcDbEntity
8
0
100
AcDbLine
10
478.868
20
82.563
30
0
11
478.893
21
82.412
31
0
0
LINE
5
E65
330
C
100
AcDbEntity
8
0
100
AcDbLine
10
478.893
20
82.412
30
0
11
478.935
21
82.279
31
0
0
LINE
5
E66
330
C
100
AcDbEntity
8
0
100
AcDbLine
10
478.935
20
82.279
30
0
11
478.992
21
82.164
31
0
0
LINE
5
E67
330
C
100
AcDbEntity
8
0
100
AcDbLine
10
478.992
20
82.164
30
0
11
479.067
21
82.066
31
0
0
LINE
5
E68
330
C
100
AcDbEntity
8
0
100
AcDbLine
10
479.067
20
82.066
30
0
11
479.158
21
81.986
31
0
0
LINE
5
E69
330
C
100
AcDbEntity
8
0
100
AcDbLine
10
479.158
20
81.986
30
0
11
479.266
21
81.924
31
0
0
LINE
5
E6A
330
C
100
AcDbEntity
8
0
100
AcDbLine
10
479.266
20
81.924
30
0
11
479.39
21
81.88
31
0
0
LINE
5
E6B
330
C
100
AcDbEntity
8
0
100
AcDbLine
10
479.39
20
81.88
30
0
11
479.531
21
81.853
31
0
0
LINE
5
E6C
330
C
100
AcDbEntity
8
0
100
AcDbLine
10
479.531
20
81.853
30
0
11
479.688
21
81.844
31
0
0
LINE
5
E6D
330
C
100
AcDbEntity
8
0
100
AcDbLine
10
479.688
20
81.844
30
0
11
479.688
21
81.844
31
0
0
LINE
5
E6E
330
C
100
AcDbEntity
8
0
100
AcDbLine
10
479.688
20
81.844
30
0
11
479.737
21
81.845
31
0
0
LINE
5
E6F
330
C
100
AcDbEntity
8
0
100
AcDbLine
10
479.737
20
81.845
30
0
11
479.786
21
81.846
31
0
0
LINE
5
E70
330
C
100
AcDbEntity
8
0
100
AcDbLine
10
479.786
20
81.846
30
0
11
479.834
21
81.849
31
0
0
LINE
5
E71
330
C
100
AcDbEntity
8
0
100
AcDbLine
10
479.834
20
81.849
30
0
11
479.882
21
81.853
31
0
0
LINE
5
E72
330
C
100
AcDbEntity
8
0
100
AcDbLine
10
479.882
20
81.853
30
0
11
479.93
21
81.858
31
0
0
LINE
5
E73
330
C
100
AcDbEntity
8
0
100
AcDbLine
10
479.93
20
81.858
30
0
11
479.978
21
81.863
31
0
0
LINE
5
E74
330
C
100
AcDbEntity
8
0
100
AcDbLine
10
479.978
20
81.863
30
0
11
480.025
21
81.87
31
0
0
LINE
5
E75
330
C
100
AcDbEntity
8
0
100
AcDbLine
10
480.025
20
81.87
30
0
11
480.072
21
81.879
31
0
0
LINE
5
E76
330
C
100
AcDbEntity
8
0
100
AcDbLine
10
480.072
20
81.879
30
0
11
480.119
21
81.888
31
0
0
LINE
5
E77
330
C
100
AcDbEntity
8
0
100
AcDbLine
10
480.119
20
81.888
30
0
11
480.165
21
81.898
31
0
0
LINE
5
E78
330
C
100
AcDbEntity
8
0
100
AcDbLine
10
480.165
20
81.898
30
0
11
480.212
21
81.909
31
0
0
LINE
5
E79
330
C
100
AcDbEntity
8
0
100
AcDbLine
10
480.212
20
81.909
30
0
11
480.26
21
81.922
31
0
0
LINE
5
E7A
330
C
100
AcDbEntity
8
0
100
AcDbLine
10
480.26
20
81.922
30
0
11
480.309
21
81.935
31
0
0
LINE
5
E7B
330
C
100
AcDbEntity
8
0
100
AcDbLine
10
480.309
20
81.935
30
0
11
480.359
21
81.95
31
0
0
LINE
5
E7C
330
C
100
AcDbEntity
8
0
100
AcDbLine
10
480.359
20
81.95
30
0
11
480.41
21
81.966
31
0
0
LINE
5
E7D
330
C
100
AcDbEntity
8
0
100
AcDbLine
10
480.41
20
81.966
30
0
11
480.463
21
81.982
31
0
0
LINE
5
E7E
330
C
100
AcDbEntity
8
0
100
AcDbLine
10
480.463
20
81.982
30
0
11
480.516
21
82
31
0
0
LINE
5
E7F
330
C
100
AcDbEntity
8
0
100
AcDbLine
10
480.516
20
82
30
0
11
480.571
21
82.019
31
0
0
LINE
5
E80
330
C
100
AcDbEntity
8
0
100
AcDbLine
10
480.571
20
82.019
30
0
11
480.627
21
82.039
31
0
0
LINE
5
E81
330
C
100
AcDbEntity
8
0
100
AcDbLine
10
480.627
20
82.039
30
0
11
480.684
21
82.06
31
0
0
LINE
5
E82
330
C
100
AcDbEntity
8
0
100
AcDbLine
10
480.684
20
82.06
30
0
11
480.684
21
82.06
31
0
0
LINE
5
E83
330
C
100
AcDbEntity
8
0
100
AcDbLine
10
480.684
20
82.06
30
0
11
480.816
21
81.388
31
0
0
LINE
5
E84
330
C
100
AcDbEntity
8
0
100
AcDbLine
10
480.816
20
81.388
30
0
11
480.755
21
81.362
31
0
0
LINE
5
E85
330
C
100
AcDbEntity
8
0
100
AcDbLine
10
480.755
20
81.362
30
0
11
480.694
21
81.337
31
0
0
LINE
5
E86
330
C
100
AcDbEntity
8
0
100
AcDbLine
10
480.694
20
81.337
30
0
11
480.633
21
81.313
31
0
0
LINE
5
E87
330
C
100
AcDbEntity
8
0
100
AcDbLine
10
480.633
20
81.313
30
0
11
480.572
21
81.29
31
0
0
LINE
5
E88
330
C
100
AcDbEntity
8
0
100
AcDbLine
10
480.572
20
81.29
30
0
11
480.511
21
81.268
31
0
0
LINE
5
E89
330
C
100
AcDbEntity
8
0
100
AcDbLine
10
480.511
20
81.268
30
0
11
480.45
21
81.247
31
0
0
LINE
5
E8A
330
C
100
AcDbEntity
8
0
100
AcDbLine
10
480.45
20
81.247
30
0
11
480.389
21
81.227
31
0
0
LINE
5
E8B
330
C
100
AcDbEntity
8
0
100
AcDbLine
10
480.389
20
81.227
30
0
11
480.328
21
81.208
31
0
0
LINE
5
E8C
330
C
100
AcDbEntity
8
0
100
AcDbLine
10
480.328
20
81.208
30
0
11
480.268
21
81.189
31
0
0
LINE
5
E8D
330
C
100
AcDbEntity
8
0
100
AcDbLine
10
480.268
20
81.189
30
0
11
480.207
21
81.172
31
0
0
LINE
5
E8E
330
C
100
AcDbEntity
8
0
100
AcDbLine
10
480.207
20
81.172
30
0
11
480.146
21
81.156
31
0
0
LINE
5
E8F
330
C
100
AcDbEntity
8
0
100
AcDbLine
10
480.146
20
81.156
30
0
11
480.085
21
81.142
31
0
0
LINE
5
E90
330
C
100
AcDbEntity
8
0
100
AcDbLine
10
480.085
20
81.142
30
0
11
480.023
21
81.129
31
0
0
LINE
5
E91
330
C
100
AcDbEntity
8
0
100
AcDbLine
10
480.023
20
81.129
30
0
11
479.961
21
81.118
31
0
0
LINE
5
E92
330
C
100
AcDbEntity
8
0
100
AcDbLine
10
479.961
20
81.118
30
0
11
479.899
21
81.109
31
0
0
LINE
5
E93
330
C
100
AcDbEntity
8
0
100
AcDbLine
10
479.899
20
81.109
30
0
11
479.836
21
81.101
31
0
0
LINE
5
E94
330
C
100
AcDbEntity
8
0
100
AcDbLine
10
479.836
20
81.101
30
0
11
479.773
21
81.096
31
0
0
LINE
5
E95
330
C
100
AcDbEntity
8
0
100
AcDbLine
10
479.773
20
81.096
30
0
11
479.709
21
81.091
31
0
0
LINE
5
E96
330
C
100
AcDbEntity
8
0
100
AcDbLine
10
479.709
20
81.091
30
0
11
479.645
21
81.089
31
0
0
LINE
5
E97
330
C
100
AcDbEntity
8
0
100
AcDbLine
10
479.645
20
81.089
30
0
11
479.58
21
81.088
31
0
0
LINE
5
E98
330
C
100
AcDbEntity
8
0
100
AcDbLine
10
479.58
20
81.088
30
0
11
479.58
21
81.088
31
0
0
LINE
5
E99
330
C
100
AcDbEntity
8
0
100
AcDbLine
10
480.672
20
86.32
30
0
11
477.012
21
86.32
31
0
0
LINE
5
E9A
330
C
100
AcDbEntity
8
0
100
AcDbLine
10
477.012
20
86.32
30
0
11
477.012
21
86.968
31
0
0
LINE
5
E9B
330
C
100
AcDbEntity
8
0
100
AcDbLine
10
477.012
20
86.968
30
0
11
480.672
21
86.968
31
0
0
LINE
5
E9C
330
C
100
AcDbEntity
8
0
100
AcDbLine
10
480.672
20
86.968
30
0
11
480.672
21
86.32
31
0
0
LINE
5
E9D
330
C
100
AcDbEntity
8
0
100
AcDbLine
10
480.672
20
86.32
30
0
11
480.672
21
86.32
31
0
0
LINE
5
E9E
330
C
100
AcDbEntity
8
0
100
AcDbLine
10
484.092
20
81.088
30
0
11
484.092
21
81.088
31
0
0
LINE
5
E9F
330
C
100
AcDbEntity
8
0
100
AcDbLine
10
484.092
20
81.088
30
0
11
483.999
21
81.09
31
0
0
LINE
5
EA0
330
C
100
AcDbEntity
8
0
100
AcDbLine
10
483.999
20
81.09
30
0
11
483.909
21
81.095
31
0
0
LINE
5
EA1
330
C
100
AcDbEntity
8
0
100
AcDbLine
10
483.909
20
81.095
30
0
11
483.82
21
81.104
31
0
0
LINE
5
EA2
330
C
100
AcDbEntity
8
0
100
AcDbLine
10
483.82
20
81.104
30
0
11
483.733
21
81.117
31
0
0
LINE
5
EA3
330
C
100
AcDbEntity
8
0
100
AcDbLine
10
483.733
20
81.117
30
0
11
483.648
21
81.133
31
0
0
LINE
5
EA4
330
C
100
AcDbEntity
8
0
100
AcDbLine
10
483.648
20
81.133
30
0
11
483.565
21
81.153
31
0
0
LINE
5
EA5
330
C
100
AcDbEntity
8
0
100
AcDbLine
10
483.565
20
81.153
30
0
11
483.484
21
81.176
31
0
0
LINE
5
EA6
330
C
100
AcDbEntity
8
0
100
AcDbLine
10
483.484
20
81.176
30
0
11
483.405
21
81.203
31
0
0
LINE
5
EA7
330
C
100
AcDbEntity
8
0
100
AcDbLine
10
483.405
20
81.203
30
0
11
483.327
21
81.234
31
0
0
LINE
5
EA8
330
C
100
AcDbEntity
8
0
100
AcDbLine
10
483.327
20
81.234
30
0
11
483.252
21
81.268
31
0
0
LINE
5
EA9
330
C
100
AcDbEntity
8
0
100
AcDbLine
10
483.252
20
81.268
30
0
11
483.179
21
81.306
31
0
0
LINE
5
EAA
330
C
100
AcDbEntity
8
0
100
AcDbLine
10
483.179
20
81.306
30
0
11
483.109
21
81.347
31
0
0
LINE
5
EAB
330
C
100
AcDbEntity
8
0
100
AcDbLine
10
483.109
20
81.347
30
0
11
483.043
21
81.392
31
0
0
LINE
5
EAC
330
C
100
AcDbEntity
8
0
100
AcDbLine
10
483.043
20
81.392
30
0
11
482.979
21
81.441
31
0
0
LINE
5
EAD
330
C
100
AcDbEntity
8
0
100
AcDbLine
10
482.979
20
81.441
30
0
11
482.919
21
81.493
31
0
0
LINE
5
EAE
330
C
100
AcDbEntity
8
0
100
AcDbLine
10
482.919
20
81.493
30
0
11
482.862
21
81.549
31
0
0
LINE
5
EAF
330
C
100
AcDbEntity
8
0
100
AcDbLine
10
482.862
20
81.549
30
0
11
482.808
21
81.608
31
0
0
LINE
5
EB0
330
C
100
AcDbEntity
8
0
100
AcDbLine
10
482.808
20
81.608
30
0
11
482.757
21
81.671
31
0
0
LINE
5
EB1
330
C
100
AcDbEntity
8
0
100
AcDbLine
10
482.757
20
81.671
30
0
11
482.709
21
81.738
31
0
0
LINE
5
EB2
330
C
100
AcDbEntity
8
0
100
AcDbLine
10
482.709
20
81.738
30
0
11
482.664
21
81.808
31
0
0
LINE
5
EB3
330
C
100
AcDbEntity
8
0
100
AcDbLine
10
482.664
20
81.808
30
0
11
482.623
21
81.882
31
0
0
LINE
5
EB4
330
C
100
AcDbEntity
8
0
100
AcDbLine
10
482.623
20
81.882
30
0
11
482.586
21
81.959
31
0
0
LINE
5
EB5
330
C
100
AcDbEntity
8
0
100
AcDbLine
10
482.586
20
81.959
30
0
11
482.554
21
82.04
31
0
0
LINE
5
EB6
330
C
100
AcDbEntity
8
0
100
AcDbLine
10
482.554
20
82.04
30
0
11
482.526
21
82.125
31
0
0
LINE
5
EB7
330
C
100
AcDbEntity
8
0
100
AcDbLine
10
482.526
20
82.125
30
0
11
482.502
21
82.213
31
0
0
LINE
5
EB8
330
C
100
AcDbEntity
8
0
100
AcDbLine
10
482.502
20
82.213
30
0
11
482.483
21
82.305
31
0
0
LINE
5
EB9
330
C
100
AcDbEntity
8
0
100
AcDbLine
10
482.483
20
82.305
30
0
11
482.467
21
82.4
31
0
0
LINE
5
EBA
330
C
100
AcDbEntity
8
0
100
AcDbLine
10
482.467
20
82.4
30
0
11
482.457
21
82.499
31
0
0
LINE
5
EBB
330
C
100
AcDbEntity
8
0
100
AcDbLine
10
482.457
20
82.499
30
0
11
482.45
21
82.602
31
0
0
LINE
5
EBC
330
C
100
AcDbEntity
8
0
100
AcDbLine
10
482.45
20
82.602
30
0
11
482.448
21
82.708
31
0
0
LINE
5
EBD
330
C
100
AcDbEntity
8
0
100
AcDbLine
10
482.448
20
82.708
30
0
11
482.448
21
82.708
31
0
0
LINE
5
EBE
330
C
100
AcDbEntity
8
0
100
AcDbLine
10
482.448
20
82.708
30
0
11
482.448
21
88.564
31
0
0
LINE
5
EBF
330
C
100
AcDbEntity
8
0
100
AcDbLine
10
482.448
20
88.564
30
0
11
483.372
21
88.564
31
0
0
LINE
5
EC0
330
C
100
AcDbEntity
8
0
100
AcDbLine
10
483.372
20
88.564
30
0
11
483.372
21
82.732
31
0
0
LINE
5
EC1
330
C
100
AcDbEntity
8
0
100
AcDbLine
10
483.372
20
82.732
30
0
11
483.38
21
82.563
31
0
0
LINE
5
EC2
330
C
100
AcDbEntity
8
0
100
AcDbLine
10
483.38
20
82.563
30
0
11
483.405
21
82.412
31
0
0
LINE
5
EC3
330
C
100
AcDbEntity
8
0
100
AcDbLine
10
483.405
20
82.412
30
0
11
483.447
21
82.279
31
0
0
LINE
5
EC4
330
C
100
AcDbEntity
8
0
100
AcDbLine
10
483.447
20
82.279
30
0
11
483.504
21
82.164
31
0
0
LINE
5
EC5
330
C
100
AcDbEntity
8
0
100
AcDbLine
10
483.504
20
82.164
30
0
11
483.579
21
82.066
31
0
0
LINE
5
EC6
330
C
100
AcDbEntity
8
0
100
AcDbLine
10
483.579
20
82.066
30
0
11
483.67
21
81.986
31
0
0
LINE
5
EC7
330
C
100
AcDbEntity
8
0
100
AcDbLine
10
483.67
20
81.986
30
0
11
483.778
21
81.924
31
0
0
LINE
5
EC8
330
C
100
AcDbEntity
8
0
100
AcDbLine
10
483.778
20
81.924
30
0
11
483.902
21
81.88
31
0
0
LINE
5
EC9
330
C
100
AcDbEntity
8
0
100
AcDbLine
10
483.902
20
81.88
30
0
11
484.043
21
81.853
31
0
0
LINE
5
ECA
330
C
100
AcDbEntity
8
0
100
AcDbLine
10
484.043
20
81.853
30
0
11
484.2
21
81.844
31
0
0
LINE
5
ECB
330
C
100
AcDbEntity
8
0
100
AcDbLine
10
484.2
20
81.844
30
0
11
484.2
21
81.844
31
0
0
LINE
5
ECC
330
C
100
AcDbEntity
8
0
100
AcDbLine
10
484.2
20
81.844
30
0
11
484.249
21
81.845
31
0
0
LINE
5
ECD
330
C
100
AcDbEntity
8
0
100
AcDbLine
10
484.249
20
81.845
30
0
11
484.298
21
81.846
31
0
0
LINE
5
ECE
330
C
100
AcDbEntity
8
0
100
AcDbLine
10
484.298
20
81.846
30
0
11
484.346
21
81.849
31
0
0
LINE
5
ECF
330
C
100
AcDbEntity
8
0
100
AcDbLine
10
484.346
20
81.849
30
0
11
484.394
21
81.853
31
0
0
LINE
5
ED0
330
C
100
AcDbEntity
8
0
100
AcDbLine
10
484.394
20
81.853
30
0
11
484.442
21
81.858
31
0
0
LINE
5
ED1
330
C
100
AcDbEntity
8
0
100
AcDbLine
10
484.442
20
81.858
30
0
11
484.49
21
81.863
31
0
0
LINE
5
ED2
330
C
100
AcDbEntity
8
0
100
AcDbLine
10
484.49
20
81.863
30
0
11
484.537
21
81.87
31
0
0
LINE
5
ED3
330
C
100
AcDbEntity
8
0
100
AcDbLine
10
484.537
20
81.87
30
0
11
484.584
21
81.879
31
0
0
LINE
5
ED4
330
C
100
AcDbEntity
8
0
100
AcDbLine
10
484.584
20
81.879
30
0
11
484.631
21
81.888
31
0
0
LINE
5
ED5
330
C
100
AcDbEntity
8
0
100
AcDbLine
10
484.631
20
81.888
30
0
11
484.677
21
81.898
31
0
0
LINE
5
ED6
330
C
100
AcDbEntity
8
0
100
AcDbLine
10
484.677
20
81.898
30
0
11
484.724
21
81.909
31
0
0
LINE
5
ED7
330
C
100
AcDbEntity
8
0
100
AcDbLine
10
484.724
20
81.909
30
0
11
484.772
21
81.922
31
0
0
LINE
5
ED8
330
C
100
AcDbEntity
8
0
100
AcDbLine
10
484.772
20
81.922
30
0
11
484.821
21
81.935
31
0
0
LINE
5
ED9
330
C
100
AcDbEntity
8
0
100
AcDbLine
10
484.821
20
81.935
30
0
11
484.871
21
81.95
31
0
0
LINE
5
EDA
330
C
100
AcDbEntity
8
0
100
AcDbLine
10
484.871
20
81.95
30
0
11
484.922
21
81.966
31
0
0
LINE
5
EDB
330
C
100
AcDbEntity
8
0
100
AcDbLine
10
484.922
20
81.966
30
0
11
484.975
21
81.982
31
0
0
LINE
5
EDC
330
C
100
AcDbEntity
8
0
100
AcDbLine
10
484.975
20
81.982
30
0
11
485.028
21
82
31
0
0
LINE
5
EDD
330
C
100
AcDbEntity
8
0
100
AcDbLine
10
485.028
20
82
30
0
11
485.083
21
82.019
31
0
0
LINE
5
EDE
330
C
100
AcDbEntity
8
0
100
AcDbLine
10
485.083
20
82.019
30
0
11
485.139
21
82.039
31
0
0
LINE
5
EDF
330
C
100
AcDbEntity
8
0
100
AcDbLine
10
485.139
20
82.039
30
0
11
485.196
21
82.06
31
0
0
LINE
5
EE0
330
C
100
AcDbEntity
8
0
100
AcDbLine
10
485.196
20
82.06
30
0
11
485.196
21
82.06
31
0
0
LINE
5
EE1
330
C
100
AcDbEntity
8
0
100
AcDbLine
10
485.196
20
82.06
30
0
11
485.328
21
81.388
31
0
0
LINE
5
EE2
330
C
100
AcDbEntity
8
0
100
AcDbLine
10
485.328
20
81.388
30
0
11
485.267
21
81.362
31
0
0
LINE
5
EE3
330
C
100
AcDbEntity
8
0
100
AcDbLine
10
485.267
20
81.362
30
0
11
485.206
21
81.337
31
0
0
LINE
5
EE4
330
C
100
AcDbEntity
8
0
100
AcDbLine
10
485.206
20
81.337
30
0
11
485.145
21
81.313
31
0
0
LINE
5
EE5
330
C
100
AcDbEntity
8
0
100
AcDbLine
10
485.145
20
81.313
30
0
11
485.084
21
81.29
31
0
0
LINE
5
EE6
330
C
100
AcDbEntity
8
0
100
AcDbLine
10
485.084
20
81.29
30
0
11
485.023
21
81.268
31
0
0
LINE
5
EE7
330
C
100
AcDbEntity
8
0
100
AcDbLine
10
485.023
20
81.268
30
0
11
484.962
21
81.247
31
0
0
LINE
5
EE8
330
C
100
AcDbEntity
8
0
100
AcDbLine
10
484.962
20
81.247
30
0
11
484.901
21
81.227
31
0
0
LINE
5
EE9
330
C
100
AcDbEntity
8
0
100
AcDbLine
10
484.901
20
81.227
30
0
11
484.84
21
81.208
31
0
0
LINE
5
EEA
330
C
100
AcDbEntity
8
0
100
AcDbLine
10
484.84
20
81.208
30
0
11
484.78
21
81.189
31
0
0
LINE
5
EEB
330
C
100
AcDbEntity
8
0
100
AcDbLine
10
484.78
20
81.189
30
0
11
484.719
21
81.172
31
0
0
LINE
5
EEC
330
C
100
AcDbEntity
8
0
100
AcDbLine
10
484.719
20
81.172
30
0
11
484.658
21
81.156
31
0
0
LINE
5
EED
330
C
100
AcDbEntity
8
0
100
AcDbLine
10
484.658
20
81.156
30
0
11
484.597
21
81.142
31
0
0
LINE
5
EEE
330
C
100
AcDbEntity
8
0
100
AcDbLine
10
484.597
20
81.142
30
0
11
484.535
21
81.129
31
0
0
LINE
5
EEF
330
C
100
AcDbEntity
8
0
100
AcDbLine
10
484.535
20
81.129
30
0
11
484.473
21
81.118
31
0
0
LINE
5
EF0
330
C
100
AcDbEntity
8
0
100
AcDbLine
10
484.473
20
81.118
30
0
11
484.411
21
81.109
31
0
0
LINE
5
EF1
330
C
100
AcDbEntity
8
0
100
AcDbLine
10
484.411
20
81.109
30
0
11
484.348
21
81.101
31
0
0
LINE
5
EF2
330
C
100
AcDbEntity
8
0
100
AcDbLine
10
484.348
20
81.101
30
0
11
484.285
21
81.096
31
0
0
LINE
5
EF3
330
C
100
AcDbEntity
8
0
100
AcDbLine
10
484.285
20
81.096
30
0
11
484.221
21
81.091
31
0
0
LINE
5
EF4
330
C
100
AcDbEntity
8
0
100
AcDbLine
10
484.221
20
81.091
30
0
11
484.157
21
81.089
31
0
0
LINE
5
EF5
330
C
100
AcDbEntity
8
0
100
AcDbLine
10
484.157
20
81.089
30
0
11
484.092
21
81.088
31
0
0
LINE
5
EF6
330
C
100
AcDbEntity
8
0
100
AcDbLine
10
484.092
20
81.088
30
0
11
484.092
21
81.088
31
0
0
LINE
5
EF7
330
C
100
AcDbEntity
8
0
100
AcDbLine
10
485.184
20
86.32
30
0
11
481.524
21
86.32
31
0
0
LINE
5
EF8
330
C
100
AcDbEntity
8
0
100
AcDbLine
10
481.524
20
86.32
30
0
11
481.524
21
86.968
31
0
0
LINE
5
EF9
330
C
100
AcDbEntity
8
0
100
AcDbLine
10
481.524
20
86.968
30
0
11
485.184
21
86.968
31
0
0
LINE
5
EFA
330
C
100
AcDbEntity
8
0
100
AcDbLine
10
485.184
20
86.968
30
0
11
485.184
21
86.32
31
0
0
LINE
5
EFB
330
C
100
AcDbEntity
8
0
100
AcDbLine
10
485.184
20
86.32
30
0
11
485.184
21
86.32
31
0
0
LINE
5
EFC
330
C
100
AcDbEntity
8
0
100
AcDbLine
10
488.916
20
81.088
30
0
11
488.916
21
81.088
31
0
0
LINE
5
EFD
330
C
100
AcDbEntity
8
0
100
AcDbLine
10
488.916
20
81.088
30
0
11
488.763
21
81.091
31
0
0
LINE
5
EFE
330
C
100
AcDbEntity
8
0
100
AcDbLine
10
488.763
20
81.091
30
0
11
488.613
21
81.102
31
0
0
LINE
5
EFF
330
C
100
AcDbEntity
8
0
100
AcDbLine
10
488.613
20
81.102
30
0
11
488.467
21
81.119
31
0
0
LINE
5
F00
330
C
100
AcDbEntity
8
0
100
AcDbLine
10
488.467
20
81.119
30
0
11
488.324
21
81.143
31
0
0
LINE
5
F01
330
C
100
AcDbEntity
8
0
100
AcDbLine
10
488.324
20
81.143
30
0
11
488.185
21
81.174
31
0
0
LINE
5
F02
330
C
100
AcDbEntity
8
0
100
AcDbLine
10
488.185
20
81.174
30
0
11
488.049
21
81.211
31
0
0
LINE
5
F03
330
C
100
AcDbEntity
8
0
100
AcDbLine
10
488.049
20
81.211
30
0
11
487.916
21
81.256
31
0
0
LINE
5
F04
330
C
100
AcDbEntity
8
0
100
AcDbLine
10
487.916
20
81.256
30
0
11
487.787
21
81.307
31
0
0
LINE
5
F05
330
C
100
AcDbEntity
8
0
100
AcDbLine
10
487.787
20
81.307
30
0
11
487.661
21
81.365
31
0
0
LINE
5
F06
330
C
100
AcDbEntity
8
0
100
AcDbLine
10
487.661
20
81.365
30
0
11
487.539
21
81.43
31
0
0
LINE
5
F07
330
C
100
AcDbEntity
8
0
100
AcDbLine
10
487.539
20
81.43
30
0
11
487.421
21
81.502
31
0
0
LINE
5
F08
330
C
100
AcDbEntity
8
0
100
AcDbLine
10
487.421
20
81.502
30
0
11
487.308
21
81.58
31
0
0
LINE
5
F09
330
C
100
AcDbEntity
8
0
100
AcDbLine
10
487.308
20
81.58
30
0
11
487.2
21
81.665
31
0
0
LINE
5
F0A
330
C
100
AcDbEntity
8
0
100
AcDbLine
10
487.2
20
81.665
30
0
11
487.097
21
81.756
31
0
0
LINE
5
F0B
330
C
100
AcDbEntity
8
0
100
AcDbLine
10
487.097
20
81.756
30
0
11
487
21
81.855
31
0
0
LINE
5
F0C
330
C
100
AcDbEntity
8
0
100
AcDbLine
10
487
20
81.855
30
0
11
486.907
21
81.959
31
0
0
LINE
5
F0D
330
C
100
AcDbEntity
8
0
100
AcDbLine
10
486.907
20
81.959
30
0
11
486.82
21
82.07
31
0
0
LINE
5
F0E
330
C
100
AcDbEntity
8
0
100
AcDbLine
10
486.82
20
82.07
30
0
11
486.737
21
82.188
31
0
0
LINE
5
F0F
330
C
100
AcDbEntity
8
0
100
AcDbLine
10
486.737
20
82.188
30
0
11
486.66
21
82.313
31
0
0
LINE
5
F10
330
C
100
AcDbEntity
8
0
100
AcDbLine
10
486.66
20
82.313
30
0
11
486.588
21
82.444
31
0
0
LINE
5
F11
330
C
100
AcDbEntity
8
0
100
AcDbLine
10
486.588
20
82.444
30
0
11
486.522
21
82.582
31
0
0
LINE
5
F12
330
C
100
AcDbEntity
8
0
100
AcDbLine
10
486.522
20
82.582
30
0
11
486.463
21
82.725
31
0
0
LINE
5
F13
330
C
100
AcDbEntity
8
0
100
AcDbLine
10
486.463
20
82.725
30
0
11
486.411
21
82.875
31
0
0
LINE
5
F14
330
C
100
AcDbEntity
8
0
100
AcDbLine
10
486.411
20
82.875
30
0
11
486.365
21
83.032
31
0
0
LINE
5
F15
330
C
100
AcDbEntity
8
0
100
AcDbLine
10
486.365
20
83.032
30
0
11
486.327
21
83.194
31
0
0
LINE
5
F16
330
C
100
AcDbEntity
8
0
100
AcDbLine
10
486.327
20
83.194
30
0
11
486.296
21
83.363
31
0
0
LINE
5
F17
330
C
100
AcDbEntity
8
0
100
AcDbLine
10
486.296
20
83.363
30
0
11
486.271
21
83.538
31
0
0
LINE
5
F18
330
C
100
AcDbEntity
8
0
100
AcDbLine
10
486.271
20
83.538
30
0
11
486.254
21
83.719
31
0
0
LINE
5
F19
330
C
100
AcDbEntity
8
0
100
AcDbLine
10
486.254
20
83.719
30
0
11
486.243
21
83.906
31
0
0
LINE
5
F1A
330
C
100
AcDbEntity
8
0
100
AcDbLine
10
486.243
20
83.906
30
0
11
486.24
21
84.1
31
0
0
LINE
5
F1B
330
C
100
AcDbEntity
8
0
100
AcDbLine
10
486.24
20
84.1
30
0
11
486.24
21
84.1
31
0
0
LINE
5
F1C
330
C
100
AcDbEntity
8
0
100
AcDbLine
10
486.24
20
84.1
30
0
11
486.243
21
84.295
31
0
0
LINE
5
F1D
330
C
100
AcDbEntity
8
0
100
AcDbLine
10
486.243
20
84.295
30
0
11
486.254
21
84.483
31
0
0
LINE
5
F1E
330
C
100
AcDbEntity
8
0
100
AcDbLine
10
486.254
20
84.483
30
0
11
486.271
21
84.665
31
0
0
LINE
5
F1F
330
C
100
AcDbEntity
8
0
100
AcDbLine
10
486.271
20
84.665
30
0
11
486.296
21
84.841
31
0
0
LINE
5
F20
330
C
100
AcDbEntity
8
0
100
AcDbLine
10
486.296
20
84.841
30
0
11
486.327
21
85.01
31
0
0
LINE
5
F21
330
C
100
AcDbEntity
8
0
100
AcDbLine
10
486.327
20
85.01
30
0
11
486.365
21
85.172
31
0
0
LINE
5
F22
330
C
100
AcDbEntity
8
0
100
AcDbLine
10
486.365
20
85.172
30
0
11
486.411
21
85.329
31
0
0
LINE
5
F23
330
C
100
AcDbEntity
8
0
100
AcDbLine
10
486.411
20
85.329
30
0
11
486.463
21
85.479
31
0
0
LINE
5
F24
330
C
100
AcDbEntity
8
0
100
AcDbLine
10
486.463
20
85.479
30
0
11
486.522
21
85.622
31
0
0
LINE
5
F25
330
C
100
AcDbEntity
8
0
100
AcDbLine
10
486.522
20
85.622
30
0
11
486.588
21
85.759
31
0
0
LINE
5
F26
330
C
100
AcDbEntity
8
0
100
AcDbLine
10
486.588
20
85.759
30
0
11
486.66
21
85.89
31
0
0
LINE
5
F27
330
C
100
AcDbEntity
8
0
100
AcDbLine
10
486.66
20
85.89
30
0
11
486.737
21
86.014
31
0
0
LINE
5
F28
330
C
100
AcDbEntity
8
0
100
AcDbLine
10
486.737
20
86.014
30
0
11
486.82
21
86.131
31
0
0
LINE
5
F29
330
C
100
AcDbEntity
8
0
100
AcDbLine
10
486.82
20
86.131
30
0
11
486.907
21
86.242
31
0
0
LINE
5
F2A
330
C
100
AcDbEntity
8
0
100
AcDbLine
10
486.907
20
86.242
30
0
11
487
21
86.346
31
0
0
LINE
5
F2B
330
C
100
AcDbEntity
8
0
100
AcDbLine
10
487
20
86.346
30
0
11
487.097
21
86.444
31
0
0
LINE
5
F2C
330
C
100
AcDbEntity
8
0
100
AcDbLine
10
487.097
20
86.444
30
0
11
487.2
21
86.535
31
0
0
LINE
5
F2D
330
C
100
AcDbEntity
8
0
100
AcDbLine
10
487.2
20
86.535
30
0
11
487.308
21
86.62
31
0
0
LINE
5
F2E
330
C
100
AcDbEntity
8
0
100
AcDbLine
10
487.308
20
86.62
30
0
11
487.421
21
86.698
31
0
0
LINE
5
F2F
330
C
100
AcDbEntity
8
0
100
AcDbLine
10
487.421
20
86.698
30
0
11
487.539
21
86.77
31
0
0
LINE
5
F30
330
C
100
AcDbEntity
8
0
100
AcDbLine
10
487.539
20
86.77
30
0
11
487.661
21
86.835
31
0
0
LINE
5
F31
330
C
100
AcDbEntity
8
0
100
AcDbLine
10
487.661
20
86.835
30
0
11
487.787
21
86.893
31
0
0
LINE
5
F32
330
C
100
AcDbEntity
8
0
100
AcDbLine
10
487.787
20
86.893
30
0
11
487.916
21
86.944
31
0
0
LINE
5
F33
330
C
100
AcDbEntity
8
0
100
AcDbLine
10
487.916
20
86.944
30
0
11
488.049
21
86.989
31
0
0
LINE
5
F34
330
C
100
AcDbEntity
8
0
100
AcDbLine
10
488.049
20
86.989
30
0
11
488.185
21
87.026
31
0
0
LINE
5
F35
330
C
100
AcDbEntity
8
0
100
AcDbLine
10
488.185
20
87.026
30
0
11
488.324
21
87.057
31
0
0
LINE
5
F36
330
C
100
AcDbEntity
8
0
100
AcDbLine
10
488.324
20
87.057
30
0
11
488.467
21
87.081
31
0
0
LINE
5
F37
330
C
100
AcDbEntity
8
0
100
AcDbLine
10
488.467
20
87.081
30
0
11
488.613
21
87.098
31
0
0
LINE
5
F38
330
C
100
AcDbEntity
8
0
100
AcDbLine
10
488.613
20
87.098
30
0
11
488.763
21
87.109
31
0
0
LINE
5
F39
330
C
100
AcDbEntity
8
0
100
AcDbLine
10
488.763
20
87.109
30
0
11
488.916
21
87.112
31
0
0
LINE
5
F3A
330
C
100
AcDbEntity
8
0
100
AcDbLine
10
488.916
20
87.112
30
0
11
488.916
21
87.112
31
0
0
LINE
5
F3B
330
C
100
AcDbEntity
8
0
100
AcDbLine
10
488.916
20
87.112
30
0
11
489.068
21
87.109
31
0
0
LINE
5
F3C
330
C
100
AcDbEntity
8
0
100
AcDbLine
10
489.068
20
87.109
30
0
11
489.217
21
87.098
31
0
0
LINE
5
F3D
330
C
100
AcDbEntity
8
0
100
AcDbLine
10
489.217
20
87.098
30
0
11
489.362
21
87.081
31
0
0
LINE
5
F3E
330
C
100
AcDbEntity
8
0
100
AcDbLine
10
489.362
20
87.081
30
0
11
489.504
21
87.057
31
0
0
LINE
5
F3F
330
C
100
AcDbEntity
8
0
100
AcDbLine
10
489.504
20
87.057
30
0
11
489.643
21
87.026
31
0
0
LINE
5
F40
330
C
100
AcDbEntity
8
0
100
AcDbLine
10
489.643
20
87.026
30
0
11
489.778
21
86.989
31
0
0
LINE
5
F41
330
C
100
AcDbEntity
8
0
100
AcDbLine
10
489.778
20
86.989
30
0
11
489.91
21
86.944
31
0
0
LINE
5
F42
330
C
100
AcDbEntity
8
0
100
AcDbLine
10
489.91
20
86.944
30
0
11
490.039
21
86.893
31
0
0
LINE
5
F43
330
C
100
AcDbEntity
8
0
100
AcDbLine
10
490.039
20
86.893
30
0
11
490.165
21
86.835
31
0
0
LINE
5
F44
330
C
100
AcDbEntity
8
0
100
AcDbLine
10
490.165
20
86.835
30
0
11
490.287
21
86.77
31
0
0
LINE
5
F45
330
C
100
AcDbEntity
8
0
100
AcDbLine
10
490.287
20
86.77
30
0
11
490.405
21
86.698
31
0
0
LINE
5
F46
330
C
100
AcDbEntity
8
0
100
AcDbLine
10
490.405
20
86.698
30
0
11
490.518
21
86.62
31
0
0
LINE
5
F47
330
C
100
AcDbEntity
8
0
100
AcDbLine
10
490.518
20
86.62
30
0
11
490.626
21
86.535
31
0
0
LINE
5
F48
330
C
100
AcDbEntity
8
0
100
AcDbLine
10
490.626
20
86.535
30
0
11
490.728
21
86.444
31
0
0
LINE
5
F49
330
C
100
AcDbEntity
8
0
100
AcDbLine
10
490.728
20
86.444
30
0
11
490.825
21
86.346
31
0
0
LINE
5
F4A
330
C
100
AcDbEntity
8
0
100
AcDbLine
10
490.825
20
86.346
30
0
11
490.918
21
86.242
31
0
0
LINE
5
F4B
330
C
100
AcDbEntity
8
0
100
AcDbLine
10
490.918
20
86.242
30
0
11
491.005
21
86.131
31
0
0
LINE
5
F4C
330
C
100
AcDbEntity
8
0
100
AcDbLine
10
491.005
20
86.131
30
0
11
491.087
21
86.014
31
0
0
LINE
5
F4D
330
C
100
AcDbEntity
8
0
100
AcDbLine
10
491.087
20
86.014
30
0
11
491.163
21
85.89
31
0
0
LINE
5
F4E
330
C
100
AcDbEntity
8
0
100
AcDbLine
10
491.163
20
85.89
30
0
11
491.235
21
85.759
31
0
0
LINE
5
F4F
330
C
100
AcDbEntity
8
0
100
AcDbLine
10
491.235
20
85.759
30
0
11
491.301
21
85.622
31
0
0
LINE
5
F50
330
C
100
AcDbEntity
8
0
100
AcDbLine
10
491.301
20
85.622
30
0
11
491.359
21
85.479
31
0
0
LINE
5
F51
330
C
100
AcDbEntity
8
0
100
AcDbLine
10
491.359
20
85.479
30
0
11
491.411
21
85.329
31
0
0
LINE
5
F52
330
C
100
AcDbEntity
8
0
100
AcDbLine
10
491.411
20
85.329
30
0
11
491.456
21
85.172
31
0
0
LINE
5
F53
330
C
100
AcDbEntity
8
0
100
AcDbLine
10
491.456
20
85.172
30
0
11
491.494
21
85.01
31
0
0
LINE
5
F54
330
C
100
AcDbEntity
8
0
100
AcDbLine
10
491.494
20
85.01
30
0
11
491.525
21
84.841
31
0
0
LINE
5
F55
330
C
100
AcDbEntity
8
0
100
AcDbLine
10
491.525
20
84.841
30
0
11
491.549
21
84.665
31
0
0
LINE
5
F56
330
C
100
AcDbEntity
8
0
100
AcDbLine
10
491.549
20
84.665
30
0
11
491.566
21
84.483
31
0
0
LINE
5
F57
330
C
100
AcDbEntity
8
0
100
AcDbLine
10
491.566
20
84.483
30
0
11
491.577
21
84.295
31
0
0
LINE
5
F58
330
C
100
AcDbEntity
8
0
100
AcDbLine
10
491.577
20
84.295
30
0
11
491.58
21
84.1
31
0
0
LINE
5
F59
330
C
100
AcDbEntity
8
0
100
AcDbLine
10
491.58
20
84.1
30
0
11
491.58
21
84.1
31
0
0
LINE
5
F5A
330
C
100
AcDbEntity
8
0
100
AcDbLine
10
491.58
20
84.1
30
0
11
491.577
21
83.906
31
0
0
LINE
5
F5B
330
C
100
AcDbEntity
8
0
100
AcDbLine
10
491.577
20
83.906
30
0
11
491.566
21
83.719
31
0
0
LINE
5
F5C
330
C
100
AcDbEntity
8
0
100
AcDbLine
10
491.566
20
83.719
30
0
11
491.549
21
83.538
31
0
0
LINE
5
F5D
330
C
100
AcDbEntity
8
0
100
AcDbLine
10
491.549
20
83.538
30
0
11
491.525
21
83.363
31
0
0
LINE
5
F5E
330
C
100
AcDbEntity
8
0
100
AcDbLine
10
491.525
20
83.363
30
0
11
491.494
21
83.194
31
0
0
LINE
5
F5F
330
C
100
AcDbEntity
8
0
100
AcDbLine
10
491.494
20
83.194
30
0
11
491.456
21
83.032
31
0
0
LINE
5
F60
330
C
100
AcDbEntity
8
0
100
AcDbLine
10
491.456
20
83.032
30
0
11
491.411
21
82.875
31
0
0
LINE
5
F61
330
C
100
AcDbEntity
8
0
100
AcDbLine
10
491.411
20
82.875
30
0
11
491.359
21
82.725
31
0
0
LINE
5
F62
330
C
100
AcDbEntity
8
0
100
AcDbLine
10
491.359
20
82.725
30
0
11
491.301
21
82.582
31
0
0
LINE
5
F63
330
C
100
AcDbEntity
8
0
100
AcDbLine
10
491.301
20
82.582
30
0
11
491.235
21
82.444
31
0
0
LINE
5
F64
330
C
100
AcDbEntity
8
0
100
AcDbLine
10
491.235
20
82.444
30
0
11
491.163
21
82.313
31
0
0
LINE
5
F65
330
C
100
AcDbEntity
8
0
100
AcDbLine
10
491.163
20
82.313
30
0
11
491.087
21
82.188
31
0
0
LINE
5
F66
330
C
100
AcDbEntity
8
0
100
AcDbLine
10
491.087
20
82.188
30
0
11
491.005
21
82.07
31
0
0
LINE
5
F67
330
C
100
AcDbEntity
8
0
100
AcDbLine
10
491.005
20
82.07
30
0
11
490.918
21
81.959
31
0
0
LINE
5
F68
330
C
100
AcDbEntity
8
0
100
AcDbLine
10
490.918
20
81.959
30
0
11
490.825
21
81.855
31
0
0
LINE
5
F69
330
C
100
AcDbEntity
8
0
100
AcDbLine
10
490.825
20
81.855
30
0
11
490.728
21
81.756
31
0
0
LINE
5
F6A
330
C
100
AcDbEntity
8
0
100
AcDbLine
10
490.728
20
81.756
30
0
11
490.626
21
81.665
31
0
0
LINE
5
F6B
330
C
100
AcDbEntity
8
0
100
AcDbLine
10
490.626
20
81.665
30
0
11
490.518
21
81.58
31
0
0
LINE
5
F6C
330
C
100
AcDbEntity
8
0
100
AcDbLine
10
490.518
20
81.58
30
0
11
490.405
21
81.502
31
0
0
LINE
5
F6D
330
C
100
AcDbEntity
8
0
100
AcDbLine
10
490.405
20
81.502
30
0
11
490.287
21
81.43
31
0
0
LINE
5
F6E
330
C
100
AcDbEntity
8
0
100
AcDbLine
10
490.287
20
81.43
30
0
11
490.165
21
81.365
31
0
0
LINE
5
F6F
330
C
100
AcDbEntity
8
0
100
AcDbLine
10
490.165
20
81.365
30
0
11
490.039
21
81.307
31
0
0
LINE
5
F70
330
C
100
AcDbEntity
8
0
100
AcDbLine
10
490.039
20
81.307
30
0
11
489.91
21
81.256
31
0
0
LINE
5
F71
330
C
100
AcDbEntity
8
0
100
AcDbLine
10
489.91
20
81.256
30
0
11
489.778
21
81.211
31
0
0
LINE
5
F72
330
C
100
AcDbEntity
8
0
100
AcDbLine
10
489.778
20
81.211
30
0
11
489.643
21
81.174
31
0
0
LINE
5
F73
330
C
100
AcDbEntity
8
0
100
AcDbLine
10
489.643
20
81.174
30
0
11
489.504
21
81.143
31
0
0
LINE
5
F74
330
C
100
AcDbEntity
8
0
100
AcDbLine
10
489.504
20
81.143
30
0
11
489.362
21
81.119
31
0
0
LINE
5
F75
330
C
100
AcDbEntity
8
0
100
AcDbLine
10
489.362
20
81.119
30
0
11
489.217
21
81.102
31
0
0
LINE
5
F76
330
C
100
AcDbEntity
8
0
100
AcDbLine
10
489.217
20
81.102
30
0
11
489.068
21
81.091
31
0
0
LINE
5
F77
330
C
100
AcDbEntity
8
0
100
AcDbLine
10
489.068
20
81.091
30
0
11
488.916
21
81.088
31
0
0
LINE
5
F78
330
C
100
AcDbEntity
8
0
100
AcDbLine
10
488.916
20
81.088
30
0
11
488.916
21
81.088
31
0
0
LINE
5
F79
330
C
100
AcDbEntity
8
0
100
AcDbLine
10
488.892
20
81.904
30
0
11
488.892
21
81.904
31
0
0
LINE
5
F7A
330
C
100
AcDbEntity
8
0
100
AcDbLine
10
488.892
20
81.904
30
0
11
489.002
21
81.907
31
0
0
LINE
5
F7B
330
C
100
AcDbEntity
8
0
100
AcDbLine
10
489.002
20
81.907
30
0
11
489.108
21
81.915
31
0
0
LINE
5
F7C
330
C
100
AcDbEntity
8
0
100
AcDbLine
10
489.108
20
81.915
30
0
11
489.212
21
81.928
31
0
0
LINE
5
F7D
330
C
100
AcDbEntity
8
0
100
AcDbLine
10
489.212
20
81.928
30
0
11
489.312
21
81.947
31
0
0
LINE
5
F7E
330
C
100
AcDbEntity
8
0
100
AcDbLine
10
489.312
20
81.947
30
0
11
489.408
21
81.971
31
0
0
LINE
5
F7F
330
C
100
AcDbEntity
8
0
100
AcDbLine
10
489.408
20
81.971
30
0
11
489.501
21
82
31
0
0
LINE
5
F80
330
C
100
AcDbEntity
8
0
100
AcDbLine
10
489.501
20
82
30
0
11
489.591
21
82.035
31
0
0
LINE
5
F81
330
C
100
AcDbEntity
8
0
100
AcDbLine
10
489.591
20
82.035
30
0
11
489.677
21
82.075
31
0
0
LINE
5
F82
330
C
100
AcDbEntity
8
0
100
AcDbLine
10
489.677
20
82.075
30
0
11
489.76
21
82.12
31
0
0
LINE
5
F83
330
C
100
AcDbEntity
8
0
100
AcDbLine
10
489.76
20
82.12
30
0
11
489.84
21
82.171
31
0
0
LINE
5
F84
330
C
100
AcDbEntity
8
0
100
AcDbLine
10
489.84
20
82.171
30
0
11
489.916
21
82.227
31
0
0
LINE
5
F85
330
C
100
AcDbEntity
8
0
100
AcDbLine
10
489.916
20
82.227
30
0
11
489.988
21
82.287
31
0
0
LINE
5
F86
330
C
100
AcDbEntity
8
0
100
AcDbLine
10
489.988
20
82.287
30
0
11
490.057
21
82.351
31
0
0
LINE
5
F87
330
C
100
AcDbEntity
8
0
100
AcDbLine
10
490.057
20
82.351
30
0
11
490.122
21
82.421
31
0
0
LINE
5
F88
330
C
100
AcDbEntity
8
0
100
AcDbLine
10
490.122
20
82.421
30
0
11
490.183
21
82.494
31
0
0
LINE
5
F89
330
C
100
AcDbEntity
8
0
100
AcDbLine
10
490.183
20
82.494
30
0
11
490.24
21
82.572
31
0
0
LINE
5
F8A
330
C
100
AcDbEntity
8
0
100
AcDbLine
10
490.24
20
82.572
30
0
11
490.293
21
82.655
31
0
0
LINE
5
F8B
330
C
100
AcDbEntity
8
0
100
AcDbLine
10
490.293
20
82.655
30
0
11
490.343
21
82.742
31
0
0
LINE
5
F8C
330
C
100
AcDbEntity
8
0
100
AcDbLine
10
490.343
20
82.742
30
0
11
490.389
21
82.834
31
0
0
LINE
5
F8D
330
C
100
AcDbEntity
8
0
100
AcDbLine
10
490.389
20
82.834
30
0
11
490.431
21
82.93
31
0
0
LINE
5
F8E
330
C
100
AcDbEntity
8
0
100
AcDbLine
10
490.431
20
82.93
30
0
11
490.469
21
83.03
31
0
0
LINE
5
F8F
330
C
100
AcDbEntity
8
0
100
AcDbLine
10
490.469
20
83.03
30
0
11
490.503
21
83.134
31
0
0
LINE
5
F90
330
C
100
AcDbEntity
8
0
100
AcDbLine
10
490.503
20
83.134
30
0
11
490.534
21
83.242
31
0
0
LINE
5
F91
330
C
100
AcDbEntity
8
0
100
AcDbLine
10
490.534
20
83.242
30
0
11
490.56
21
83.353
31
0
0
LINE
5
F92
330
C
100
AcDbEntity
8
0
100
AcDbLine
10
490.56
20
83.353
30
0
11
490.582
21
83.469
31
0
0
LINE
5
F93
330
C
100
AcDbEntity
8
0
100
AcDbLine
10
490.582
20
83.469
30
0
11
490.6
21
83.587
31
0
0
LINE
5
F94
330
C
100
AcDbEntity
8
0
100
AcDbLine
10
490.6
20
83.587
30
0
11
490.614
21
83.71
31
0
0
LINE
5
F95
330
C
100
AcDbEntity
8
0
100
AcDbLine
10
490.614
20
83.71
30
0
11
490.624
21
83.836
31
0
0
LINE
5
F96
330
C
100
AcDbEntity
8
0
100
AcDbLine
10
490.624
20
83.836
30
0
11
490.63
21
83.966
31
0
0
LINE
5
F97
330
C
100
AcDbEntity
8
0
100
AcDbLine
10
490.63
20
83.966
30
0
11
490.632
21
84.1
31
0
0
LINE
5
F98
330
C
100
AcDbEntity
8
0
100
AcDbLine
10
490.632
20
84.1
30
0
11
490.632
21
84.1
31
0
0
LINE
5
F99
330
C
100
AcDbEntity
8
0
100
AcDbLine
10
490.632
20
84.1
30
0
11
490.628
21
84.301
31
0
0
LINE
5
F9A
330
C
100
AcDbEntity
8
0
100
AcDbLine
10
490.628
20
84.301
30
0
11
490.615
21
84.493
31
0
0
LINE
5
F9B
330
C
100
AcDbEntity
8
0
100
AcDbLine
10
490.615
20
84.493
30
0
11
490.594
21
84.676
31
0
0
LINE
5
F9C
330
C
100
AcDbEntity
8
0
100
AcDbLine
10
490.594
20
84.676
30
0
11
490.564
21
84.851
31
0
0
LINE
5
F9D
330
C
100
AcDbEntity
8
0
100
AcDbLine
10
490.564
20
84.851
30
0
11
490.526
21
85.017
31
0
0
LINE
5
F9E
330
C
100
AcDbEntity
8
0
100
AcDbLine
10
490.526
20
85.017
30
0
11
490.479
21
85.175
31
0
0
LINE
5
F9F
330
C
100
AcDbEntity
8
0
100
AcDbLine
10
490.479
20
85.175
30
0
11
490.423
21
85.323
31
0
0
LINE
5
FA0
330
C
100
AcDbEntity
8
0
100
AcDbLine
10
490.423
20
85.323
30
0
11
490.359
21
85.463
31
0
0
LINE
5
FA1
330
C
100
AcDbEntity
8
0
100
AcDbLine
10
490.359
20
85.463
30
0
11
490.287
21
85.594
31
0
0
LINE
5
FA2
330
C
100
AcDbEntity
8
0
100
AcDbLine
10
490.287
20
85.594
30
0
11
490.206
21
85.717
31
0
0
LINE
5
FA3
330
C
100
AcDbEntity
8
0
100
AcDbLine
10
490.206
20
85.717
30
0
11
490.117
21
85.829
31
0
0
LINE
5
FA4
330
C
100
AcDbEntity
8
0
100
AcDbLine
10
490.117
20
85.829
30
0
11
490.019
21
85.93
31
0
0
LINE
5
FA5
330
C
100
AcDbEntity
8
0
100
AcDbLine
10
490.019
20
85.93
30
0
11
489.913
21
86.018
31
0
0
LINE
5
FA6
330
C
100
AcDbEntity
8
0
100
AcDbLine
10
489.913
20
86.018
30
0
11
489.799
21
86.095
31
0
0
LINE
5
FA7
330
C
100
AcDbEntity
8
0
100
AcDbLine
10
489.799
20
86.095
30
0
11
489.676
21
86.16
31
0
0
LINE
5
FA8
330
C
100
AcDbEntity
8
0
100
AcDbLine
10
489.676
20
86.16
30
0
11
489.546
21
86.213
31
0
0
LINE
5
FA9
330
C
100
AcDbEntity
8
0
100
AcDbLine
10
489.546
20
86.213
30
0
11
489.407
21
86.255
31
0
0
LINE
5
FAA
330
C
100
AcDbEntity
8
0
100
AcDbLine
10
489.407
20
86.255
30
0
11
489.259
21
86.284
31
0
0
LINE
5
FAB
330
C
100
AcDbEntity
8
0
100
AcDbLine
10
489.259
20
86.284
30
0
11
489.104
21
86.302
31
0
0
LINE
5
FAC
330
C
100
AcDbEntity
8
0
100
AcDbLine
10
489.104
20
86.302
30
0
11
488.94
21
86.308
31
0
0
LINE
5
FAD
330
C
100
AcDbEntity
8
0
100
AcDbLine
10
488.94
20
86.308
30
0
11
488.94
21
86.308
31
0
0
LINE
5
FAE
330
C
100
AcDbEntity
8
0
100
AcDbLine
10
488.94
20
86.308
30
0
11
488.829
21
86.305
31
0
0
LINE
5
FAF
330
C
100
AcDbEntity
8
0
100
AcDbLine
10
488.829
20
86.305
30
0
11
488.721
21
86.297
31
0
0
LINE
5
FB0
330
C
100
AcDbEntity
8
0
100
AcDbLine
10
488.721
20
86.297
30
0
11
488.618
21
86.284
31
0
0
LINE
5
FB1
330
C
100
AcDbEntity
8
0
100
AcDbLine
10
488.618
20
86.284
30
0
11
488.517
21
86.265
31
0
0
LINE
5
FB2
330
C
100
AcDbEntity
8
0
100
AcDbLine
10
488.517
20
86.265
30
0
11
488.42
21
86.241
31
0
0
LINE
5
FB3
330
C
100
AcDbEntity
8
0
100
AcDbLine
10
488.42
20
86.241
30
0
11
488.327
21
86.212
31
0
0
LINE
5
FB4
330
C
100
AcDbEntity
8
0
100
AcDbLine
10
488.327
20
86.212
30
0
11
488.237
21
86.177
31
0
0
LINE
5
FB5
330
C
100
AcDbEntity
8
0
100
AcDbLine
10
488.237
20
86.177
30
0
11
488.151
21
86.137
31
0
0
LINE
5
FB6
330
C
100
AcDbEntity
8
0
100
AcDbLine
10
488.151
20
86.137
30
0
11
488.068
21
86.092
31
0
0
LINE
5
FB7
330
C
100
AcDbEntity
8
0
100
AcDbLine
10
488.068
20
86.092
30
0
11
487.989
21
86.041
31
0
0
LINE
5
FB8
330
C
100
AcDbEntity
8
0
100
AcDbLine
10
487.989
20
86.041
30
0
11
487.913
21
85.985
31
0
0
LINE
5
FB9
330
C
100
AcDbEntity
8
0
100
AcDbLine
10
487.913
20
85.985
30
0
11
487.842
21
85.925
31
0
0
LINE
5
FBA
330
C
100
AcDbEntity
8
0
100
AcDbLine
10
487.842
20
85.925
30
0
11
487.774
21
85.86
31
0
0
LINE
5
FBB
330
C
100
AcDbEntity
8
0
100
AcDbLine
10
487.774
20
85.86
30
0
11
487.709
21
85.791
31
0
0
LINE
5
FBC
330
C
100
AcDbEntity
8
0
100
AcDbLine
10
487.709
20
85.791
30
0
11
487.649
21
85.717
31
0
0
LINE
5
FBD
330
C
100
AcDbEntity
8
0
100
AcDbLine
10
487.649
20
85.717
30
0
11
487.592
21
85.639
31
0
0
LINE
5
FBE
330
C
100
AcDbEntity
8
0
100
AcDbLine
10
487.592
20
85.639
30
0
11
487.538
21
85.555
31
0
0
LINE
5
FBF
330
C
100
AcDbEntity
8
0
100
AcDbLine
10
487.538
20
85.555
30
0
11
487.489
21
85.468
31
0
0
LINE
5
FC0
330
C
100
AcDbEntity
8
0
100
AcDbLine
10
487.489
20
85.468
30
0
11
487.443
21
85.376
31
0
0
LINE
5
FC1
330
C
100
AcDbEntity
8
0
100
AcDbLine
10
487.443
20
85.376
30
0
11
487.401
21
85.279
31
0
0
LINE
5
FC2
330
C
100
AcDbEntity
8
0
100
AcDbLine
10
487.401
20
85.279
30
0
11
487.363
21
85.178
31
0
0
LINE
5
FC3
330
C
100
AcDbEntity
8
0
100
AcDbLine
10
487.363
20
85.178
30
0
11
487.329
21
85.073
31
0
0
LINE
5
FC4
330
C
100
AcDbEntity
8
0
100
AcDbLine
10
487.329
20
85.073
30
0
11
487.298
21
84.965
31
0
0
LINE
5
FC5
330
C
100
AcDbEntity
8
0
100
AcDbLine
10
487.298
20
84.965
30
0
11
487.272
21
84.853
31
0
0
LINE
5
FC6
330
C
100
AcDbEntity
8
0
100
AcDbLine
10
487.272
20
84.853
30
0
11
487.25
21
84.737
31
0
0
LINE
5
FC7
330
C
100
AcDbEntity
8
0
100
AcDbLine
10
487.25
20
84.737
30
0
11
487.232
21
84.617
31
0
0
LINE
5
FC8
330
C
100
AcDbEntity
8
0
100
AcDbLine
10
487.232
20
84.617
30
0
11
487.218
21
84.493
31
0
0
LINE
5
FC9
330
C
100
AcDbEntity
8
0
100
AcDbLine
10
487.218
20
84.493
30
0
11
487.208
21
84.366
31
0
0
LINE
5
FCA
330
C
100
AcDbEntity
8
0
100
AcDbLine
10
487.208
20
84.366
30
0
11
487.202
21
84.235
31
0
0
LINE
5
FCB
330
C
100
AcDbEntity
8
0
100
AcDbLine
10
487.202
20
84.235
30
0
11
487.2
21
84.1
31
0
0
LINE
5
FCC
330
C
100
AcDbEntity
8
0
100
AcDbLine
10
487.2
20
84.1
30
0
11
487.2
21
84.1
31
0
0
LINE
5
FCD
330
C
100
AcDbEntity
8
0
100
AcDbLine
10
487.2
20
84.1
30
0
11
487.204
21
83.901
31
0
0
LINE
5
FCE
330
C
100
AcDbEntity
8
0
100
AcDbLine
10
487.204
20
83.901
30
0
11
487.217
21
83.711
31
0
0
LINE
5
FCF
330
C
100
AcDbEntity
8
0
100
AcDbLine
10
487.217
20
83.711
30
0
11
487.239
21
83.53
31
0
0
LINE
5
FD0
330
C
100
AcDbEntity
8
0
100
AcDbLine
10
487.239
20
83.53
30
0
11
487.269
21
83.356
31
0
0
LINE
5
FD1
330
C
100
AcDbEntity
8
0
100
AcDbLine
10
487.269
20
83.356
30
0
11
487.307
21
83.192
31
0
0
LINE
5
FD2
330
C
100
AcDbEntity
8
0
100
AcDbLine
10
487.307
20
83.192
30
0
11
487.354
21
83.035
31
0
0
LINE
5
FD3
330
C
100
AcDbEntity
8
0
100
AcDbLine
10
487.354
20
83.035
30
0
11
487.41
21
82.888
31
0
0
LINE
5
FD4
330
C
100
AcDbEntity
8
0
100
AcDbLine
10
487.41
20
82.888
30
0
11
487.475
21
82.748
31
0
0
LINE
5
FD5
330
C
100
AcDbEntity
8
0
100
AcDbLine
10
487.475
20
82.748
30
0
11
487.547
21
82.617
31
0
0
LINE
5
FD6
330
C
100
AcDbEntity
8
0
100
AcDbLine
10
487.547
20
82.617
30
0
11
487.629
21
82.495
31
0
0
LINE
5
FD7
330
C
100
AcDbEntity
8
0
100
AcDbLine
10
487.629
20
82.495
30
0
11
487.719
21
82.383
31
0
0
LINE
5
FD8
330
C
100
AcDbEntity
8
0
100
AcDbLine
10
487.719
20
82.383
30
0
11
487.817
21
82.282
31
0
0
LINE
5
FD9
330
C
100
AcDbEntity
8
0
100
AcDbLine
10
487.817
20
82.282
30
0
11
487.923
21
82.194
31
0
0
LINE
5
FDA
330
C
100
AcDbEntity
8
0
100
AcDbLine
10
487.923
20
82.194
30
0
11
488.037
21
82.117
31
0
0
LINE
5
FDB
330
C
100
AcDbEntity
8
0
100
AcDbLine
10
488.037
20
82.117
30
0
11
488.159
21
82.052
31
0
0
LINE
5
FDC
330
C
100
AcDbEntity
8
0
100
AcDbLine
10
488.159
20
82.052
30
0
11
488.29
21
81.999
31
0
0
LINE
5
FDD
330
C
100
AcDbEntity
8
0
100
AcDbLine
10
488.29
20
81.999
30
0
11
488.428
21
81.957
31
0
0
LINE
5
FDE
330
C
100
AcDbEntity
8
0
100
AcDbLine
10
488.428
20
81.957
30
0
11
488.575
21
81.928
31
0
0
LINE
5
FDF
330
C
100
AcDbEntity
8
0
100
AcDbLine
10
488.575
20
81.928
30
0
11
488.729
21
81.91
31
0
0
LINE
5
FE0
330
C
100
AcDbEntity
8
0
100
AcDbLine
10
488.729
20
81.91
30
0
11
488.892
21
81.904
31
0
0
LINE
5
FE1
330
C
100
AcDbEntity
8
0
100
AcDbLine
10
488.892
20
81.904
30
0
11
488.892
21
81.904
31
0
0
LINE
5
FE2
330
C
100
AcDbEntity
8
0
100
AcDbLine
10
502.398
20
81.232
30
0
11
501.462
21
81.232
31
0
0
LINE
5
FE3
330
C
100
AcDbEntity
8
0
100
AcDbLine
10
501.462
20
81.232
30
0
11
501.462
21
84.604
31
0
0
LINE
5
FE4
330
C
100
AcDbEntity
8
0
100
AcDbLine
10
501.462
20
84.604
30
0
11
501.458
21
84.764
31
0
0
LINE
5
FE5
330
C
100
AcDbEntity
8
0
100
AcDbLine
10
501.458
20
84.764
30
0
11
501.446
21
84.917
31
0
0
LINE
5
FE6
330
C
100
AcDbEntity
8
0
100
AcDbLine
10
501.446
20
84.917
30
0
11
501.427
21
85.062
31
0
0
LINE
5
FE7
330
C
100
AcDbEntity
8
0
100
AcDbLine
10
501.427
20
85.062
30
0
11
501.399
21
85.199
31
0
0
LINE
5
FE8
330
C
100
AcDbEntity
8
0
100
AcDbLine
10
501.399
20
85.199
30
0
11
501.364
21
85.328
31
0
0
LINE
5
FE9
330
C
100
AcDbEntity
8
0
100
AcDbLine
10
501.364
20
85.328
30
0
11
501.321
21
85.449
31
0
0
LINE
5
FEA
330
C
100
AcDbEntity
8
0
100
AcDbLine
10
501.321
20
85.449
30
0
11
501.269
21
85.562
31
0
0
LINE
5
FEB
330
C
100
AcDbEntity
8
0
100
AcDbLine
10
501.269
20
85.562
30
0
11
501.21
21
85.668
31
0
0
LINE
5
FEC
330
C
100
AcDbEntity
8
0
100
AcDbLine
10
501.21
20
85.668
30
0
11
501.144
21
85.765
31
0
0
LINE
5
FED
330
C
100
AcDbEntity
8
0
100
AcDbLine
10
501.144
20
85.765
30
0
11
501.069
21
85.855
31
0
0
LINE
5
FEE
330
C
100
AcDbEntity
8
0
100
AcDbLine
10
501.069
20
85.855
30
0
11
500.988
21
85.937
31
0
0
LINE
5
FEF
330
C
100
AcDbEntity
8
0
100
AcDbLine
10
500.988
20
85.937
30
0
11
500.901
21
86.009
31
0
0
LINE
5
FF0
330
C
100
AcDbEntity
8
0
100
AcDbLine
10
500.901
20
86.009
30
0
11
500.809
21
86.074
31
0
0
LINE
5
FF1
330
C
100
AcDbEntity
8
0
100
AcDbLine
10
500.809
20
86.074
30
0
11
500.711
21
86.13
31
0
0
LINE
5
FF2
330
C
100
AcDbEntity
8
0
100
AcDbLine
10
500.711
20
86.13
30
0
11
500.608
21
86.177
31
0
0
LINE
5
FF3
330
C
100
AcDbEntity
8
0
100
AcDbLine
10
500.608
20
86.177
30
0
11
500.499
21
86.215
31
0
0
LINE
5
FF4
330
C
100
AcDbEntity
8
0
100
AcDbLine
10
500.499
20
86.215
30
0
11
500.385
21
86.245
31
0
0
LINE
5
FF5
330
C
100
AcDbEntity
8
0
100
AcDbLine
10
500.385
20
86.245
30
0
11
500.265
21
86.267
31
0
0
LINE
5
FF6
330
C
100
AcDbEntity
8
0
100
AcDbLine
10
500.265
20
86.267
30
0
11
500.14
21
86.28
31
0
0
LINE
5
FF7
330
C
100
AcDbEntity
8
0
100
AcDbLine
10
500.14
20
86.28
30
0
11
500.01
21
86.284
31
0
0
LINE
5
FF8
330
C
100
AcDbEntity
8
0
100
AcDbLine
10
500.01
20
86.284
30
0
11
500.01
21
86.284
31
0
0
LINE
5
FF9
330
C
100
AcDbEntity
8
0
100
AcDbLine
10
500.01
20
86.284
30
0
11
499.858
21
86.278
31
0
0
LINE
5
FFA
330
C
100
AcDbEntity
8
0
100
AcDbLine
10
499.858
20
86.278
30
0
11
499.713
21
86.26
31
0
0
LINE
5
FFB
330
C
100
AcDbEntity
8
0
100
AcDbLine
10
499.713
20
86.26
30
0
11
499.575
21
86.23
31
0
0
LINE
5
FFC
330
C
100
AcDbEntity
8
0
100
AcDbLine
10
499.575
20
86.23
30
0
11
499.445
21
86.188
31
0
0
LINE
5
FFD
330
C
100
AcDbEntity
8
0
100
AcDbLine
10
499.445
20
86.188
30
0
11
499.322
21
86.133
31
0
0
LINE
5
FFE
330
C
100
AcDbEntity
8
0
100
AcDbLine
10
499.322
20
86.133
30
0
11
499.206
21
86.067
31
0
0
LINE
5
FFF
330
C
100
AcDbEntity
8
0
100
AcDbLine
10
499.206
20
86.067
30
0
11
499.097
21
85.989
31
0
0
LINE
5
1000
330
C
100
AcDbEntity
8
0
100
AcDbLine
10
499.097
20
85.989
30
0
11
498.996
21
85.898
31
0
0
LINE
5
1001
330
C
100
AcDbEntity
8
0
100
AcDbLine
10
498.996
20
85.898
30
0
11
498.902
21
85.796
31
0
0
LINE
5
1002
330
C
100
AcDbEntity
8
0
100
AcDbLine
10
498.902
20
85.796
30
0
11
498.816
21
85.681
31
0
0
LINE
5
1003
330
C
100
AcDbEntity
8
0
100
AcDbLine
10
498.816
20
85.681
30
0
11
498.737
21
85.556
31
0
0
LINE
5
1004
330
C
100
AcDbEntity
8
0
100
AcDbLine
10
498.737
20
85.556
30
0
11
498.667
21
85.421
31
0
0
LINE
5
1005
330
C
100
AcDbEntity
8
0
100
AcDbLine
10
498.667
20
85.421
30
0
11
498.605
21
85.278
31
0
0
LINE
5
1006
330
C
100
AcDbEntity
8
0
100
AcDbLine
10
498.605
20
85.278
30
0
11
498.551
21
85.125
31
0
0
LINE
5
1007
330
C
100
AcDbEntity
8
0
100
AcDbLine
10
498.551
20
85.125
30
0
11
498.505
21
84.963
31
0
0
LINE
5
1008
330
C
100
AcDbEntity
8
0
100
AcDbLine
10
498.505
20
84.963
30
0
11
498.468
21
84.792
31
0
0
LINE
5
1009
330
C
100
AcDbEntity
8
0
100
AcDbLine
10
498.468
20
84.792
30
0
11
498.439
21
84.612
31
0
0
LINE
5
100A
330
C
100
AcDbEntity
8
0
100
AcDbLine
10
498.439
20
84.612
30
0
11
498.419
21
84.422
31
0
0
LINE
5
100B
330
C
100
AcDbEntity
8
0
100
AcDbLine
10
498.419
20
84.422
30
0
11
498.406
21
84.224
31
0
0
LINE
5
100C
330
C
100
AcDbEntity
8
0
100
AcDbLine
10
498.406
20
84.224
30
0
11
498.402
21
84.016
31
0
0
LINE
5
100D
330
C
100
AcDbEntity
8
0
100
AcDbLine
10
498.402
20
84.016
30
0
11
498.402
21
84.016
31
0
0
LINE
5
100E
330
C
100
AcDbEntity
8
0
100
AcDbLine
10
498.402
20
84.016
30
0
11
497.97
21
84.016
31
0
0
LINE
5
100F
330
C
100
AcDbEntity
8
0
100
AcDbLine
10
497.97
20
84.016
30
0
11
497.972
21
84.169
31
0
0
LINE
5
1010
330
C
100
AcDbEntity
8
0
100
AcDbLine
10
497.972
20
84.169
30
0
11
497.976
21
84.318
31
0
0
LINE
5
1011
330
C
100
AcDbEntity
8
0
100
AcDbLine
10
497.976
20
84.318
30
0
11
497.984
21
84.463
31
0
0
LINE
5
1012
330
C
100
AcDbEntity
8
0
100
AcDbLine
10
497.984
20
84.463
30
0
11
497.994
21
84.604
31
0
0
LINE
5
1013
330
C
100
AcDbEntity
8
0
100
AcDbLine
10
497.994
20
84.604
30
0
11
498.008
21
84.742
31
0
0
LINE
5
1014
330
C
100
AcDbEntity
8
0
100
AcDbLine
10
498.008
20
84.742
30
0
11
498.025
21
84.876
31
0
0
LINE
5
1015
330
C
100
AcDbEntity
8
0
100
AcDbLine
10
498.025
20
84.876
30
0
11
498.045
21
85.006
31
0
0
LINE
5
1016
330
C
100
AcDbEntity
8
0
100
AcDbLine
10
498.045
20
85.006
30
0
11
498.068
21
85.132
31
0
0
LINE
5
1017
330
C
100
AcDbEntity
8
0
100
AcDbLine
10
498.068
20
85.132
30
0
11
498.094
21
85.254
31
0
0
LINE
5
1018
330
C
100
AcDbEntity
8
0
100
AcDbLine
10
498.094
20
85.254
30
0
11
498.123
21
85.372
31
0
0
LINE
5
1019
330
C
100
AcDbEntity
8
0
100
AcDbLine
10
498.123
20
85.372
30
0
11
498.155
21
85.486
31
0
0
LINE
5
101A
330
C
100
AcDbEntity
8
0
100
AcDbLine
10
498.155
20
85.486
30
0
11
498.19
21
85.597
31
0
0
LINE
5
101B
330
C
100
AcDbEntity
8
0
100
AcDbLine
10
498.19
20
85.597
30
0
11
498.227
21
85.704
31
0
0
LINE
5
101C
330
C
100
AcDbEntity
8
0
100
AcDbLine
10
498.227
20
85.704
30
0
11
498.268
21
85.806
31
0
0
LINE
5
101D
330
C
100
AcDbEntity
8
0
100
AcDbLine
10
498.268
20
85.806
30
0
11
498.311
21
85.905
31
0
0
LINE
5
101E
330
C
100
AcDbEntity
8
0
100
AcDbLine
10
498.311
20
85.905
30
0
11
498.357
21
86
31
0
0
LINE
5
101F
330
C
100
AcDbEntity
8
0
100
AcDbLine
10
498.357
20
86
30
0
11
498.406
21
86.091
31
0
0
LINE
5
1020
330
C
100
AcDbEntity
8
0
100
AcDbLine
10
498.406
20
86.091
30
0
11
498.458
21
86.178
31
0
0
LINE
5
1021
330
C
100
AcDbEntity
8
0
100
AcDbLine
10
498.458
20
86.178
30
0
11
498.513
21
86.262
31
0
0
LINE
5
1022
330
C
100
AcDbEntity
8
0
100
AcDbLine
10
498.513
20
86.262
30
0
11
498.57
21
86.341
31
0
0
LINE
5
1023
330
C
100
AcDbEntity
8
0
100
AcDbLine
10
498.57
20
86.341
30
0
11
498.63
21
86.416
31
0
0
LINE
5
1024
330
C
100
AcDbEntity
8
0
100
AcDbLine
10
498.63
20
86.416
30
0
11
498.693
21
86.488
31
0
0
LINE
5
1025
330
C
100
AcDbEntity
8
0
100
AcDbLine
10
498.693
20
86.488
30
0
11
498.758
21
86.556
31
0
0
LINE
5
1026
330
C
100
AcDbEntity
8
0
100
AcDbLine
10
498.758
20
86.556
30
0
11
498.825
21
86.619
31
0
0
LINE
5
1027
330
C
100
AcDbEntity
8
0
100
AcDbLine
10
498.825
20
86.619
30
0
11
498.895
21
86.679
31
0
0
LINE
5
1028
330
C
100
AcDbEntity
8
0
100
AcDbLine
10
498.895
20
86.679
30
0
11
498.968
21
86.735
31
0
0
LINE
5
1029
330
C
100
AcDbEntity
8
0
100
AcDbLine
10
498.968
20
86.735
30
0
11
499.043
21
86.787
31
0
0
LINE
5
102A
330
C
100
AcDbEntity
8
0
100
AcDbLine
10
499.043
20
86.787
30
0
11
499.121
21
86.835
31
0
0
LINE
5
102B
330
C
100
AcDbEntity
8
0
100
AcDbLine
10
499.121
20
86.835
30
0
11
499.201
21
86.88
31
0
0
LINE
5
102C
330
C
100
AcDbEntity
8
0
100
AcDbLine
10
499.201
20
86.88
30
0
11
499.284
21
86.92
31
0
0
LINE
5
102D
330
C
100
AcDbEntity
8
0
100
AcDbLine
10
499.284
20
86.92
30
0
11
499.369
21
86.956
31
0
0
LINE
5
102E
330
C
100
AcDbEntity
8
0
100
AcDbLine
10
499.369
20
86.956
30
0
11
499.457
21
86.989
31
0
0
LINE
5
102F
330
C
100
AcDbEntity
8
0
100
AcDbLine
10
499.457
20
86.989
30
0
11
499.546
21
87.018
31
0
0
LINE
5
1030
330
C
100
AcDbEntity
8
0
100
AcDbLine
10
499.546
20
87.018
30
0
11
499.638
21
87.043
31
0
0
LINE
5
1031
330
C
100
AcDbEntity
8
0
100
AcDbLine
10
499.638
20
87.043
30
0
11
499.733
21
87.064
31
0
0
LINE
5
1032
330
C
100
AcDbEntity
8
0
100
AcDbLine
10
499.733
20
87.064
30
0
11
499.829
21
87.081
31
0
0
LINE
5
1033
330
C
100
AcDbEntity
8
0
100
AcDbLine
10
499.829
20
87.081
30
0
11
499.928
21
87.095
31
0
0
LINE
5
1034
330
C
100
AcDbEntity
8
0
100
AcDbLine
10
499.928
20
87.095
30
0
11
500.029
21
87.104
31
0
0
LINE
5
1035
330
C
100
AcDbEntity
8
0
100
AcDbLine
10
500.029
20
87.104
30
0
11
500.132
21
87.11
31
0
0
LINE
5
1036
330
C
100
AcDbEntity
8
0
100
AcDbLine
10
500.132
20
87.11
30
0
11
500.238
21
87.112
31
0
0
LINE
5
1037
330
C
100
AcDbEntity
8
0
100
AcDbLine
10
500.238
20
87.112
30
0
11
500.238
21
87.112
31
0
0
LINE
5
1038
330
C
100
AcDbEntity
8
0
100
AcDbLine
10
500.238
20
87.112
30
0
11
500.372
21
87.109
31
0
0
LINE
5
1039
330
C
100
AcDbEntity
8
0
100
AcDbLine
10
500.372
20
87.109
30
0
11
500.501
21
87.1
31
0
0
LINE
5
103A
330
C
100
AcDbEntity
8
0
100
AcDbLine
10
500.501
20
87.1
30
0
11
500.627
21
87.085
31
0
0
LINE
5
103B
330
C
100
AcDbEntity
8
0
100
AcDbLine
10
500.627
20
87.085
30
0
11
500.749
21
87.064
31
0
0
LINE
5
103C
330
C
100
AcDbEntity
8
0
100
AcDbLine
10
500.749
20
87.064
30
0
11
500.867
21
87.036
31
0
0
LINE
5
103D
330
C
100
AcDbEntity
8
0
100
AcDbLine
10
500.867
20
87.036
30
0
11
500.981
21
87.003
31
0
0
LINE
5
103E
330
C
100
AcDbEntity
8
0
100
AcDbLine
10
500.981
20
87.003
30
0
11
501.092
21
86.964
31
0
0
LINE
5
103F
330
C
100
AcDbEntity
8
0
100
AcDbLine
10
501.092
20
86.964
30
0
11
501.198
21
86.918
31
0
0
LINE
5
1040
330
C
100
AcDbEntity
8
0
100
AcDbLine
10
501.198
20
86.918
30
0
11
501.3
21
86.867
31
0
0
LINE
5
1041
330
C
100
AcDbEntity
8
0
100
AcDbLine
10
501.3
20
86.867
30
0
11
501.399
21
86.809
31
0
0
LINE
5
1042
330
C
100
AcDbEntity
8
0
100
AcDbLine
10
501.399
20
86.809
30
0
11
501.493
21
86.746
31
0
0
LINE
5
1043
330
C
100
AcDbEntity
8
0
100
AcDbLine
10
501.493
20
86.746
30
0
11
501.583
21
86.677
31
0
0
LINE
5
1044
330
C
100
AcDbEntity
8
0
100
AcDbLine
10
501.583
20
86.677
30
0
11
501.669
21
86.604
31
0
0
LINE
5
1045
330
C
100
AcDbEntity
8
0
100
AcDbLine
10
501.669
20
86.604
30
0
11
501.749
21
86.525
31
0
0
LINE
5
1046
330
C
100
AcDbEntity
8
0
100
AcDbLine
10
501.749
20
86.525
30
0
11
501.826
21
86.441
31
0
0
LINE
5
1047
330
C
100
AcDbEntity
8
0
100
AcDbLine
10
501.826
20
86.441
30
0
11
501.898
21
86.351
31
0
0
LINE
5
1048
330
C
100
AcDbEntity
8
0
100
AcDbLine
10
501.898
20
86.351
30
0
11
501.965
21
86.257
31
0
0
LINE
5
1049
330
C
100
AcDbEntity
8
0
100
AcDbLine
10
501.965
20
86.257
30
0
11
502.028
21
86.157
31
0
0
LINE
5
104A
330
C
100
AcDbEntity
8
0
100
AcDbLine
10
502.028
20
86.157
30
0
11
502.086
21
86.052
31
0
0
LINE
5
104B
330
C
100
AcDbEntity
8
0
100
AcDbLine
10
502.086
20
86.052
30
0
11
502.14
21
85.942
31
0
0
LINE
5
104C
330
C
100
AcDbEntity
8
0
100
AcDbLine
10
502.14
20
85.942
30
0
11
502.189
21
85.827
31
0
0
LINE
5
104D
330
C
100
AcDbEntity
8
0
100
AcDbLine
10
502.189
20
85.827
30
0
11
502.233
21
85.708
31
0
0
LINE
5
104E
330
C
100
AcDbEntity
8
0
100
AcDbLine
10
502.233
20
85.708
30
0
11
502.272
21
85.585
31
0
0
LINE
5
104F
330
C
100
AcDbEntity
8
0
100
AcDbLine
10
502.272
20
85.585
30
0
11
502.305
21
85.457
31
0
0
LINE
5
1050
330
C
100
AcDbEntity
8
0
100
AcDbLine
10
502.305
20
85.457
30
0
11
502.334
21
85.326
31
0
0
LINE
5
1051
330
C
100
AcDbEntity
8
0
100
AcDbLine
10
502.334
20
85.326
30
0
11
502.357
21
85.19
31
0
0
LINE
5
1052
330
C
100
AcDbEntity
8
0
100
AcDbLine
10
502.357
20
85.19
30
0
11
502.375
21
85.049
31
0
0
LINE
5
1053
330
C
100
AcDbEntity
8
0
100
AcDbLine
10
502.375
20
85.049
30
0
11
502.388
21
84.905
31
0
0
LINE
5
1054
330
C
100
AcDbEntity
8
0
100
AcDbLine
10
502.388
20
84.905
30
0
11
502.395
21
84.757
31
0
0
LINE
5
1055
330
C
100
AcDbEntity
8
0
100
AcDbLine
10
502.395
20
84.757
30
0
11
502.398
21
84.604
31
0
0
LINE
5
1056
330
C
100
AcDbEntity
8
0
100
AcDbLine
10
502.398
20
84.604
30
0
11
502.398
21
84.604
31
0
0
LINE
5
1057
330
C
100
AcDbEntity
8
0
100
AcDbLine
10
502.398
20
84.604
30
0
11
502.398
21
81.232
31
0
0
LINE
5
1058
330
C
100
AcDbEntity
8
0
100
AcDbLine
10
502.398
20
81.232
30
0
11
502.398
21
81.232
31
0
0
LINE
5
1059
330
C
100
AcDbEntity
8
0
100
AcDbLine
10
494.334
20
81.232
30
0
11
493.398
21
81.232
31
0
0
LINE
5
105A
330
C
100
AcDbEntity
8
0
100
AcDbLine
10
493.398
20
81.232
30
0
11
493.398
21
86.968
31
0
0
LINE
5
105B
330
C
100
AcDbEntity
8
0
100
AcDbLine
10
493.398
20
86.968
30
0
11
494.202
21
86.968
31
0
0
LINE
5
105C
330
C
100
AcDbEntity
8
0
100
AcDbLine
10
494.202
20
86.968
30
0
11
494.31
21
85.816
31
0
0
LINE
5
105D
330
C
100
AcDbEntity
8
0
100
AcDbLine
10
494.31
20
85.816
30
0
11
494.366
21
85.938
31
0
0
LINE
5
105E
330
C
100
AcDbEntity
8
0
100
AcDbLine
10
494.366
20
85.938
30
0
11
494.427
21
86.054
31
0
0
LINE
5
105F
330
C
100
AcDbEntity
8
0
100
AcDbLine
10
494.427
20
86.054
30
0
11
494.492
21
86.164
31
0
0
LINE
5
1060
330
C
100
AcDbEntity
8
0
100
AcDbLine
10
494.492
20
86.164
30
0
11
494.561
21
86.269
31
0
0
LINE
5
1061
330
C
100
AcDbEntity
8
0
100
AcDbLine
10
494.561
20
86.269
30
0
11
494.635
21
86.368
31
0
0
LINE
5
1062
330
C
100
AcDbEntity
8
0
100
AcDbLine
10
494.635
20
86.368
30
0
11
494.713
21
86.461
31
0
0
LINE
5
1063
330
C
100
AcDbEntity
8
0
100
AcDbLine
10
494.713
20
86.461
30
0
11
494.795
21
86.548
31
0
0
LINE
5
1064
330
C
100
AcDbEntity
8
0
100
AcDbLine
10
494.795
20
86.548
30
0
11
494.882
21
86.63
31
0
0
LINE
5
1065
330
C
100
AcDbEntity
8
0
100
AcDbLine
10
494.882
20
86.63
30
0
11
494.973
21
86.706
31
0
0
LINE
5
1066
330
C
100
AcDbEntity
8
0
100
AcDbLine
10
494.973
20
86.706
30
0
11
495.069
21
86.776
31
0
0
LINE
5
1067
330
C
100
AcDbEntity
8
0
100
AcDbLine
10
495.069
20
86.776
30
0
11
495.169
21
86.84
31
0
0
LINE
5
1068
330
C
100
AcDbEntity
8
0
100
AcDbLine
10
495.169
20
86.84
30
0
11
495.272
21
86.897
31
0
0
LINE
5
1069
330
C
100
AcDbEntity
8
0
100
AcDbLine
10
495.272
20
86.897
30
0
11
495.38
21
86.947
31
0
0
LINE
5
106A
330
C
100
AcDbEntity
8
0
100
AcDbLine
10
495.38
20
86.947
30
0
11
495.491
21
86.991
31
0
0
LINE
5
106B
330
C
100
AcDbEntity
8
0
100
AcDbLine
10
495.491
20
86.991
30
0
11
495.607
21
87.028
31
0
0
LINE
5
106C
330
C
100
AcDbEntity
8
0
100
AcDbLine
10
495.607
20
87.028
30
0
11
495.726
21
87.058
31
0
0
LINE
5
106D
330
C
100
AcDbEntity
8
0
100
AcDbLine
10
495.726
20
87.058
30
0
11
495.849
21
87.082
31
0
0
LINE
5
106E
330
C
100
AcDbEntity
8
0
100
AcDbLine
10
495.849
20
87.082
30
0
11
495.976
21
87.099
31
0
0
LINE
5
106F
330
C
100
AcDbEntity
8
0
100
AcDbLine
10
495.976
20
87.099
30
0
11
496.107
21
87.109
31
0
0
LINE
5
1070
330
C
100
AcDbEntity
8
0
100
AcDbLine
10
496.107
20
87.109
30
0
11
496.242
21
87.112
31
0
0
LINE
5
1071
330
C
100
AcDbEntity
8
0
100
AcDbLine
10
496.242
20
87.112
30
0
11
496.242
21
87.112
31
0
0
LINE
5
1072
330
C
100
AcDbEntity
8
0
100
AcDbLine
10
496.242
20
87.112
30
0
11
496.376
21
87.109
31
0
0
LINE
5
1073
330
C
100
AcDbEntity
8
0
100
AcDbLine
10
496.376
20
87.109
30
0
11
496.505
21
87.1
31
0
0
LINE
5
1074
330
C
100
AcDbEntity
8
0
100
AcDbLine
10
496.505
20
87.1
30
0
11
496.631
21
87.085
31
0
0
LINE
5
1075
330
C
100
AcDbEntity
8
0
100
AcDbLine
10
496.631
20
87.085
30
0
11
496.753
21
87.064
31
0
0
LINE
5
1076
330
C
100
AcDbEntity
8
0
100
AcDbLine
10
496.753
20
87.064
30
0
11
496.871
21
87.036
31
0
0
LINE
5
1077
330
C
100
AcDbEntity
8
0
100
AcDbLine
10
496.871
20
87.036
30
0
11
496.985
21
87.003
31
0
0
LINE
5
1078
330
C
100
AcDbEntity
8
0
100
AcDbLine
10
496.985
20
87.003
30
0
11
497.096
21
86.964
31
0
0
LINE
5
1079
330
C
100
AcDbEntity
8
0
100
AcDbLine
10
497.096
20
86.964
30
0
11
497.202
21
86.918
31
0
0
LINE
5
107A
330
C
100
AcDbEntity
8
0
100
AcDbLine
10
497.202
20
86.918
30
0
11
497.304
21
86.867
31
0
0
LINE
5
107B
330
C
100
AcDbEntity
8
0
100
AcDbLine
10
497.304
20
86.867
30
0
11
497.403
21
86.809
31
0
0
LINE
5
107C
330
C
100
AcDbEntity
8
0
100
AcDbLine
10
497.403
20
86.809
30
0
11
497.497
21
86.746
31
0
0
LINE
5
107D
330
C
100
AcDbEntity
8
0
100
AcDbLine
10
497.497
20
86.746
30
0
11
497.587
21
86.677
31
0
0
LINE
5
107E
330
C
100
AcDbEntity
8
0
100
AcDbLine
10
497.587
20
86.677
30
0
11
497.673
21
86.604
31
0
0
LINE
5
107F
330
C
100
AcDbEntity
8
0
100
AcDbLine
10
497.673
20
86.604
30
0
11
497.753
21
86.525
31
0
0
LINE
5
1080
330
C
100
AcDbEntity
8
0
100
AcDbLine
10
497.753
20
86.525
30
0
11
497.83
21
86.441
31
0
0
LINE
5
1081
330
C
100
AcDbEntity
8
0
100
AcDbLine
10
497.83
20
86.441
30
0
11
497.902
21
86.351
31
0
0
LINE
5
1082
330
C
100
AcDbEntity
8
0
100
AcDbLine
10
497.902
20
86.351
30
0
11
497.969
21
86.257
31
0
0
LINE
5
1083
330
C
100
AcDbEntity
8
0
100
AcDbLine
10
497.969
20
86.257
30
0
11
498.032
21
86.157
31
0
0
LINE
5
1084
330
C
100
AcDbEntity
8
0
100
AcDbLine
10
498.032
20
86.157
30
0
11
498.09
21
86.052
31
0
0
LINE
5
1085
330
C
100
AcDbEntity
8
0
100
AcDbLine
10
498.09
20
86.052
30
0
11
498.144
21
85.942
31
0
0
LINE
5
1086
330
C
100
AcDbEntity
8
0
100
AcDbLine
10
498.144
20
85.942
30
0
11
498.193
21
85.827
31
0
0
LINE
5
1087
330
C
100
AcDbEntity
8
0
100
AcDbLine
10
498.193
20
85.827
30
0
11
498.237
21
85.708
31
0
0
LINE
5
1088
330
C
100
AcDbEntity
8
0
100
AcDbLine
10
498.237
20
85.708
30
0
11
498.276
21
85.585
31
0
0
LINE
5
1089
330
C
100
AcDbEntity
8
0
100
AcDbLine
10
498.276
20
85.585
30
0
11
498.309
21
85.457
31
0
0
LINE
5
108A
330
C
100
AcDbEntity
8
0
100
AcDbLine
10
498.309
20
85.457
30
0
11
498.337
21
85.326
31
0
0
LINE
5
108B
330
C
100
AcDbEntity
8
0
100
AcDbLine
10
498.337
20
85.326
30
0
11
498.361
21
85.19
31
0
0
LINE
5
108C
330
C
100
AcDbEntity
8
0
100
AcDbLine
10
498.361
20
85.19
30
0
11
498.379
21
85.049
31
0
0
LINE
5
108D
330
C
100
AcDbEntity
8
0
100
AcDbLine
10
498.379
20
85.049
30
0
11
498.392
21
84.905
31
0
0
LINE
5
108E
330
C
100
AcDbEntity
8
0
100
AcDbLine
10
498.392
20
84.905
30
0
11
498.399
21
84.757
31
0
0
LINE
5
108F
330
C
100
AcDbEntity
8
0
100
AcDbLine
10
498.399
20
84.757
30
0
11
498.402
21
84.604
31
0
0
LINE
5
1090
330
C
100
AcDbEntity
8
0
100
AcDbLine
10
498.402
20
84.604
30
0
11
498.402
21
84.604
31
0
0
LINE
5
1091
330
C
100
AcDbEntity
8
0
100
AcDbLine
10
498.402
20
84.604
30
0
11
498.402
21
81.232
31
0
0
LINE
5
1092
330
C
100
AcDbEntity
8
0
100
AcDbLine
10
498.402
20
81.232
30
0
11
497.478
21
81.232
31
0
0
LINE
5
1093
330
C
100
AcDbEntity
8
0
100
AcDbLine
10
497.478
20
81.232
30
0
11
497.478
21
84.604
31
0
0
LINE
5
1094
330
C
100
AcDbEntity
8
0
100
AcDbLine
10
497.478
20
84.604
30
0
11
497.474
21
84.764
31
0
0
LINE
5
1095
330
C
100
AcDbEntity
8
0
100
AcDbLine
10
497.474
20
84.764
30
0
11
497.462
21
84.917
31
0
0
LINE
5
1096
330
C
100
AcDbEntity
8
0
100
AcDbLine
10
497.462
20
84.917
30
0
11
497.443
21
85.062
31
0
0
LINE
5
1097
330
C
100
AcDbEntity
8
0
100
AcDbLine
10
497.443
20
85.062
30
0
11
497.415
21
85.199
31
0
0
LINE
5
1098
330
C
100
AcDbEntity
8
0
100
AcDbLine
10
497.415
20
85.199
30
0
11
497.38
21
85.328
31
0
0
LINE
5
1099
330
C
100
AcDbEntity
8
0
100
AcDbLine
10
497.38
20
85.328
30
0
11
497.337
21
85.449
31
0
0
LINE
5
109A
330
C
100
AcDbEntity
8
0
100
AcDbLine
10
497.337
20
85.449
30
0
11
497.285
21
85.562
31
0
0
LINE
5
109B
330
C
100
AcDbEntity
8
0
100
AcDbLine
10
497.285
20
85.562
30
0
11
497.226
21
85.668
31
0
0
LINE
5
109C
330
C
100
AcDbEntity
8
0
100
AcDbLine
10
497.226
20
85.668
30
0
11
497.16
21
85.765
31
0
0
LINE
5
109D
330
C
100
AcDbEntity
8
0
100
AcDbLine
10
497.16
20
85.765
30
0
11
497.085
21
85.855
31
0
0
LINE
5
109E
330
C
100
AcDbEntity
8
0
100
AcDbLine
10
497.085
20
85.855
30
0
11
497.004
21
85.937
31
0
0
LINE
5
109F
330
C
100
AcDbEntity
8
0
100
AcDbLine
10
497.004
20
85.937
30
0
11
496.916
21
86.009
31
0
0
LINE
5
10A0
330
C
100
AcDbEntity
8
0
100
AcDbLine
10
496.916
20
86.009
30
0
11
496.824
21
86.074
31
0
0
LINE
5
10A1
330
C
100
AcDbEntity
8
0
100
AcDbLine
10
496.824
20
86.074
30
0
11
496.725
21
86.13
31
0
0
LINE
5
10A2
330
C
100
AcDbEntity
8
0
100
AcDbLine
10
496.725
20
86.13
30
0
11
496.621
21
86.177
31
0
0
LINE
5
10A3
330
C
100
AcDbEntity
8
0
100
AcDbLine
10
496.621
20
86.177
30
0
11
496.511
21
86.215
31
0
0
LINE
5
10A4
330
C
100
AcDbEntity
8
0
100
AcDbLine
10
496.511
20
86.215
30
0
11
496.395
21
86.245
31
0
0
LINE
5
10A5
330
C
100
AcDbEntity
8
0
100
AcDbLine
10
496.395
20
86.245
30
0
11
496.274
21
86.267
31
0
0
LINE
5
10A6
330
C
100
AcDbEntity
8
0
100
AcDbLine
10
496.274
20
86.267
30
0
11
496.147
21
86.28
31
0
0
LINE
5
10A7
330
C
100
AcDbEntity
8
0
100
AcDbLine
10
496.147
20
86.28
30
0
11
496.014
21
86.284
31
0
0
LINE
5
10A8
330
C
100
AcDbEntity
8
0
100
AcDbLine
10
496.014
20
86.284
30
0
11
496.014
21
86.284
31
0
0
LINE
5
10A9
330
C
100
AcDbEntity
8
0
100
AcDbLine
10
496.014
20
86.284
30
0
11
495.912
21
86.281
31
0
0
LINE
5
10AA
330
C
100
AcDbEntity
8
0
100
AcDbLine
10
495.912
20
86.281
30
0
11
495.813
21
86.273
31
0
0
LINE
5
10AB
330
C
100
AcDbEntity
8
0
100
AcDbLine
10
495.813
20
86.273
30
0
11
495.717
21
86.259
31
0
0
LINE
5
10AC
330
C
100
AcDbEntity
8
0
100
AcDbLine
10
495.717
20
86.259
30
0
11
495.623
21
86.239
31
0
0
LINE
5
10AD
330
C
100
AcDbEntity
8
0
100
AcDbLine
10
495.623
20
86.239
30
0
11
495.533
21
86.213
31
0
0
LINE
5
10AE
330
C
100
AcDbEntity
8
0
100
AcDbLine
10
495.533
20
86.213
30
0
11
495.444
21
86.182
31
0
0
LINE
5
10AF
330
C
100
AcDbEntity
8
0
100
AcDbLine
10
495.444
20
86.182
30
0
11
495.359
21
86.146
31
0
0
LINE
5
10B0
330
C
100
AcDbEntity
8
0
100
AcDbLine
10
495.359
20
86.146
30
0
11
495.277
21
86.104
31
0
0
LINE
5
10B1
330
C
100
AcDbEntity
8
0
100
AcDbLine
10
495.277
20
86.104
30
0
11
495.197
21
86.056
31
0
0
LINE
5
10B2
330
C
100
AcDbEntity
8
0
100
AcDbLine
10
495.197
20
86.056
30
0
11
495.12
21
86.002
31
0
0
LINE
5
10B3
330
C
100
AcDbEntity
8
0
100
AcDbLine
10
495.12
20
86.002
30
0
11
495.046
21
85.943
31
0
0
LINE
5
10B4
330
C
100
AcDbEntity
8
0
100
AcDbLine
10
495.046
20
85.943
30
0
11
494.976
21
85.879
31
0
0
LINE
5
10B5
330
C
100
AcDbEntity
8
0
100
AcDbLine
10
494.976
20
85.879
30
0
11
494.909
21
85.811
31
0
0
LINE
5
10B6
330
C
100
AcDbEntity
8
0
100
AcDbLine
10
494.909
20
85.811
30
0
11
494.845
21
85.738
31
0
0
LINE
5
10B7
330
C
100
AcDbEntity
8
0
100
AcDbLine
10
494.845
20
85.738
30
0
11
494.786
21
85.659
31
0
0
LINE
5
10B8
330
C
100
AcDbEntity
8
0
100
AcDbLine
10
494.786
20
85.659
30
0
11
494.729
21
85.576
31
0
0
LINE
5
10B9
330
C
100
AcDbEntity
8
0
100
AcDbLine
10
494.729
20
85.576
30
0
11
494.676
21
85.488
31
0
0
LINE
5
10BA
330
C
100
AcDbEntity
8
0
100
AcDbLine
10
494.676
20
85.488
30
0
11
494.627
21
85.395
31
0
0
LINE
5
10BB
330
C
100
AcDbEntity
8
0
100
AcDbLine
10
494.627
20
85.395
30
0
11
494.581
21
85.298
31
0
0
LINE
5
10BC
330
C
100
AcDbEntity
8
0
100
AcDbLine
10
494.581
20
85.298
30
0
11
494.538
21
85.195
31
0
0
LINE
5
10BD
330
C
100
AcDbEntity
8
0
100
AcDbLine
10
494.538
20
85.195
30
0
11
494.499
21
85.088
31
0
0
LINE
5
10BE
330
C
100
AcDbEntity
8
0
100
AcDbLine
10
494.499
20
85.088
30
0
11
494.465
21
84.977
31
0
0
LINE
5
10BF
330
C
100
AcDbEntity
8
0
100
AcDbLine
10
494.465
20
84.977
30
0
11
494.434
21
84.862
31
0
0
LINE
5
10C0
330
C
100
AcDbEntity
8
0
100
AcDbLine
10
494.434
20
84.862
30
0
11
494.407
21
84.743
31
0
0
LINE
5
10C1
330
C
100
AcDbEntity
8
0
100
AcDbLine
10
494.407
20
84.743
30
0
11
494.385
21
84.62
31
0
0
LINE
5
10C2
330
C
100
AcDbEntity
8
0
100
AcDbLine
10
494.385
20
84.62
30
0
11
494.367
21
84.493
31
0
0
LINE
5
10C3
330
C
100
AcDbEntity
8
0
100
AcDbLine
10
494.367
20
84.493
30
0
11
494.352
21
84.362
31
0
0
LINE
5
10C4
330
C
100
AcDbEntity
8
0
100
AcDbLine
10
494.352
20
84.362
30
0
11
494.342
21
84.226
31
0
0
LINE
5
10C5
330
C
100
AcDbEntity
8
0
100
AcDbLine
10
494.342
20
84.226
30
0
11
494.336
21
84.087
31
0
0
LINE
5
10C6
330
C
100
AcDbEntity
8
0
100
AcDbLine
10
494.336
20
84.087
30
0
11
494.334
21
83.944
31
0
0
LINE
5
10C7
330
C
100
AcDbEntity
8
0
100
AcDbLine
10
494.334
20
83.944
30
0
11
494.334
21
83.944
31
0
0
LINE
5
10C8
330
C
100
AcDbEntity
8
0
100
AcDbLine
10
494.334
20
83.944
30
0
11
494.334
21
81.232
31
0
0
LINE
5
10C9
330
C
100
AcDbEntity
8
0
100
AcDbLine
10
494.334
20
81.232
30
0
11
494.334
21
81.232
31
0
0
ENDSEC
0
SECTION
2
OBJECTS
0
DICTIONARY
5
A
330
0
100
AcDbDictionary
281
1
3
ACAD_GROUP
350
B
0
DICTIONARY
5
B
330
A
100
AcDbDictionary
281
0
0
ENDSEC
0
EOF
999
MAKERCASE_STATE_BEGIN
999
{"mc":1,"gen":"basicBox","sv":2,"store":"basicBoxStore","data":"PU67DsIwDPyXm6MqBQooMwsDEhJsiCEQ01rqS0kKBcS/Y2hhu7Pv9cSVfOCmhpkonJp+XQd2tOIqwDxxYxcLmGk6U3DUfnA6F1wQ50UUki5eCpWN5NmWH8fVlh2JQyFSLwpME62hcO5CbCqYiy0DiYe/PSNXaFqSCdF3gmXF/t7KDxeuc/LiJpfT1no7rBr
999
OO36IZqLVyDcsCfM/sz1Mtkyy32EXqYXRSSblnmpH3p5KCTikSh9fbw==","crc":2384471691}
999
MAKERCASE_STATE_END